comp_a,comp_b,spearman_rho,n
wiki_12mo,wiki_12mo,1.0,764
wiki_12mo,wiki_intl_12mo,0.6235239312158855,764
wiki_12mo,reddit_mentions_12mo,nan,0
wiki_12mo,reddit_upvotes_12mo,nan,0
wiki_12mo,trends_12mo,0.20463419784037334,735
wiki_intl_12mo,wiki_12mo,0.6235239312158856,764
wiki_intl_12mo,wiki_intl_12mo,1.0,764
wiki_intl_12mo,reddit_mentions_12mo,nan,0
wiki_intl_12mo,reddit_upvotes_12mo,nan,0
wiki_intl_12mo,trends_12mo,0.14125907741855498,735
reddit_mentions_12mo,wiki_12mo,nan,0
reddit_mentions_12mo,wiki_intl_12mo,nan,0
reddit_mentions_12mo,reddit_mentions_12mo,nan,0
reddit_mentions_12mo,reddit_upvotes_12mo,nan,0
reddit_mentions_12mo,trends_12mo,nan,0
reddit_upvotes_12mo,wiki_12mo,nan,0
reddit_upvotes_12mo,wiki_intl_12mo,nan,0
reddit_upvotes_12mo,reddit_mentions_12mo,nan,0
reddit_upvotes_12mo,reddit_upvotes_12mo,nan,0
reddit_upvotes_12mo,trends_12mo,nan,0
trends_12mo,wiki_12mo,0.20463419784037334,735
trends_12mo,wiki_intl_12mo,0.14125907741855498,735
trends_12mo,reddit_mentions_12mo,nan,0
trends_12mo,reddit_upvotes_12mo,nan,0
trends_12mo,trends_12mo,1.0,745
