team_code,team_full_name,subreddit,subreddit_subscribers,wiki_article,redirect_titles,wiki_12mo,wiki_12mo_canonical,redirect_share,window_start,window_end,fetch_date
ANA,Anaheim Ducks,anaheimducks,,Anaheim Ducks,Anaheim Mighty Ducks|Anaheim ducks|Ducks of Anaheim|List of Anaheim Mighty Ducks captains|List of anaheim ducks captains|Mighty Ducks Third Jersey|Mighty Ducks of Anaheim|Mighty ducks of anaheim|The Anaheim Ducks|The Mighty Ducks of Anaheim|Wild Wing (mascot),646304,617383,0.0447,20250418,20260417,2026-07-15T19:05:40+00:00
BOS,Boston Bruins,BostonBruins,,Boston Bruins,BOS Bruins|Big Bad Bruins|Boston Bruin|Boston Hockey Team|Boston bruins|Bqstqn Bruins|Bruins Third Jersey|List of Boston Bruins captains,580108,573184,0.0119,20250418,20260417,2026-07-15T19:05:40+00:00
BUF,Buffalo Sabres,sabres,,Buffalo Sabres,Buffalo Hockey Team|Buffalo Sabers|Buffalo sabres|Buffalslug|Buffalsug|Buffaslug|List of Buffalo Sabres captains|Sabres Third Jersey|The Buffalo Sabres,429779,419241,0.0245,20250418,20260417,2026-07-15T19:05:40+00:00
CAR,Carolina Hurricanes,canes,,Carolina Hurricanes,"Caniacs|Carolina hurricanes|Charlotte Football Team|Draft:Shock at the Rock|Draft:The Shock At The Rock|Hurricanes, Carolina|List of Carolina Hurricanes captains|Raleigh Hurricanes|Ron the Ref|Shock at the Rock|Storm Squad|The Storm Squad|Whalercanes",526659,522797,0.0073,20250418,20260417,2026-07-15T19:05:40+00:00
CBJ,Columbus Blue Jackets,BlueJackets,,Columbus Blue Jackets,Blue Jackets|Blue Jackets Third Jersey|Blue Jacketw|Columbus Bluejackets|Columbus Hockey Team|Columbus blue jackets|List of Columbus Blue Jackets captains|The Blue Jackets|The Columbus Blue Jackets,416205,412639,0.0086,20250418,20260417,2026-07-15T19:05:40+00:00
CGY,Calgary Flames,CalgaryFlames,,Calgary Flames,C of Red|Calgary Flames (hockey)|Calgary Flames Foundation|Calgary Hockey Team|Calgary flames|Flames Foundation|Flames Third Jersey|Flames.nhl.com|List of Calgary Flames captains,374716,369646,0.0135,20250418,20260417,2026-07-15T19:05:40+00:00
CHI,Chicago Blackhawks,hawks,,Chicago Blackhawks,Black Hawks|Blackhawks|Blackhawks Third Jersey|Chicago Black Hawks|Chicago BlackHawks|Chicago Hawks|Chicago Hockey Team|Chicago blackhawks|List of Chicago Blackhawks captains|MB Ice Arena,539079,510127,0.0537,20250418,20260417,2026-07-15T19:05:40+00:00
COL,Colorado Avalanche,ColoradoAvalanche,,Colorado Avalanche,Avalanche Third Jersey|CO Avalanche|Colorado Avalanche (NHL)|Colorado avalanche|Colorado avalanche hockey|Colorado avelanche|Denver Hockey Team|List of Colorado Avalanche captains|Rocky Mountain Extreme,595639,547362,0.0811,20250418,20260417,2026-07-15T19:05:40+00:00
DAL,Dallas Stars,DallasStars,,Dallas Stars,Dallas Hockey Team|Dallas Lone Stars|Dallas stars|List of Dallas Stars captains|Mooterus|Stars Third Jersey|The Dallas Stars|The Mooterus,493112,487788,0.0108,20250418,20260417,2026-07-15T19:05:40+00:00
DET,Detroit Red Wings,DetroitRedWings,,Detroit Red Wings,Al Octopus|DET Red Wings|Detriot Red Wings|Detroit Cougars (NHL)|Detroit Cougars (hockey)|Detroit Falcons (NHL)|Detroit Falcons (hockey)|Detroit Hockey Team|Detroit Redwings|Detroit red wings|List of Detroit Red Wings captains|The Detroit Red Wings,575208,564138,0.0192,20250418,20260417,2026-07-15T19:05:40+00:00
EDM,Edmonton Oilers,EdmontonOilers,,Edmonton Oilers,Alberta Oilers|Edmonton Eulers|Edmonton Hockey Team|Edmonton Oiler|Edmonton Oilers (WHA)|Edmonton oilers|Larry Gordon (ice hockey)|List of Edmonton Oilers captains|Oilers Octane|Oilers Third Jersey|Template:Edmonton Oilers 1983-84 Stanley Cup Champions navbox,924920,911623,0.0144,20250418,20260417,2026-07-15T19:05:40+00:00
FLA,Florida Panthers,FloridaPanthers,,Florida Panthers,FL Panthers|Florida panthers|List of Florida Panthers captains|Miami Hockey Team|Miami Panthers|Panthers Third Jersey|Rory Babich|South Florida Panthers|Sunrise Panthers|The Florida Panthers,1070795,1059904,0.0102,20250418,20260417,2026-07-15T19:05:40+00:00
LA,Los Angeles Kings,losangeleskings,,Los Angeles Kings,Kings Third Jersey|L.A. Kings|LA Kings|La Kings|La kings|List of Los Angeles Kings captains|Los Angeles Hockey Team|Los angeles kings|Los-Angeles Kings,455817,449505,0.0138,20250418,20260417,2026-07-15T19:05:40+00:00
MIN,Minnesota Wild,wildhockey,,Minnesota Wild,List of Minnesota Wild captains|MN Wild|MN wild|Minneapolis Hockey Team|Minnesota Wilds|Minnesota wild|Mn wild|Saint Paul Wild|St Paul Wild|St. Paul Wild|Wild Third Jersey,437886,432757,0.0117,20250418,20260417,2026-07-15T19:05:40+00:00
MON,Montreal Canadiens,Habs,,Montreal Canadiens,"""Montréal Canadiens""|2026-27 Montreal Canadiens season|2026–27 Montreal Canadiens season|Canadians Third Jersey|Canadiens Third Jersey|Canadiens de Montreal|Canadiens de Montréal|Canadiens-de-Montréal|Club Athlétique Canadien|Club de hockey Canadien|Club de hockey Canadien, Inc.|HABS|Habs|Le Club de Hockey Canadien|Le Club de hockey Canadien|Le club de hockey Canadien|Les Canadiens de Montreal|Les Canadiens de Montréal|Les Habs|List of Montreal Canadiens captains|Montreal Canadians|Montreal Canadiens Captains|Montreal Canadiens Centennial|Montreal Canadiens captains|Montreal Hockey Team|Montreal canadian|Montreal canadien|Montreal canadiens|Montreal habs|Montréal Canadiens|Montréal Canadiens Captains|The habs",899998,880763,0.0214,20250418,20260417,2026-07-15T19:05:40+00:00
NAS,Nashville Predators,Predators,,Nashville Predators,Hamilton Predators|List of Nashville Predators captains|Nashville Hockey Team|Nashville Preds|Nashville predators|Predators Third Jersey|Section 303,288851,286558,0.0079,20250418,20260417,2026-07-15T19:05:40+00:00
NJ,New Jersey Devils,devils,,New Jersey Devils,List of New Jersey Devils captains|NJ Devils|NJDevils|New jersey devils|New-Jersey Devils|Newark Devils|Nj devils|The New Jersey Devils,460740,456542,0.0091,20250418,20260417,2026-07-15T19:05:40+00:00
NYI,New York Islanders,NewYorkIslanders,,New York Islanders,"Brooklyn Islanders|Elmont Islanders|Islanders (NHL)|Islanders (ice hockey)|Islanders Third Jersey|Islanders, New York|List of New York Islanders captains|List of New York Islanders team captains|NY Islanders|NYI|NYI (NHL)|New York Islander|New York Islanders captains|New York Islanders team captains|New york islanders|New york isles|New-York Islanders|Nyi|The Islanders (NHL)|The Islanders (ice hockey)",466004,458705,0.0157,20250418,20260417,2026-07-15T19:05:40+00:00
NYR,New York Rangers,rangers,,New York Rangers,List of New York Rangers captains|List of new york rangers captains|N.Y. Rangers|NY Rangers|NYR|New York Hockey Rangers|New York Ranger|New york rangers|New-York Rangers|Newyork rangers|Newyorkrangers|Ny rangers|Rangers Third Jersey|The New York Rangers|Www.newyorkrangers.com,524809,515819,0.0171,20250418,20260417,2026-07-15T19:05:40+00:00
OTT,Ottawa Senators,OttawaSenators,,Ottawa Senators,Les Senateurs d'Ottawa|Les Sénateurs d'Ottawa|List of Ottawa Senators captains|OTTS|Ottawa Hockey Team|Ottawa Senator|Ottawa Senators Ring of Honour|Ottawa Sens|Ottawa senators|Ottawu Senator|Senateurs d'Ottawa|Senators Third Jersey|Sénateurs d'Ottawa|The Sens,420754,415479,0.0125,20250418,20260417,2026-07-15T19:05:40+00:00
PHI,Philadelphia Flyers,Flyers,,Philadelphia Flyers,Broad Street Bullies|Broadstreet Bullies|Filly flyers|Flyers Third Jersey|History of the Philadelphia Flyers|History of the philadelphia flyers|List of Philadelphia Flyers captains|List of Philadelphia Flyers team captains|Phila Flyers|Philadelfia Flyers|Philadelphia Fliers|Philadelphia Flyers team captains|Philadelphia Hockey Team|Philadelphia flyers|Philadelphia flyers orange crush|Philly flyers|Sam Ciccone|Slapshot (Philadelphia Flyers mascot)|Slapshot (Philadelphia Flyers)|The Broad Street Bullies|The Flyers,378803,372148,0.0176,20250418,20260417,2026-07-15T19:05:40+00:00
PIT,Pittsburgh Penguins,penguins,,Pittsburgh Penguins,Hockeytahn|List of Pittsburgh Penguins captains|PITP|Penguins Third Jersey|Pitts pens|Pittsburg Penguins|Pittsburgh Hockey Team|Pittsburgh Penguin|Pittsburgh Pens|Pittsburgh penguins|The Pittsburgh Penguins,528483,521933,0.0124,20250418,20260417,2026-07-15T19:05:40+00:00
SEA,Seattle Kraken,SeattleKraken,,Seattle Kraken,History of the Seattle Kraken|Kraken Hockey Network|List of Seattle Kraken captains|NHL Seattle|NHL in Seattle|Seattle Cracken|Seattle Hockey Partners|Seattle Hockey Team|Seattle Krakens|Seattle NHL Expansion Team|Seattle NHL team|Seattle kraken|The Seattle Kraken,528244,520664,0.0143,20250418,20260417,2026-07-15T19:05:40+00:00
SJ,San Jose Sharks,SanJoseSharks,,San Jose Sharks,List of San Jose Sharks captains|SJ Sharks|San Jose Hockey Team|San José Sharks|San jose sharks|SanJS|Sharks Third Jersey|Team Teal,481482,476032,0.0113,20250418,20260417,2026-07-15T19:05:40+00:00
STL,St. Louis Blues,stlouisblues,,St. Louis Blues,List of St. Louis Blues captains|Ron Baechle|STL Blues|Saint Louis Blues (hockey)|Saint Louis Blues Hockey|Saint Louis Blues Hockey Club|St Louis Blues|St Louis Blues Hockey|St Louis Blues Hockey Club|St Louis blues|St. Louis Blues (Hockey)|St. Louis Blues (NHL)|St. Louis Blues (hockey)|St. Louis Blues (ice hockey)|St. Louis Blues Hockey|St. Louis Blues Hockey Club|St. Louis Blues National Hockey League|St. Louis Hockey Team|St. Louis blues|St.Louis Blues|The Saint Louis Blues|The St Louis Blues|The St. Louis Blues,391314,382014,0.0238,20250418,20260417,2026-07-15T19:05:40+00:00
TB,Tampa Bay Lightning,TampaBayLightning,,Tampa Bay Lightning,"Lightning Third Jersey|Lightning, Tampa Bay|List of Tampa Bay Lightning captains|TB Lightning|Tampa Bay Bolts|Tampa Bay Hockey Team|Tampa Bay Lightining|Tampa Bay lightning|Tampa Lightning|Tampa bay lightning|Tb lightning",408549,405138,0.0083,20250418,20260417,2026-07-15T19:05:40+00:00
TOR,Toronto Maple Leafs,leafs,,Toronto Maple Leafs,"Leafs|Leafs Nation|List of Toronto Maple Leafs captains|Maple Leafs|Maple Leafs Third Jersey|Maple Leafs, Toronto|Maple leafs|Mapleleafs|The Buds|The leafs|Toranto Maple Leafs|Toronto Hockey Team|Toronto Leafs|Toronto Maple Leaf Hockey Club|Toronto Maple Leafs Roster|Toronto Maple Leaves|Toronto maple leafs|Toronto maples leafs",825289,809525,0.0191,20250418,20260417,2026-07-15T19:05:40+00:00
UTA,Utah Mammoth,utahmammoth,,Utah Mammoth,List of Utah Hockey Club general managers|List of Utah Hockey Club head coaches|List of Utah Mammoth general managers|List of Utah Mammoth head coaches|List of Utah NHL team general managers|List of Utah NHL team head coaches|NHL Utah|NHL in Utah|Salt Lake City Mammoth|Salt Lake City NHL|Salt Lake City NHL team|Tusky|Utah HC|Utah Hockey Club|Utah Mammoths|Utah NHL Team|Utah NHL team|Utah Outlaws|Utah Wasatch|Utah Yeti|Utah mammoth,1368294,1237411,0.0957,20250418,20260417,2026-07-15T19:05:40+00:00
VAN,Vancouver Canucks,canucks,,Vancouver Canucks,Canucks|Canucks Roster|Canucks Third Jersey|Canucks hockey|List of Vancouver Canucks captains|Nucks|Vancouver Canucks (NHL)|Vancouver Canucks captains|Vancouver Hockey Team|Vancouver canucks,497231,490235,0.0141,20250418,20260417,2026-07-15T19:05:40+00:00
VEG,Vegas Golden Knights,goldenknights,,Vegas Golden Knights,2015 Las Vegas NHL bid|Golden Misfits|LV Golden Knights|Las Vegas Black Knights|Las Vegas Desert Knights|Las Vegas Expansion team|Las Vegas Golden Knights|Las Vegas Hockey Team|Las Vegas Knights|Las Vegas NHL Expansion Team|Las Vegas NHL team|Las Vegas National Hockey League team|Las Vegas Silver Knights|Paradise Golden Knights|VGK|Vegas Desert Knights|Vegas Knights,584183,578388,0.0099,20250418,20260417,2026-07-15T19:05:40+00:00
WAS,Washington Capitals,caps,,Washington Capitals,Capitals Third Jersey|List of Washington Capitals captains|List of Washington Capitals team captains|List of captains of the Washington Capitals|Rock the Red|Slapshot (mascot)|Washington Capitals Captains|Washington Capitals team captain|Washington Capitals team captains|Washington Hockey Team|Washington capitals,366943,356675,0.0280,20250418,20260417,2026-07-15T19:05:40+00:00
WPG,Winnipeg Jets,winnipegjets,,Winnipeg Jets,History of the Winnipeg Jets|The Winnipeg Jets|Winnepeg jets|Winni Peg Jets|Winnipeg Hockey Team|Winnipeg Jest|Winnipeg Jet|Winnipeg Jets (2011)|Winnipeg Jets (2011-present)|Winnipeg White Out|Winnipeg jets,650195,642265,0.0122,20250418,20260417,2026-07-15T19:05:40+00:00
