player_id,full_name,nhl_player_id,capwages_nhlid,cap_hit_M,season,cap_quality,cap_note,source_url,fetched_at
1,Chris Kreider,8475184,8475184,6.5000,2025-26,ok,,https://capwages.com/players/chris-kreider,2026-05-27T16:15:20.795074+00:00
2,Leo Carlsson,8484153,8484153,0.9500,2025-26,ok,,https://capwages.com/players/leo-carlsson,2026-05-27T16:15:20.795074+00:00
3,Troy Terry,8478873,8478873,7.0000,2025-26,ok,,https://capwages.com/players/troy-terry,2026-05-27T16:15:20.795074+00:00
4,Jacob Trouba,8476885,8476885,8.0000,2025-26,ok,,https://capwages.com/players/jacob-trouba,2026-05-27T16:15:20.795074+00:00
5,Jackson Lacombe,8481605,8481605,0.9250,2025-26,ok,,https://capwages.com/players/jackson-lacombe,2026-05-27T16:15:20.795074+00:00
6,David Pastrnak,8477956,8477956,11.2500,2025-26,ok,,https://capwages.com/players/david-pastrnak,2026-05-27T16:15:20.795074+00:00
7,Pavel Zacha,8478401,8478401,4.7500,2025-26,ok,,https://capwages.com/players/pavel-zacha,2026-05-27T16:15:20.795074+00:00
8,Marat Khusnutdinov,8482177,8482177,0.9250,2025-26,ok,,https://capwages.com/players/marat-khusnutdinov,2026-05-27T16:15:20.795074+00:00
9,Charlie McAvoy,8479325,8479325,9.5000,2025-26,ok,,https://capwages.com/players/charlie-mcavoy,2026-05-27T16:15:20.795074+00:00
10,Jonathan Aspirot,8481219,8481219,0.7750,2025-26,ok,,https://capwages.com/players/jonathan-aspirot,2026-05-27T16:15:20.795074+00:00
11,Zach Benson,8484145,8484145,0.9500,2025-26,ok,,https://capwages.com/players/zach-benson,2026-05-27T16:15:20.795074+00:00
12,Josh Norris,8480064,8480064,7.9500,2025-26,ok,,https://capwages.com/players/josh-norris,2026-05-27T16:15:20.795074+00:00
13,Tage Thompson,8479420,8479420,7.1429,2025-26,ok,,https://capwages.com/players/tage-thompson,2026-05-27T16:15:20.795074+00:00
14,Rasmus Dahlin,8480839,8480839,11.0000,2025-26,ok,,https://capwages.com/players/rasmus-dahlin,2026-05-27T16:15:20.795074+00:00
15,Mattias Samuelsson,8480807,8480807,4.2857,2025-26,ok,,https://capwages.com/players/mattias-samuelsson,2026-05-27T16:15:20.795074+00:00
16,Mikael Backlund,8474150,8474150,4.5000,2025-26,ok,,https://capwages.com/players/mikael-backlund,2026-05-27T16:15:20.795074+00:00
17,Blake Coleman,8476399,8476399,4.9000,2025-26,ok,,https://capwages.com/players/blake-coleman,2026-05-27T16:15:20.795074+00:00
18,Joel Farabee,8480797,8480797,5.0000,2025-26,ok,,https://capwages.com/players/joel-farabee,2026-05-27T16:15:20.795074+00:00
19,Zach Whitecloud,8480727,8480727,2.7500,2025-26,ok,,https://capwages.com/players/zach-whitecloud,2026-05-27T16:15:20.795074+00:00
20,Zayne Parekh,8484768,8484768,0.9425,2025-26,ok,,https://capwages.com/players/zayne-parekh,2026-05-27T16:15:20.795074+00:00
21,Sebastian Aho,8478427,8478427,9.7500,2025-26,ok,,https://capwages.com/players/sebastian-aho-1,2026-05-27T16:15:20.795074+00:00
22,Andrei Svechnikov,8480830,8480830,7.7500,2025-26,ok,,https://capwages.com/players/andrei-svechnikov,2026-05-27T16:15:20.795074+00:00
23,Seth Jarvis,8482093,8482093,7.4201,2025-26,ok,,https://capwages.com/players/seth-jarvis,2026-05-27T16:15:20.795074+00:00
24,Jaccob Slavin,8476958,8476958,6.3960,2025-26,ok,,https://capwages.com/players/jaccob-slavin,2026-05-27T16:15:20.795074+00:00
25,Jalen Chatfield,8478970,8478970,3.0250,2025-26,ok,,https://capwages.com/players/jalen-chatfield,2026-05-27T16:15:20.795074+00:00
26,Frank Nazar,8483493,8483493,0.9500,2025-26,ok,,https://capwages.com/players/frank-nazar,2026-05-27T16:15:20.795074+00:00
27,Connor Bedard,8484144,8484144,0.9500,2025-26,ok,,https://capwages.com/players/connor-bedard,2026-05-27T16:15:20.795074+00:00
28,Nick Lardis,8484185,8484185,0.8900,2025-26,ok,,https://capwages.com/players/nick-lardis,2026-05-27T16:15:20.795074+00:00
29,Alex Vlasic,8481568,8481568,4.6000,2025-26,ok,,https://capwages.com/players/alex-vlasic,2026-05-27T16:15:20.795074+00:00
30,Louis Crevier,8481806,8481806,0.9000,2025-26,ok,,https://capwages.com/players/louis-crevier,2026-05-27T16:15:20.795074+00:00
31,Nathan MacKinnon,8477492,8477492,12.6000,2025-26,ok,,https://capwages.com/players/nathan-mackinnon,2026-05-27T16:15:20.795074+00:00
32,Gabriel Landeskog,8476455,8476455,7.0000,2025-26,ok,,https://capwages.com/players/gabriel-landeskog,2026-05-27T16:15:20.795074+00:00
33,Artturi Lehkonen,8477476,8477476,4.5000,2025-26,ok,,https://capwages.com/players/artturi-lehkonen,2026-05-27T16:15:20.795074+00:00
34,Cale Makar,8480069,8480069,9.0000,2025-26,ok,,https://capwages.com/players/cale-makar,2026-05-27T16:15:20.795074+00:00
35,Devon Toews,8478038,8478038,7.2500,2025-26,ok,,https://capwages.com/players/devon-toews,2026-05-27T16:15:20.795074+00:00
36,Kirill Marchenko,8480893,8480893,3.8500,2025-26,ok,,https://capwages.com/players/kirill-marchenko,2026-05-27T16:15:20.795074+00:00
37,Adam Fantilli,8484166,8484166,0.9500,2025-26,ok,,https://capwages.com/players/adam-fantilli,2026-05-27T16:15:20.795074+00:00
38,Isac Lundestrom,8480806,8480806,1.3000,2025-26,ok,,https://capwages.com/players/isac-lundestrom,2026-05-27T16:15:20.795074+00:00
39,Zach Werenski,8478460,8478460,9.5833,2025-26,ok,,https://capwages.com/players/zach-werenski,2026-05-27T16:15:20.795074+00:00
40,Dante Fabbro,8479371,8479371,4.1250,2025-26,ok,,https://capwages.com/players/dante-fabbro,2026-05-27T16:15:20.795074+00:00
41,Jason Robertson,8480027,8480027,7.7500,2025-26,ok,,https://capwages.com/players/jason-robertson,2026-05-27T16:15:20.795074+00:00
42,Wyatt Johnston,8482740,8482740,8.4000,2025-26,ok,,https://capwages.com/players/wyatt-johnston,2026-05-27T16:15:20.795074+00:00
43,Mavrik Bourque,8482145,8482145,0.9500,2025-26,ok,,https://capwages.com/players/mavrik-bourque,2026-05-27T16:15:20.795074+00:00
44,Miro Heiskanen,8480036,8480036,8.4500,2025-26,ok,,https://capwages.com/players/miro-heiskanen,2026-05-27T16:15:20.795074+00:00
45,Thomas Harley,8481581,8481581,4.0000,2025-26,ok,,https://capwages.com/players/thomas-harley,2026-05-27T16:15:20.795074+00:00
46,Carter Mazur,8482802,8482802,0.9058,2025-26,ok,,https://capwages.com/players/carter-mazur,2026-05-27T16:15:20.795074+00:00
47,Emmitt Finnie,8484471,8484471,0.8717,2025-26,ok,,https://capwages.com/players/emmitt-finnie,2026-05-27T16:15:20.795074+00:00
48,Lucas Raymond,8482078,8482078,8.0750,2025-26,ok,,https://capwages.com/players/lucas-raymond,2026-05-27T16:15:20.795074+00:00
49,Simon Edvinsson,8482762,8482762,0.8942,2025-26,ok,,https://capwages.com/players/simon-edvinsson,2026-05-27T16:15:20.795074+00:00
50,Moritz Seider,8481542,8481542,8.5500,2025-26,ok,,https://capwages.com/players/moritz-seider,2026-05-27T16:15:20.795074+00:00
51,Leon Draisaitl,8477934,8477934,14.0000,2025-26,ok,,https://capwages.com/players/leon-draisaitl,2026-05-27T16:15:20.795074+00:00
52,Connor McDavid,8478402,8478402,12.5000,2025-26,ok,,https://capwages.com/players/connor-mcdavid,2026-05-27T16:15:20.795074+00:00
53,Kasperi Kapanen,8477953,8477953,1.3000,2025-26,ok,,https://capwages.com/players/kasperi-kapanen,2026-05-27T16:15:20.795074+00:00
54,Mattias Ekholm,8475218,8475218,6.2500,2025-26,ok,,https://capwages.com/players/mattias-ekholm,2026-05-27T16:15:20.795074+00:00
55,Evan Bouchard,8480803,8480803,10.5000,2025-26,ok,,https://capwages.com/players/evan-bouchard,2026-05-27T16:15:20.795074+00:00
56,Matthew Tkachuk,8479314,8479314,9.5000,2025-26,ok,,https://capwages.com/players/matthew-tkachuk,2026-05-27T16:15:20.795074+00:00
57,Luke Kunin,8479316,8479316,0.7750,2025-26,ok,,https://capwages.com/players/luke-kunin,2026-05-27T16:15:20.795074+00:00
58,Cole Reinhardt,8481133,8481133,0.8125,2025-26,ok,,https://capwages.com/players/cole-reinhardt,2026-05-27T16:15:20.795074+00:00
59,Donovan Sebrango,8482131,8482131,0.7750,2025-26,ok,,https://capwages.com/players/donovan-sebrango,2026-05-27T16:15:20.795074+00:00
60,Michael Benning,,,,2025-26,low,http 404,https://capwages.com/players/michael-benning,2026-05-27T16:15:20.795074+00:00
61,Artemi Panarin,8478550,8478550,11.6429,2025-26,ok,,https://capwages.com/players/artemi-panarin,2026-05-27T16:15:20.795074+00:00
62,Anze Kopitar,8471685,8471685,7.0000,2025-26,ok,,https://capwages.com/players/anze-kopitar,2026-05-27T16:15:20.795074+00:00
63,Adrian Kempe,8477960,8477960,5.5000,2025-26,ok,,https://capwages.com/players/adrian-kempe,2026-05-27T16:15:20.795074+00:00
64,Drew Doughty,8474563,8474563,11.0000,2025-26,ok,,https://capwages.com/players/drew-doughty,2026-05-27T16:15:20.795074+00:00
65,Mikey Anderson,8479998,8479998,4.1250,2025-26,ok,,https://capwages.com/players/mikey-anderson,2026-05-27T16:15:20.795074+00:00
66,Mats Zuccarello,8475692,8475692,4.1250,2025-26,ok,,https://capwages.com/players/mats-zuccarello,2026-05-27T16:15:20.795074+00:00
67,Ryan Hartman,8477451,8477451,4.0000,2025-26,ok,,https://capwages.com/players/ryan-hartman,2026-05-27T16:15:20.795074+00:00
68,Kirill Kaprizov,8478864,8478864,9.0000,2025-26,ok,,https://capwages.com/players/kirill-kaprizov,2026-05-27T16:15:20.795074+00:00
69,Quinn Hughes,8480800,8480800,7.8500,2025-26,ok,,https://capwages.com/players/quinn-hughes,2026-05-27T16:15:20.795074+00:00
70,Brock Faber,8482122,8482122,8.5000,2025-26,ok,,https://capwages.com/players/brock-faber,2026-05-27T16:15:20.795074+00:00
71,Cole Caufield,8481540,8481540,7.8500,2025-26,ok,,https://capwages.com/players/cole-caufield,2026-05-27T16:15:20.795074+00:00
72,Nick Suzuki,8480018,8480018,7.8750,2025-26,ok,,https://capwages.com/players/nick-suzuki,2026-05-27T16:15:20.795074+00:00
73,Juraj Slafkovsky,8483515,8483515,7.6000,2025-26,ok,,https://capwages.com/players/juraj-slafkovsky,2026-05-27T16:15:20.795074+00:00
74,Mike Matheson,8476875,8476875,4.8750,2025-26,ok,,https://capwages.com/players/mike-matheson,2026-05-27T16:15:20.795074+00:00
75,Noah Dobson,8480865,8480865,9.5000,2025-26,ok,,https://capwages.com/players/noah-dobson,2026-05-27T16:15:20.795074+00:00
76,Steven Stamkos,8474564,8474564,8.0000,2025-26,ok,,https://capwages.com/players/steven-stamkos,2026-05-27T16:15:20.795074+00:00
77,Ryan O'Reilly,8475158,8475158,4.5000,2025-26,ok,,https://capwages.com/players/ryan-o-reilly,2026-05-27T16:15:20.795074+00:00
78,Cole O'Hara,8483696,8483696,0.8975,2025-26,ok,,https://capwages.com/players/cole-o-hara,2026-05-27T16:15:20.795074+00:00
79,Brady Skjei,8476869,8476869,7.0000,2025-26,ok,,https://capwages.com/players/brady-skjei,2026-05-27T16:15:20.795074+00:00
80,Nick Perbix,8480246,8480246,2.7500,2025-26,ok,,https://capwages.com/players/nick-perbix,2026-05-27T16:15:20.795074+00:00
81,Timo Meier,8478414,8478414,8.8000,2025-26,ok,,https://capwages.com/players/timo-meier,2026-05-27T16:15:20.795074+00:00
82,Nico Hischier,8480002,8480002,7.2500,2025-26,ok,,https://capwages.com/players/nico-hischier,2026-05-27T16:15:20.795074+00:00
83,Dawson Mercer,8482110,8482110,4.0000,2025-26,ok,,https://capwages.com/players/dawson-mercer,2026-05-27T16:15:20.795074+00:00
84,Dougie Hamilton,8476462,8476462,9.0000,2025-26,ok,,https://capwages.com/players/dougie-hamilton,2026-05-27T16:15:20.795074+00:00
85,Jonas Siegenthaler,8478399,8478399,3.4000,2025-26,ok,,https://capwages.com/players/jonas-siegenthaler,2026-05-27T16:15:20.795074+00:00
86,Bo Horvat,8477500,8477500,8.5000,2025-26,ok,,https://capwages.com/players/bo-horvat,2026-05-27T16:15:20.795074+00:00
87,Simon Holmstrom,8481601,8481601,3.6250,2025-26,ok,,https://capwages.com/players/simon-holmstrom,2026-05-27T16:15:20.795074+00:00
88,Victor Eklund,8485388,8485388,0.9750,2025-26,ok,,https://capwages.com/players/victor-eklund,2026-05-27T16:15:20.795074+00:00
89,Adam Pelech,8476917,8476917,5.7500,2025-26,ok,,https://capwages.com/players/adam-pelech,2026-05-27T16:15:20.795074+00:00
90,Matthew Schaefer,8485366,8485366,0.9750,2025-26,ok,,https://capwages.com/players/matthew-schaefer,2026-05-27T16:15:20.795074+00:00
91,Mika Zibanejad,8476459,8476459,8.5000,2025-26,ok,,https://capwages.com/players/mika-zibanejad,2026-05-27T16:15:20.795074+00:00
92,Gabriel Perreault,8484210,8484210,0.9417,2025-26,ok,,https://capwages.com/players/gabe-perreault,2026-05-27T16:15:20.795074+00:00
93,Alexis Lafrenière,8482109,8482109,7.4500,2025-26,ok,,https://capwages.com/players/alexis-lafreniere,2026-05-27T16:15:20.795074+00:00
94,Adam Fox,8479323,8479323,9.5000,2025-26,ok,,https://capwages.com/players/adam-fox,2026-05-27T16:15:20.795074+00:00
95,Vladislav Gavrikov,8478882,8478882,7.0000,2025-26,ok,,https://capwages.com/players/vladislav-gavrikov,2026-05-27T16:15:20.795074+00:00
96,Warren Foegele,8477998,8477998,3.5000,2025-26,ok,,https://capwages.com/players/warren-foegele,2026-05-27T16:15:20.795074+00:00
97,Tim Stützle,8482116,8482116,8.3500,2025-26,ok,,https://capwages.com/players/tim-stutzle,2026-05-27T16:15:20.795074+00:00
98,Drake Batherson,8480208,8480208,4.9750,2025-26,ok,,https://capwages.com/players/drake-batherson,2026-05-27T16:15:20.795074+00:00
99,Thomas Chabot,8478469,8478469,8.0000,2025-26,ok,,https://capwages.com/players/thomas-chabot,2026-05-27T16:15:20.795074+00:00
100,Jordan Spence,8481606,8481606,1.5000,2025-26,ok,,https://capwages.com/players/jordan-spence,2026-05-27T16:15:20.795074+00:00
101,Travis Konecny,8478439,8478439,8.7500,2025-26,ok,,https://capwages.com/players/travis-konecny,2026-05-27T16:15:20.795074+00:00
102,Christian Dvorak,8477989,8477989,5.4000,2025-26,ok,,https://capwages.com/players/christian-dvorak,2026-05-27T16:15:20.795074+00:00
103,Alex Bump,8483731,8483731,0.9500,2025-26,ok,,https://capwages.com/players/alex-bump,2026-05-27T16:15:20.795074+00:00
104,Travis Sanheim,8477948,8477948,6.2500,2025-26,ok,,https://capwages.com/players/travis-sanheim,2026-05-27T16:15:20.795074+00:00
105,Rasmus Ristolainen,8477499,8477499,5.1000,2025-26,ok,,https://capwages.com/players/rasmus-ristolainen,2026-05-27T16:15:20.795074+00:00
106,Sidney Crosby,8471675,8471675,8.7000,2025-26,ok,,https://capwages.com/players/sidney-crosby,2026-05-27T16:15:20.795074+00:00
107,Bryan Rust,8475810,8475810,5.1250,2025-26,ok,,https://capwages.com/players/bryan-rust,2026-05-27T16:15:20.795074+00:00
108,Rickard Rakell,8476483,8476483,5.0000,2025-26,ok,,https://capwages.com/players/rickard-rakell,2026-05-27T16:15:20.795074+00:00
109,Erik Karlsson,8474578,8474578,11.5000,2025-26,ok,,https://capwages.com/players/erik-karlsson,2026-05-27T16:15:20.795074+00:00
110,Parker Wotherspoon,8478450,8478450,1.0000,2025-26,ok,,https://capwages.com/players/parker-wotherspoon,2026-05-27T16:15:20.795074+00:00
111,Igor Chernyshov,8484994,8484994,0.9342,2025-26,ok,,https://capwages.com/players/igor-chernyshov,2026-05-27T16:15:20.795074+00:00
112,Macklin Celebrini,8484801,8484801,0.9750,2025-26,ok,,https://capwages.com/players/macklin-celebrini,2026-05-27T16:15:20.795074+00:00
113,Will Smith,8484227,8484227,0.9500,2025-26,ok,,https://capwages.com/players/will-smith,2026-05-27T16:15:20.795074+00:00
114,Dmitry Orlov,8475200,8475200,6.5000,2025-26,ok,,https://capwages.com/players/dmitry-orlov,2026-05-27T16:15:20.795074+00:00
115,Shakir Mukhamadullin,8482166,8482166,1.0000,2025-26,ok,,https://capwages.com/players/shakir-mukhamadullin,2026-05-27T16:15:20.795074+00:00
116,Jordan Eberle,8474586,8474586,4.7500,2025-26,ok,,https://capwages.com/players/jordan-eberle,2026-05-27T16:15:20.795074+00:00
117,Bobby McMann,8482259,8482259,1.3500,2025-26,ok,,https://capwages.com/players/bobby-mcmann,2026-05-27T16:15:20.795074+00:00
118,Matty Beniers,8482665,8482665,7.1429,2025-26,ok,,https://capwages.com/players/matty-beniers,2026-05-27T16:15:20.795074+00:00
119,Vince Dunn,8478407,8478407,7.3500,2025-26,ok,,https://capwages.com/players/vince-dunn,2026-05-27T16:15:20.795074+00:00
120,Adam Larsson,8476457,8476457,5.2500,2025-26,ok,,https://capwages.com/players/adam-larsson,2026-05-27T16:15:20.795074+00:00
121,Robert Thomas,8480023,8480023,8.1250,2025-26,ok,,https://capwages.com/players/robert-thomas,2026-05-27T16:15:20.795074+00:00
122,Dylan Holloway,8482077,8482077,2.2905,2025-26,ok,,https://capwages.com/players/dylan-holloway,2026-05-27T16:15:20.795074+00:00
123,Jimmy Snuggerud,8483516,8483516,0.9500,2025-26,ok,,https://capwages.com/players/jimmy-snuggerud,2026-05-27T16:15:20.795074+00:00
124,Philip Broberg,8481598,8481598,4.5809,2025-26,ok,,https://capwages.com/players/philip-broberg,2026-05-27T16:15:20.795074+00:00
125,Logan Mailloux,8482733,8482733,0.8750,2025-26,ok,,https://capwages.com/players/logan-mailloux,2026-05-27T16:15:20.795074+00:00
126,Nikita Kucherov,8476453,8476453,9.5000,2025-26,ok,,https://capwages.com/players/nikita-kucherov,2026-05-27T16:15:20.795074+00:00
127,Anthony Cirelli,8478519,8478519,6.2500,2025-26,ok,,https://capwages.com/players/anthony-cirelli,2026-05-27T16:15:20.795074+00:00
128,Brandon Hagel,8479542,8479542,6.5000,2025-26,ok,,https://capwages.com/players/brandon-hagel,2026-05-27T16:15:20.795074+00:00
129,J.J. Moser,8482655,8482655,3.3750,2025-26,ok,,https://capwages.com/players/j-j-moser,2026-05-27T16:15:20.795074+00:00
130,Darren Raddysh,8478178,8478178,0.9750,2025-26,ok,,https://capwages.com/players/darren-raddysh,2026-05-27T16:15:20.795074+00:00
131,John Tavares,8475166,8475166,4.3800,2025-26,ok,,https://capwages.com/players/john-tavares,2026-05-27T16:15:20.795074+00:00
132,William Nylander,8477939,8477939,11.5000,2025-26,ok,,https://capwages.com/players/william-nylander,2026-05-27T16:15:20.795074+00:00
133,Easton Cowan,8484158,8484158,0.8762,2025-26,ok,,https://capwages.com/players/easton-cowan,2026-05-27T16:15:20.795074+00:00
134,Morgan Rielly,8476853,8476853,7.5000,2025-26,ok,,https://capwages.com/players/morgan-rielly,2026-05-27T16:15:20.795074+00:00
135,Troy Stecher,8479442,8479442,0.7875,2025-26,ok,,https://capwages.com/players/troy-stecher,2026-05-27T16:15:20.795074+00:00
136,Clayton Keller,8479343,8479343,7.1500,2025-26,ok,,https://capwages.com/players/clayton-keller,2026-05-27T16:15:20.795074+00:00
137,Lawson Crouse,8478474,8478474,4.3000,2025-26,ok,,https://capwages.com/players/lawson-crouse,2026-05-27T16:15:20.795074+00:00
138,Nick Schmaltz,8477951,8477951,5.8500,2025-26,ok,,https://capwages.com/players/nick-schmaltz,2026-05-27T16:15:20.795074+00:00
139,Mikhail Sergachev,8479410,8479410,8.5000,2025-26,ok,,https://capwages.com/players/mikhail-sergachev,2026-05-27T16:15:20.795074+00:00
140,MacKenzie Weegar,8477346,8477346,6.2500,2025-26,ok,,https://capwages.com/players/mackenzie-weegar,2026-05-27T16:15:20.795074+00:00
141,Drew O'Connor,8482055,8482055,2.5000,2025-26,ok,,https://capwages.com/players/drew-o-connor,2026-05-27T16:15:20.795074+00:00
142,Marco Rossi,8482079,8482079,5.0000,2025-26,ok,,https://capwages.com/players/marco-rossi,2026-05-27T16:15:20.795074+00:00
143,Linus Karlsson,8481024,8481024,0.7750,2025-26,ok,,https://capwages.com/players/linus-karlsson,2026-05-27T16:15:20.795074+00:00
144,Filip Hronek,8479425,8479425,7.2500,2025-26,ok,,https://capwages.com/players/filip-hronek,2026-05-27T16:15:20.795074+00:00
145,Zeev Buium,8484798,8484798,0.9665,2025-26,ok,,https://capwages.com/players/zeev-buium,2026-05-27T16:15:20.795074+00:00
146,Jack Eichel,8478403,8478403,10.0000,2025-26,ok,,https://capwages.com/players/jack-eichel,2026-05-27T16:15:20.795074+00:00
147,Ivan Barbashev,8477964,8477964,5.0000,2025-26,ok,,https://capwages.com/players/ivan-barbashev,2026-05-27T16:15:20.795074+00:00
148,Pavel Dorofeyev,8481604,8481604,1.8350,2025-26,ok,,https://capwages.com/players/pavel-dorofeyev,2026-05-27T16:15:20.795074+00:00
149,Shea Theodore,8477447,8477447,7.4250,2025-26,ok,,https://capwages.com/players/shea-theodore,2026-05-27T16:15:20.795074+00:00
150,Brayden McNabb,8475188,8475188,3.6500,2025-26,ok,,https://capwages.com/players/brayden-mcnabb,2026-05-27T16:15:20.795074+00:00
151,Alex Ovechkin,8471214,8471214,9.5000,2025-26,ok,,https://capwages.com/players/alex-ovechkin,2026-05-27T16:15:20.795074+00:00
152,Dylan Strome,8478440,8478440,5.0000,2025-26,ok,,https://capwages.com/players/dylan-strome,2026-05-27T16:15:20.795074+00:00
153,Anthony Beauvillier,8478463,8478463,2.7500,2025-26,ok,,https://capwages.com/players/anthony-beauvillier,2026-05-27T16:15:20.795074+00:00
154,Martin Fehervary,8480796,8480796,2.6750,2025-26,ok,,https://capwages.com/players/martin-fehervary,2026-05-27T16:15:20.795074+00:00
155,Dylan McIlrath,8475795,8475795,0.8250,2025-26,ok,,https://capwages.com/players/dylan-mcilrath,2026-05-27T16:15:20.795074+00:00
156,Kyle Connor,8478398,8478398,7.1429,2025-26,ok,,https://capwages.com/players/kyle-connor,2026-05-27T16:15:20.795074+00:00
157,Mark Scheifele,8476460,8476460,8.5000,2025-26,ok,,https://capwages.com/players/mark-scheifele,2026-05-27T16:15:20.795074+00:00
158,Gabriel Vilardi,8480014,8480014,7.5000,2025-26,ok,,https://capwages.com/players/gabriel-vilardi,2026-05-27T16:15:20.795074+00:00
159,Josh Morrissey,8477504,8477504,6.2500,2025-26,ok,,https://capwages.com/players/josh-morrissey,2026-05-27T16:15:20.795074+00:00
160,Dylan DeMelo,8476331,8476331,4.9000,2025-26,ok,,https://capwages.com/players/dylan-demelo,2026-05-27T16:15:20.795074+00:00
