player_id,full_name,subreddits,reddit_mentions_12mo,reddit_upvotes_12mo,unique_authors,reddit_capped,reddit_status,fetch_date
1,Chris Kreider,hockey|anaheimducks,451,39628,105,false,ok,2026-05-27
2,Leo Carlsson,hockey|anaheimducks,499,49855,122,false,ok,2026-05-27
3,Troy Terry,hockey|anaheimducks,456,40915,111,false,ok,2026-05-27
4,Jacob Trouba,hockey|anaheimducks,401,27364,84,false,ok,2026-05-27
5,Jackson Lacombe,hockey|anaheimducks,433,39644,111,false,ok,2026-05-27
6,David Pastrnak,hockey|BostonBruins,305,41751,100,false,ok,2026-05-27
7,Pavel Zacha,hockey|BostonBruins,202,14236,49,false,ok,2026-05-27
8,Marat Khusnutdinov,hockey|BostonBruins,120,5425,28,false,ok,2026-05-27
9,Charlie McAvoy,hockey|BostonBruins,284,83692,104,false,ok,2026-05-27
10,Jonathan Aspirot,hockey|BostonBruins,91,5123,19,false,ok,2026-05-27
11,Zach Benson,hockey|sabres,422,49597,134,false,ok,2026-05-27
12,Josh Norris,hockey|sabres,178,22158,68,false,ok,2026-05-27
13,Tage Thompson,hockey|sabres,497,78065,161,false,ok,2026-05-27
14,Rasmus Dahlin,hockey|sabres,498,81549,162,false,ok,2026-05-27
15,Mattias Samuelsson,hockey|sabres,390,42761,79,false,ok,2026-05-27
16,Mikael Backlund,hockey|CalgaryFlames,183,11225,70,false,ok,2026-05-27
17,Blake Coleman,hockey|CalgaryFlames,195,10835,63,false,ok,2026-05-27
18,Joel Farabee,hockey|CalgaryFlames,156,5399,41,false,ok,2026-05-27
19,Zach Whitecloud,hockey|CalgaryFlames,127,9329,36,false,ok,2026-05-27
20,Zayne Parekh,hockey|CalgaryFlames,262,24931,127,false,ok,2026-05-27
21,Sebastian Aho,hockey|canes,488,46002,192,false,ok,2026-05-27
22,Andrei Svechnikov,hockey|canes,364,41128,119,false,ok,2026-05-27
23,Seth Jarvis,hockey|canes,496,86965,211,false,ok,2026-05-27
24,Jaccob Slavin,hockey|canes,100,17264,45,false,partial,2026-05-27
25,Jalen Chatfield,hockey|canes,160,12266,61,false,ok,2026-05-27
26,Frank Nazar,hockey|hawks,378,37514,119,false,ok,2026-05-27
27,Connor Bedard,hockey|hawks,494,96087,194,false,ok,2026-05-27
28,Nick Lardis,hockey|hawks,165,13008,55,false,ok,2026-05-27
29,Alex Vlasic,hockey|hawks,198,16441,68,false,ok,2026-05-27
30,Louis Crevier,hockey|hawks,223,16343,44,false,ok,2026-05-27
31,Nathan MacKinnon,hockey|ColoradoAvalanche,498,120494,172,false,ok,2026-05-27
32,Gabriel Landeskog,hockey|ColoradoAvalanche,425,60238,120,false,ok,2026-05-27
33,Artturi Lehkonen,hockey|ColoradoAvalanche,353,39803,83,false,ok,2026-05-27
34,Cale Makar,hockey|ColoradoAvalanche,495,100642,194,false,ok,2026-05-27
35,Devon Toews,hockey|ColoradoAvalanche,439,67520,123,false,ok,2026-05-27
36,Kirill Marchenko,hockey|BlueJackets,388,19439,91,false,ok,2026-05-27
37,Adam Fantilli,hockey|BlueJackets,371,16091,83,false,ok,2026-05-27
38,Isac Lundestrom,hockey|BlueJackets,115,6875,34,false,ok,2026-05-27
39,Zach Werenski,hockey|BlueJackets,465,45083,144,false,ok,2026-05-27
40,Dante Fabbro,hockey|BlueJackets,193,8464,40,false,ok,2026-05-27
41,Jason Robertson,hockey|DallasStars,499,59954,137,false,ok,2026-05-27
42,Wyatt Johnston,hockey|DallasStars,484,99873,133,false,ok,2026-05-27
43,Mavrik Bourque,hockey|DallasStars,339,29107,92,false,ok,2026-05-27
44,Miro Heiskanen,hockey|DallasStars,395,41365,100,false,ok,2026-05-27
45,Thomas Harley,hockey|DallasStars,331,53124,110,false,ok,2026-05-27
46,Carter Mazur,hockey|DetroitRedWings,70,6633,41,false,ok,2026-05-27
47,Emmitt Finnie,hockey|DetroitRedWings,208,26928,65,false,ok,2026-05-27
48,Lucas Raymond,hockey|DetroitRedWings,451,62812,160,false,ok,2026-05-27
49,Simon Edvinsson,hockey|DetroitRedWings,244,27862,85,false,ok,2026-05-27
50,Moritz Seider,hockey|DetroitRedWings,383,65497,152,false,ok,2026-05-27
51,Leon Draisaitl,hockey|EdmontonOilers,493,107217,162,false,ok,2026-05-27
52,Connor McDavid,hockey|EdmontonOilers,499,128425,192,false,ok,2026-05-27
53,Kasperi Kapanen,hockey|EdmontonOilers,385,45579,100,false,ok,2026-05-27
54,Mattias Ekholm,hockey|EdmontonOilers,386,46456,114,false,ok,2026-05-27
55,Evan Bouchard,hockey|EdmontonOilers,496,65545,150,false,ok,2026-05-27
56,Matthew Tkachuk,hockey|FloridaPanthers,497,146914,181,false,ok,2026-05-27
57,Luke Kunin,hockey|FloridaPanthers,97,6832,21,false,ok,2026-05-27
58,Cole Reinhardt,hockey|FloridaPanthers,92,7804,21,false,ok,2026-05-27
59,Donovan Sebrango,hockey|FloridaPanthers,95,4082,24,false,ok,2026-05-27
60,Michael Benning,hockey|FloridaPanthers,294,22786,39,false,ok,2026-05-27
61,Artemi Panarin,hockey|losangeleskings,363,44596,88,false,ok,2026-05-27
62,Anze Kopitar,hockey|losangeleskings,435,91827,145,false,ok,2026-05-27
63,Adrian Kempe,hockey|losangeleskings,447,31614,124,false,ok,2026-05-27
64,Drew Doughty,hockey|losangeleskings,293,39585,111,false,ok,2026-05-27
65,Mikey Anderson,hockey|losangeleskings,325,27018,69,false,ok,2026-05-27
66,Mats Zuccarello,hockey|wildhockey,386,28867,99,false,ok,2026-05-27
67,Ryan Hartman,hockey|wildhockey,407,24816,95,false,ok,2026-05-27
68,Kirill Kaprizov,hockey|wildhockey,499,68083,144,false,ok,2026-05-27
69,Quinn Hughes,hockey|wildhockey,500,98183,177,false,ok,2026-05-27
70,Brock Faber,hockey|wildhockey,165,19141,38,false,partial,2026-05-27
71,Cole Caufield,hockey|Habs,499,132715,187,false,ok,2026-05-27
72,Nick Suzuki,hockey|Habs,498,142770,200,false,ok,2026-05-27
73,Juraj Slafkovsky,hockey|Habs,382,160742,162,false,ok,2026-05-27
74,Mike Matheson,hockey|Habs,413,51877,127,false,ok,2026-05-27
75,Noah Dobson,hockey|Habs,429,51344,152,false,ok,2026-05-27
76,Steven Stamkos,hockey|Predators,499,35325,78,false,ok,2026-05-27
77,Ryan O'Reilly,hockey|Predators,330,20009,47,false,ok,2026-05-27
78,Cole O'Hara,hockey|Predators,28,856,10,false,ok,2026-05-27
79,Brady Skjei,hockey|Predators,358,13264,26,false,ok,2026-05-27
80,Nick Perbix,hockey|Predators,235,5601,23,false,ok,2026-05-27
81,Timo Meier,hockey|devils,405,18648,84,false,ok,2026-05-27
82,Nico Hischier,hockey|devils,462,32761,93,false,ok,2026-05-27
83,Dawson Mercer,hockey|devils,364,16495,88,false,ok,2026-05-27
84,Dougie Hamilton,hockey|devils,428,29865,105,false,ok,2026-05-27
85,Jonas Siegenthaler,hockey|devils,226,13202,41,false,ok,2026-05-27
86,Bo Horvat,hockey|NewYorkIslanders,419,45050,114,false,ok,2026-05-27
87,Simon Holmstrom,hockey|NewYorkIslanders,291,12983,58,false,ok,2026-05-27
88,Victor Eklund,hockey|NewYorkIslanders,246,29813,83,false,ok,2026-05-27
89,Adam Pelech,hockey|NewYorkIslanders,0,0,0,false,ok,2026-05-27
90,Matthew Schaefer,hockey|NewYorkIslanders,248,19508,110,false,ok,2026-05-27
91,Mika Zibanejad,hockey|rangers,450,41901,98,false,ok,2026-05-27
92,Gabriel Perreault,hockey|rangers,228,20705,69,false,ok,2026-05-27
93,Alexis Lafrenière,hockey|rangers,198,8045,25,false,ok,2026-05-27
94,Adam Fox,hockey|rangers,200,52313,48,false,partial,2026-05-27
95,Vladislav Gavrikov,hockey|rangers,151,8577,47,false,partial,2026-05-27
96,Warren Foegele,hockey|OttawaSenators,158,9597,51,false,ok,2026-05-27
97,Tim Stützle,hockey|OttawaSenators,434,25421,47,false,ok,2026-05-27
98,Drake Batherson,hockey|OttawaSenators,466,22598,90,false,ok,2026-05-27
99,Thomas Chabot,hockey|OttawaSenators,363,30249,128,false,ok,2026-05-27
100,Jordan Spence,hockey|OttawaSenators,367,22237,100,false,ok,2026-05-27
101,Travis Konecny,hockey|Flyers,451,33557,92,false,ok,2026-05-27
102,Christian Dvorak,hockey|Flyers,395,21667,80,false,ok,2026-05-27
103,Alex Bump,hockey|Flyers,299,31196,101,false,ok,2026-05-27
104,Travis Sanheim,hockey|Flyers,398,42845,82,false,ok,2026-05-27
105,Rasmus Ristolainen,hockey|Flyers,280,22029,49,false,ok,2026-05-27
106,Sidney Crosby,hockey|penguins,497,236331,222,false,ok,2026-05-27
107,Bryan Rust,hockey|penguins,378,37606,122,false,ok,2026-05-27
108,Rickard Rakell,hockey|penguins,313,28586,108,false,ok,2026-05-27
109,Erik Karlsson,hockey|penguins,456,61698,143,false,ok,2026-05-27
110,Parker Wotherspoon,hockey|penguins,243,21950,52,false,ok,2026-05-27
111,Igor Chernyshov,hockey|SanJoseSharks,227,30450,106,false,ok,2026-05-27
112,Macklin Celebrini,hockey|SanJoseSharks,499,207960,234,false,ok,2026-05-27
113,Will Smith,hockey|SanJoseSharks,498,70274,187,false,ok,2026-05-27
114,Dmitry Orlov,hockey|SanJoseSharks,346,26858,84,false,ok,2026-05-27
115,Shakir Mukhamadullin,hockey|SanJoseSharks,174,15771,54,false,ok,2026-05-27
116,Jordan Eberle,hockey|SeattleKraken,248,13659,50,false,ok,2026-05-27
117,Bobby McMann,hockey|SeattleKraken,190,15036,51,false,ok,2026-05-27
118,Matty Beniers,hockey|SeattleKraken,316,21007,84,false,ok,2026-05-27
119,Vince Dunn,hockey|SeattleKraken,324,20458,64,false,ok,2026-05-27
120,Adam Larsson,hockey|SeattleKraken,347,22685,54,false,ok,2026-05-27
121,Robert Thomas,hockey|stlouisblues,441,50188,129,false,ok,2026-05-27
122,Dylan Holloway,hockey|stlouisblues,282,16588,88,false,ok,2026-05-27
123,Jimmy Snuggerud,hockey|stlouisblues,237,12152,61,false,ok,2026-05-27
124,Philip Broberg,hockey|stlouisblues,247,12542,70,false,ok,2026-05-27
125,Logan Mailloux,hockey|stlouisblues,191,10967,57,false,ok,2026-05-27
126,Nikita Kucherov,hockey|TampaBayLightning,497,72534,164,false,ok,2026-05-27
127,Anthony Cirelli,hockey|TampaBayLightning,320,33528,103,false,ok,2026-05-27
128,Brandon Hagel,hockey|TampaBayLightning,500,93988,158,false,ok,2026-05-27
129,J.J. Moser,hockey|TampaBayLightning,339,24611,95,false,ok,2026-05-27
130,Darren Raddysh,hockey|TampaBayLightning,428,30508,117,false,ok,2026-05-27
131,John Tavares,hockey|leafs,498,57448,166,false,ok,2026-05-27
132,William Nylander,hockey|leafs,347,39308,134,false,ok,2026-05-27
133,Easton Cowan,hockey|leafs,324,40219,96,false,ok,2026-05-27
134,Morgan Rielly,hockey|leafs,293,25349,93,false,ok,2026-05-27
135,Troy Stecher,hockey|leafs,133,12407,38,false,ok,2026-05-27
136,Clayton Keller,hockey|utahmammoth,251,53402,51,false,ok,2026-05-27
137,Lawson Crouse,hockey|utahmammoth,134,5485,18,false,ok,2026-05-27
138,Nick Schmaltz,hockey|utahmammoth,176,15549,36,false,ok,2026-05-27
139,Mikhail Sergachev,hockey|utahmammoth,170,16018,27,false,ok,2026-05-27
140,MacKenzie Weegar,hockey|utahmammoth,119,12748,29,false,ok,2026-05-27
141,Drew O'Connor,hockey|canucks,195,17762,43,false,ok,2026-05-27
142,Marco Rossi,hockey|canucks,107,14640,29,false,partial,2026-05-27
143,Linus Karlsson,hockey|canucks,443,57242,144,false,ok,2026-05-27
144,Filip Hronek,hockey|canucks,396,42085,150,false,ok,2026-05-27
145,Zeev Buium,hockey|canucks,258,43082,117,false,ok,2026-05-27
146,Jack Eichel,hockey|goldenknights,496,39803,121,false,ok,2026-05-27
147,Ivan Barbashev,hockey|goldenknights,357,13965,45,false,ok,2026-05-27
148,Pavel Dorofeyev,hockey|goldenknights,381,19331,65,false,ok,2026-05-27
149,Shea Theodore,hockey|goldenknights,379,40152,85,false,ok,2026-05-27
150,Brayden McNabb,hockey|goldenknights,247,15916,45,false,ok,2026-05-27
151,Alex Ovechkin,hockey|caps,500,107883,192,false,ok,2026-05-27
152,Dylan Strome,hockey|caps,393,35808,94,false,ok,2026-05-27
153,Anthony Beauvillier,hockey|caps,204,6381,40,false,ok,2026-05-27
154,Martin Fehervary,hockey|caps,64,7133,44,false,ok,2026-05-27
155,Dylan McIlrath,hockey|caps,33,1539,17,false,ok,2026-05-27
156,Kyle Connor,hockey|winnipegjets,406,76597,111,false,ok,2026-05-27
157,Mark Scheifele,hockey|winnipegjets,377,38072,92,false,ok,2026-05-27
158,Gabriel Vilardi,hockey|winnipegjets,276,12712,48,false,ok,2026-05-27
159,Josh Morrissey,hockey|winnipegjets,276,30416,61,false,ok,2026-05-27
160,Dylan DeMelo,hockey|winnipegjets,194,9239,26,false,ok,2026-05-27
