player_id,full_name,wikipedia_slug_tried,wikipedia_slug_chosen,wikidata_qid,wiki_match,wiki_12mo,fetch_date,window_start,window_end
1,Leo Carlsson,Leo_Carlsson,Leo_Carlsson,Q115703445,occupation,87703,2026-06-18,20250617,20260617
2,Nathan Gaucher,Nathan_Gaucher,Nathan_Gaucher,Q112967545,occupation,8579,2026-06-18,20250617,20260617
3,Cutter Gauthier,Cutter_Gauthier,Cutter_Gauthier,Q81903054,occupation,183227,2026-06-18,20250617,20260617
4,Mikael Granlund,Mikael_Granlund,Mikael_Granlund,Q520141,occupation,86866,2026-06-18,20250617,20260617
5,Jansen Harkins,Jansen_Harkins,Jansen_Harkins,Q20066440,occupation,13464,2026-06-18,20250617,20260617
6,Ross Johnston,Ross_Johnston,Ross_Johnston,Q24006114,occupation,19435,2026-06-18,20250617,20260617
7,Alex Killorn,Alex_Killorn,Alex_Killorn,Q4719307,occupation,39858,2026-06-18,20250617,20260617
8,Chris Kreider,Chris_Kreider,Chris_Kreider,Q465017,occupation,86285,2026-06-18,20250617,20260617
9,Mason McTavish,Mason_McTavish,Mason_McTavish,Q107684199,occupation,129028,2026-06-18,20250617,20260617
10,Ryan Poehling,Ryan_Poehling,Ryan_Poehling,Q30538929,occupation,63368,2026-06-18,20250617,20260617
11,Beckett Sennecke,Beckett_Sennecke,Beckett_Sennecke,Q126930004,occupation,125461,2026-06-18,20250617,20260617
12,Troy Terry,Troy_Terry,Troy_Terry,Q21600096,occupation,38173,2026-06-18,20250617,20260617
13,Frank Vatrano,Frank_Vatrano,Frank_Vatrano,Q21484331,occupation,24493,2026-06-18,20250617,20260617
14,Jeffrey Viel,Jeffrey_Viel,Jeffrey_Viel,Q106291776,occupation,24292,2026-06-18,20250617,20260617
15,Tim Washe,Tim_Washe,Tim_Washe,Q133885139,occupation,11660,2026-06-18,20250617,20260617
16,John Carlson,John_Carlson,John_Carlson_(ice_hockey),Q1364621,occupation,94108,2026-06-18,20250617,20260617
17,Radko Gudas,Radko_Gudas,Radko_Gudas,Q3501342,occupation,154624,2026-06-18,20250617,20260617
18,Drew Helleson,Drew_Helleson,Drew_Helleson,Q110553837,occupation,12465,2026-06-18,20250617,20260617
19,Tyson Hinds,Tyson_Hinds,,,none,,2026-06-18,20250617,20260617
20,Jackson LaCombe,Jackson_LaCombe,Jackson_LaCombe,Q108556047,occupation,109346,2026-06-18,20250617,20260617
21,Pavel Mintyukov,Pavel_Mintyukov,Pavel_Mintyukov,Q112967556,occupation,19881,2026-06-18,20250617,20260617
22,Ian Moore,Ian_Moore,Ian_Moore_(ice_hockey),Q133869438,occupation,12868,2026-06-18,20250617,20260617
23,Jacob Trouba,Jacob_Trouba,Jacob_Trouba,Q3133586,occupation,71484,2026-06-18,20250617,20260617
24,Olen Zellweger,Olen_Zellweger,Olen_Zellweger,Q124350295,occupation,42815,2026-06-18,20250617,20260617
25,Viktor Arvidsson,Viktor_Arvidsson,Viktor_Arvidsson,Q2645491,occupation,52485,2026-06-18,20250617,20260617
26,Michael Eyssimont,Michael_Eyssimont,Mikey_Eyssimont,Q111588813,occupation,31701,2026-06-18,20250617,20260617
27,Morgan Geekie,Morgan_Geekie,Morgan_Geekie,Q87355712,occupation,133007,2026-06-18,20250617,20260617
28,James Hagens,James_Hagens,James_Hagens,Q124303296,occupation,168155,2026-06-18,20250617,20260617
29,Tanner Jeannot,Tanner_Jeannot,Tanner_Jeannot,Q105741085,occupation,52835,2026-06-18,20250617,20260617
30,Mark Kastelic,Mark_Kastelic,Mark_Kastelic,Q110751049,occupation,34433,2026-06-18,20250617,20260617
31,Marat Khusnutdinov,Marat_Khusnutdinov,Marat_Khusnutdinov,Q100166282,occupation,50026,2026-06-18,20250617,20260617
32,Sean Kuraly,Sean_Kuraly,Sean_Kuraly,Q27702898,occupation,42278,2026-06-18,20250617,20260617
33,Elias Lindholm,Elias_Lindholm,Elias_Lindholm,Q3050933,occupation,56305,2026-06-18,20250617,20260617
34,Fraser Minten,Fraser_Minten,Fraser_Minten,Q115176275,occupation,109075,2026-06-18,20250617,20260617
35,Casey Mittelstadt,Casey_Mittelstadt,Casey_Mittelstadt,Q28154979,occupation,61560,2026-06-18,20250617,20260617
36,David Pastrnak,David_Pastrnak,David_Pastrňák,Q16224594,occupation,186465,2026-06-18,20250617,20260617
37,Lukas Reichel,Lukas_Reichel,Lukas_Reichel,Q70006257,occupation,89872,2026-06-18,20250617,20260617
38,Alex Steeves,Alex_Steeves,Alex_Steeves,Q109984157,occupation,42953,2026-06-18,20250617,20260617
39,Pavel Zacha,Pavel_Zacha,Pavel_Zacha,Q16225756,occupation,40434,2026-06-18,20250617,20260617
40,Jonathan Aspirot,Jonathan_Aspirot,Jonathan_Aspirot,Q90428177,occupation,18342,2026-06-18,20250617,20260617
41,Jordan Harris,Jordan_Harris,Jordan_Harris_(ice_hockey),Q111473583,occupation,51145,2026-06-18,20250617,20260617
42,Henri Jokiharju,Henri_Jokiharju,Henri_Jokiharju,Q24827212,occupation,27524,2026-06-18,20250617,20260617
43,Hampus Lindholm,Hampus_Lindholm,Hampus_Lindholm,Q3077684,occupation,41835,2026-06-18,20250617,20260617
44,Mason Lohrei,Mason_Lohrei,Mason_Lohrei,Q112150988,occupation,41846,2026-06-18,20250617,20260617
45,Charlie McAvoy,Charlie_McAvoy,Charlie_McAvoy,Q23926004,occupation,225606,2026-06-18,20250617,20260617
46,Andrew Peeke,Andrew_Peeke,Andrew_Peeke,Q77579782,occupation,18607,2026-06-18,20250617,20260617
47,Nikita Zadorov,Nikita_Zadorov,Nikita_Zadorov,Q3341513,occupation,91624,2026-06-18,20250617,20260617
48,Zach Benson,Zach_Benson,Zach_Benson,Q120015681,occupation,130694,2026-06-18,20250617,20260617
49,Sam Carrick,Sam_Carrick,Sam_Carrick,Q18448664,occupation,48004,2026-06-18,20250617,20260617
50,Justin Danforth,Justin_Danforth,Justin_Danforth,Q16228493,occupation,15828,2026-06-18,20250617,20260617
51,Josh Doan,Josh_Doan,Josh_Doan,Q107637219,occupation,157909,2026-06-18,20250617,20260617
52,Josh Dunne,Josh_Dunne,Josh_Dunne,Q106518567,occupation,31343,2026-06-18,20250617,20260617
53,Jordan Greenway,Jordan_Greenway,Jordan_Greenway,Q20066659,occupation,54608,2026-06-18,20250617,20260617
54,Konsta Helenius,Konsta_Helenius,Konsta_Helenius,Q115777734,occupation,68620,2026-06-18,20250617,20260617
55,Tyson Kozak,Tyson_Kozak,Tyson_Kozak,Q131397916,occupation,15371,2026-06-18,20250617,20260617
56,Peyton Krebs,Peyton_Krebs,Peyton_Krebs,Q64781760,occupation,35652,2026-06-18,20250617,20260617
57,Jiri Kulich,Jiri_Kulich,Jiří_Kulich,Q110281931,occupation,20105,2026-06-18,20250617,20260617
58,Beck Malenstyn,Beck_Malenstyn,Beck_Malenstyn,Q75842732,occupation,29424,2026-06-18,20250617,20260617
59,Ryan McLeod,Ryan_McLeod,Ryan_McLeod,Q106627447,occupation,53037,2026-06-18,20250617,20260617
60,Josh Norris,Josh_Norris,Josh_Norris,Q30542583,occupation,53832,2026-06-18,20250617,20260617
61,Noah Ostlund,Noah_Ostlund,Noah_Östlund,Q112967549,occupation,23703,2026-06-18,20250617,20260617
62,Tanner Pearson,Tanner_Pearson,Tanner_Pearson,Q3515234,occupation,35747,2026-06-18,20250617,20260617
63,Jack Quinn,Jack_Quinn,Jack_Quinn_(ice_hockey),Q100149533,occupation,74133,2026-06-18,20250617,20260617
64,Tage Thompson,Tage_Thompson,Tage_Thompson,Q24805735,occupation,411812,2026-06-18,20250617,20260617
65,Alex Tuch,Alex_Tuch,Alex_Tuch,Q17181019,occupation,137339,2026-06-18,20250617,20260617
66,Jason Zucker,Jason_Zucker,Jason_Zucker,Q1684008,occupation,66882,2026-06-18,20250617,20260617
67,Bowen Byram,Bowen_Byram,Bowen_Byram,Q64736735,occupation,70917,2026-06-18,20250617,20260617
68,Rasmus Dahlin,Rasmus_Dahlin,Rasmus_Dahlin,Q27839454,occupation,159445,2026-06-18,20250617,20260617
69,Ryan Johnson,Ryan_Johnson,,,none,,2026-06-18,20250617,20260617
70,Michael Kesselring,Michael_Kesselring,Michael_Kesselring,Q116977379,occupation,54923,2026-06-18,20250617,20260617
71,Zach Metsa,Zach_Metsa,Zach_Metsa,Q111547990,occupation,34316,2026-06-18,20250617,20260617
72,Owen Power,Owen_Power,Owen_Power,Q102226150,occupation,105332,2026-06-18,20250617,20260617
73,Mattias Samuelsson,Mattias_Samuelsson,Mattias_Samuelsson,Q56301360,occupation,58057,2026-06-18,20250617,20260617
74,Luke Schenn,Luke_Schenn,Luke_Schenn,Q1390315,occupation,78097,2026-06-18,20250617,20260617
75,Logan Stanley,Logan_Stanley,Logan_Stanley,Q24804710,occupation,66516,2026-06-18,20250617,20260617
76,Conor Timmins,Conor_Timmins,Conor_Timmins,Q69818578,occupation,36746,2026-06-18,20250617,20260617
77,Mikael Backlund,Mikael_Backlund,Mikael_Backlund,Q1286038,occupation,32930,2026-06-18,20250617,20260617
78,John Beecher,John_Beecher,John_Beecher_(ice_hockey),Q65030545,occupation,25843,2026-06-18,20250617,20260617
79,Blake Coleman,Blake_Coleman,Blake_Coleman,Q8840022,occupation,37152,2026-06-18,20250617,20260617
80,Matt Coronato,Matt_Coronato,Matt_Coronato,Q107630709,occupation,20339,2026-06-18,20250617,20260617
81,Joel Farabee,Joel_Farabee,Joel_Farabee,Q55176953,occupation,25119,2026-06-18,20250617,20260617
82,Morgan Frost,Morgan_Frost,Morgan_Frost,Q30572123,occupation,24694,2026-06-18,20250617,20260617
83,Matvei Gridin,Matvei_Gridin,Matvei_Gridin,Q126932921,occupation,24026,2026-06-18,20250617,20260617
84,Tyson Gross,Tyson_Gross,Tyson_Gross,Q138774598,occupation,2517,2026-06-18,20250617,20260617
85,Samuel Honzek,Samuel_Honzek,Samuel_Honzek,Q110276609,occupation,10264,2026-06-18,20250617,20260617
86,Jonathan Huberdeau,Jonathan_Huberdeau,Jonathan_Huberdeau,Q984221,occupation,57041,2026-06-18,20250617,20260617
87,Rory Kerins,Rory_Kerins,Rory_Kerins,Q122477016,occupation,4415,2026-06-18,20250617,20260617
88,Adam Klapka,Adam_Klapka,Adam_Klapka,Q118247936,occupation,29531,2026-06-18,20250617,20260617
89,Ryan Lomberg,Ryan_Lomberg,Ryan_Lomberg,Q47505541,occupation,32693,2026-06-18,20250617,20260617
90,Victor Olofsson,Victor_Olofsson,Victor_Olofsson,Q16224490,occupation,33926,2026-06-18,20250617,20260617
91,Martin Pospisil,Martin_Pospisil,Martin_Pospíšil_(ice_hockey),Q98605613,occupation,19640,2026-06-18,20250617,20260617
92,Yegor Sharangovich,Yegor_Sharangovich,Yegor_Sharangovich,Q29788539,occupation,14217,2026-06-18,20250617,20260617
93,Ryan Strome,Ryan_Strome,Ryan_Strome,Q984027,occupation,68303,2026-06-18,20250617,20260617
94,Aydar Suniev,Aydar_Suniev,Aydar_Suniev,Q133895581,occupation,5267,2026-06-18,20250617,20260617
95,Connor Zary,Connor_Zary,Connor_Zary,Q100150920,occupation,15319,2026-06-18,20250617,20260617
96,Kevin Bahl,Kevin_Bahl,Kevin_Bahl,Q79885347,occupation,27298,2026-06-18,20250617,20260617
97,Jake Bean,Jake_Bean,Jake_Bean,Q23880275,occupation,14973,2026-06-18,20250617,20260617
98,Hunter Brzustewicz,Hunter_Brzustewicz,Hunter_Brzustewicz,Q81902087,occupation,15384,2026-06-18,20250617,20260617
99,Joel Hanley,Joel_Hanley,Joel_Hanley,Q23728749,occupation,10896,2026-06-18,20250617,20260617
100,Yan Kuznetsov,Yan_Kuznetsov,Yan_Kuznetsov,Q122477025,occupation,14171,2026-06-18,20250617,20260617
101,Olli Maatta,Olli_Maatta,Olli_Määttä,Q3351500,occupation,46530,2026-06-18,20250617,20260617
102,Brayden Pachal,Brayden_Pachal,Brayden_Pachal,Q110810885,occupation,10476,2026-06-18,20250617,20260617
103,Zayne Parekh,Zayne_Parekh,Zayne_Parekh,Q124809440,occupation,237569,2026-06-18,20250617,20260617
104,Zach Whitecloud,Zach_Whitecloud,Zach_Whitecloud,Q51954829,occupation,80702,2026-06-18,20250617,20260617
105,Abram Wiebe,Abram_Wiebe,,,none,,2026-06-18,20250617,20260617
106,Sebastian Aho,Sebastian_Aho,Sebastian_Aho,Q16158994,occupation,73446,2026-06-18,20250617,20260617
107,Jackson Blake,Jackson_Blake,Jackson_Blake,Q125102952,occupation,111909,2026-06-18,20250617,20260617
108,William Carrier,William_Carrier,William_Carrier,Q16200683,occupation,49427,2026-06-18,20250617,20260617
109,Nicolas Deslauriers,Nicolas_Deslauriers,Nicolas_Deslauriers,Q15964625,occupation,60702,2026-06-18,20250617,20260617
110,Nikolaj Ehlers,Nikolaj_Ehlers,Nikolaj_Ehlers,Q15823679,occupation,160189,2026-06-18,20250617,20260617
111,Taylor Hall,Taylor_Hall,Taylor_Hall,Q721993,occupation,342656,2026-06-18,20250617,20260617
112,Mark Jankowski,Mark_Jankowski,Mark_Jankowski,Q59402,occupation,47668,2026-06-18,20250617,20260617
113,Seth Jarvis,Seth_Jarvis,Seth_Jarvis,Q100149493,occupation,260601,2026-06-18,20250617,20260617
114,Jesperi Kotkaniemi,Jesperi_Kotkaniemi,Jesperi_Kotkaniemi,Q39400296,occupation,68080,2026-06-18,20250617,20260617
115,Jordan Martinook,Jordan_Martinook,Jordan_Martinook,Q16229653,occupation,46264,2026-06-18,20250617,20260617
116,Eric Robinson,Eric_Robinson,Eric_Robinson_(ice_hockey),Q52702779,occupation,34268,2026-06-18,20250617,20260617
117,Jordan Staal,Jordan_Staal,Jordan_Staal,Q447270,occupation,572048,2026-06-18,20250617,20260617
118,Logan Stankoven,Logan_Stankoven,Logan_Stankoven,Q112801080,occupation,131320,2026-06-18,20250617,20260617
119,Andrei Svechnikov,Andrei_Svechnikov,Andrei_Svechnikov,Q34489864,occupation,108545,2026-06-18,20250617,20260617
120,Jalen Chatfield,Jalen_Chatfield,Jalen_Chatfield,Q104975388,occupation,89299,2026-06-18,20250617,20260617
121,Shayne Gostisbehere,Shayne_Gostisbehere,Shayne_Gostisbehere,Q16228901,occupation,103304,2026-06-18,20250617,20260617
122,K'Andre Miller,K'Andre_Miller,K'Andre_Miller,Q55183451,occupation,152372,2026-06-18,20250617,20260617
123,Alexander Nikishin,Alexander_Nikishin,Alexander_Nikishin,Q89889168,occupation,37342,2026-06-18,20250617,20260617
124,Mike Reilly,Mike_Reilly,Mike_Reilly_(ice_hockey),Q16224772,occupation,27546,2026-06-18,20250617,20260617
125,Jaccob Slavin,Jaccob_Slavin,Jaccob_Slavin,Q21045691,occupation,149461,2026-06-18,20250617,20260617
126,Sean Walker,Sean_Walker,Sean_Walker_(ice_hockey),Q57758280,occupation,37592,2026-06-18,20250617,20260617
127,Connor Bedard,Connor_Bedard,Connor_Bedard,Q102425753,occupation,528699,2026-06-18,20250617,20260617
128,Tyler Bertuzzi,Tyler_Bertuzzi,Tyler_Bertuzzi,Q24006730,occupation,111029,2026-06-18,20250617,20260617
129,Sacha Boisvert,Sacha_Boisvert,Sacha_Boisvert,Q126934335,occupation,27882,2026-06-18,20250617,20260617
130,Andre Burakovsky,Andre_Burakovsky,André_Burakovsky,Q13581457,occupation,52755,2026-06-18,20250617,20260617
131,Ryan Donato,Ryan_Donato,Ryan_Donato,Q17385847,occupation,40495,2026-06-18,20250617,20260617
132,Anton Frondell,Anton_Frondell,Anton_Frondell,Q125964662,occupation,98544,2026-06-18,20250617,20260617
133,Ryan Greene,Ryan_Greene,Ryan_Greene_(ice_hockey),Q133892630,occupation,22853,2026-06-18,20250617,20260617
134,Sam Lafferty,Sam_Lafferty,Sam_Lafferty,Q70098297,occupation,22885,2026-06-18,20250617,20260617
135,Nick Lardis,Nick_Lardis,Nick_Lardis,Q137381676,occupation,14529,2026-06-18,20250617,20260617
136,Andrew Mangiapane,Andrew_Mangiapane,Andrew_Mangiapane,Q20745013,occupation,86076,2026-06-18,20250617,20260617
137,Ilya Mikheyev,Ilya_Mikheyev,Ilya_Mikheyev,Q25388037,occupation,30875,2026-06-18,20250617,20260617
138,Oliver Moore,Oliver_Moore,Oliver_Moore,Q120015682,occupation,31623,2026-06-18,20250617,20260617
139,Frank Nazar,Frank_Nazar,Frank_Nazar,Q81905716,occupation,97110,2026-06-18,20250617,20260617
140,Landon Slaggert,Landon_Slaggert,Landon_Slaggert,Q124823562,occupation,10531,2026-06-18,20250617,20260617
141,Teuvo Teravainen,Teuvo_Teravainen,Teuvo_Teräväinen,Q3519286,occupation,41805,2026-06-18,20250617,20260617
142,Dominic Toninato,Dominic_Toninato,Dominic_Toninato,Q43349759,occupation,11166,2026-06-18,20250617,20260617
143,Louis Crevier,Louis_Crevier,Louis_Crevier,Q123671144,occupation,19620,2026-06-18,20250617,20260617
144,Ethan Del Mastro,Ethan_Del_Mastro,Ethan_Del_Mastro,Q125462680,occupation,8588,2026-06-18,20250617,20260617
145,Matt Grzelcyk,Matt_Grzelcyk,Matt_Grzelcyk,Q19564299,occupation,33907,2026-06-18,20250617,20260617
146,Wyatt Kaiser,Wyatt_Kaiser,Wyatt_Kaiser,Q117215047,occupation,16967,2026-06-18,20250617,20260617
147,Kevin Korchinski,Kevin_Korchinski,Kevin_Korchinski,Q112967557,occupation,24688,2026-06-18,20250617,20260617
148,Artyom Levshunov,Artyom_Levshunov,Artyom_Levshunov,Q122980144,occupation,64988,2026-06-18,20250617,20260617
149,Sam Rinzel,Sam_Rinzel,Sam_Rinzel,Q112967559,occupation,23417,2026-06-18,20250617,20260617
150,Alex Vlasic,Alex_Vlasic,Alex_Vlasic,Q111310415,occupation,42759,2026-06-18,20250617,20260617
151,Zakhar Bardakov,Zakhar_Bardakov,Zakhar_Bardakov,Q105437939,occupation,14056,2026-06-18,20250617,20260617
152,Ross Colton,Ross_Colton,Ross_Colton,Q105672753,occupation,32764,2026-06-18,20250617,20260617
153,Jack Drury,Jack_Drury,Jack_Drury,Q88018838,occupation,71751,2026-06-18,20250617,20260617
154,Nazem Kadri,Nazem_Kadri,Nazem_Kadri,Q1852981,occupation,246205,2026-06-18,20250617,20260617
155,Parker Kelly,Parker_Kelly,Parker_Kelly,Q106824020,occupation,29995,2026-06-18,20250617,20260617
156,Joel Kiviranta,Joel_Kiviranta,Joel_Kiviranta,Q16299903,occupation,18188,2026-06-18,20250617,20260617
157,Gabriel Landeskog,Gabriel_Landeskog,Gabriel_Landeskog,Q715421,occupation,182027,2026-06-18,20250617,20260617
158,Artturi Lehkonen,Artturi_Lehkonen,Artturi_Lehkonen,Q2365562,occupation,40427,2026-06-18,20250617,20260617
159,Nathan MacKinnon,Nathan_MacKinnon,Nathan_MacKinnon,Q1966594,occupation,519441,2026-06-18,20250617,20260617
160,Martin Necas,Martin_Necas,Martin_Nečas,Q28057077,occupation,87828,2026-06-18,20250617,20260617
161,Brock Nelson,Brock_Nelson,Brock_Nelson,Q2925902,occupation,323773,2026-06-18,20250617,20260617
162,Valeri Nichushkin,Valeri_Nichushkin,Valeri_Nichushkin,Q2365750,occupation,47022,2026-06-18,20250617,20260617
163,Logan O'Connor,Logan_O'Connor,Logan_O'Connor,Q60823183,occupation,21536,2026-06-18,20250617,20260617
164,Nicolas Roy,Nicolas_Roy,Nicolas_Roy,Q16224877,occupation,212972,2026-06-18,20250617,20260617
165,Jack Ahcan,Jack_Ahcan,Jack_Ahcan,Q106034953,occupation,14006,2026-06-18,20250617,20260617
166,Nick Blankenburg,Nick_Blankenburg,Nick_Blankenburg,Q111598719,occupation,23611,2026-06-18,20250617,20260617
167,Brent Burns,Brent_Burns,Brent_Burns,Q909711,occupation,285536,2026-06-18,20250617,20260617
168,Brett Kulak,Brett_Kulak,Brett_Kulak,Q16229397,occupation,74459,2026-06-18,20250617,20260617
169,Cale Makar,Cale_Makar,Cale_Makar,Q29342308,occupation,411419,2026-06-18,20250617,20260617
170,Sam Malinski,Sam_Malinski,Sam_Malinski,Q117787535,occupation,35272,2026-06-18,20250617,20260617
171,Josh Manson,Josh_Manson,Josh_Manson,Q16229630,occupation,45200,2026-06-18,20250617,20260617
172,Devon Toews,Devon_Toews,Devon_Toews,Q60063280,occupation,153458,2026-06-18,20250617,20260617
173,Charlie Coyle,Charlie_Coyle,Charlie_Coyle,Q547607,occupation,88079,2026-06-18,20250617,20260617
174,Adam Fantilli,Adam_Fantilli,Adam_Fantilli,Q114924131,occupation,79462,2026-06-18,20250617,20260617
175,Conor Garland,Conor_Garland,Conor_Garland,Q20090755,occupation,61049,2026-06-18,20250617,20260617
176,Danton Heinen,Danton_Heinen,Danton_Heinen,Q27282857,occupation,22908,2026-06-18,20250617,20260617
177,Boone Jenner,Boone_Jenner,Boone_Jenner,Q4943642,occupation,44161,2026-06-18,20250617,20260617
178,Kent Johnson,Kent_Johnson,Kent_Johnson_(ice_hockey),Q107980587,occupation,28374,2026-06-18,20250617,20260617
179,Isac Lundeström,Isac_Lundeström,Isac_Lundeström,Q23869474,occupation,11974,2026-06-18,20250617,20260617
180,Kirill Marchenko,Kirill_Marchenko,Kirill_Marchenko,Q56651259,occupation,25785,2026-06-18,20250617,20260617
181,Mason Marchment,Mason_Marchment,Mason_Marchment,Q80720760,occupation,82190,2026-06-18,20250617,20260617
182,Sean Monahan,Sean_Monahan,Sean_Monahan,Q13581433,occupation,53717,2026-06-18,20250617,20260617
183,Mathieu Olivier,Mathieu_Olivier,Mathieu_Olivier,Q60485104,occupation,68731,2026-06-18,20250617,20260617
184,Cole Sillinger,Cole_Sillinger,Cole_Sillinger,Q102077303,occupation,258626,2026-06-18,20250617,20260617
185,Dmitri Voronkov,Dmitri_Voronkov,Dmitri_Voronkov,Q64853164,occupation,18166,2026-06-18,20250617,20260617
186,Miles Wood,Miles_Wood,Miles_Wood,Q23809781,occupation,29079,2026-06-18,20250617,20260617
187,Jake Christiansen,Jake_Christiansen,Jake_Christiansen_(ice_hockey),Q110460125,occupation,5873,2026-06-18,20250617,20260617
188,Dante Fabbro,Dante_Fabbro,Dante_Fabbro,Q22005702,occupation,15913,2026-06-18,20250617,20260617
189,Erik Gudbranson,Erik_Gudbranson,Erik_Gudbranson,Q1353957,occupation,27697,2026-06-18,20250617,20260617
190,Denton Mateychuk,Denton_Mateychuk,Denton_Mateychuk,Q81905280,occupation,23157,2026-06-18,20250617,20260617
191,Ivan Provorov,Ivan_Provorov,Ivan_Provorov,Q19972647,occupation,53844,2026-06-18,20250617,20260617
192,Damon Severson,Damon_Severson,Damon_Severson,Q18247523,occupation,10986,2026-06-18,20250617,20260617
193,Brendan Smith,Brendan_Smith,Brendan_Smith_(ice_hockey),Q2907301,occupation,29879,2026-06-18,20250617,20260617
194,Zach Werenski,Zach_Werenski,Zach_Werenski,Q19662630,occupation,197916,2026-06-18,20250617,20260617
195,Egor Zamula,Egor_Zamula,Egor_Zamula,Q105062111,occupation,21663,2026-06-18,20250617,20260617
196,Nathan Bastian,Nathan_Bastian,Nathan_Bastian,Q60706036,occupation,20463,2026-06-18,20250617,20260617
197,Jamie Benn,Jamie_Benn,Jamie_Benn,Q1064791,occupation,98258,2026-06-18,20250617,20260617
198,Colin Blackwell,Colin_Blackwell,Colin_Blackwell,Q60823259,occupation,24192,2026-06-18,20250617,20260617
199,Mavrik Bourque,Mavrik_Bourque,Mavrik_Bourque,Q100166499,occupation,60110,2026-06-18,20250617,20260617
200,Michael Bunting,Michael_Bunting,Michael_Bunting,Q59696575,occupation,33530,2026-06-18,20250617,20260617
201,Oskar Bäck,Oskar_Bäck,Oskar_Bäck,Q60404235,occupation,8990,2026-06-18,20250617,20260617
202,Matt Duchene,Matt_Duchene,Matt_Duchene,Q717078,occupation,71064,2026-06-18,20250617,20260617
203,Adam Erne,Adam_Erne,Adam_Erne,Q28122508,occupation,16308,2026-06-18,20250617,20260617
204,Radek Faksa,Radek_Faksa,Radek_Faksa,Q3416408,occupation,25435,2026-06-18,20250617,20260617
205,Roope Hintz,Roope_Hintz,Roope_Hintz,Q16229047,occupation,33336,2026-06-18,20250617,20260617
206,Justin Hryckowian,Justin_Hryckowian,Justin_Hryckowian,Q131598130,occupation,40688,2026-06-18,20250617,20260617
207,Arttu Hyry,Arttu_Hyry,Arttu_Hyry,Q101184366,occupation,8727,2026-06-18,20250617,20260617
208,Wyatt Johnston,Wyatt_Johnston,Wyatt_Johnston,Q107677619,occupation,59030,2026-06-18,20250617,20260617
209,Mikko Rantanen,Mikko_Rantanen,Mikko_Rantanen,Q11882784,occupation,157653,2026-06-18,20250617,20260617
210,Jason Robertson,Jason_Robertson,Jason_Robertson,Q83617451,occupation,200195,2026-06-18,20250617,20260617
211,Tyler Seguin,Tyler_Seguin,Tyler_Seguin,Q772640,occupation,144716,2026-06-18,20250617,20260617
212,Sam Steel,Sam_Steel,Sam_Steel,Q24805711,occupation,23175,2026-06-18,20250617,20260617
213,Lian Bichsel,Lian_Bichsel,Lian_Bichsel,Q81901906,occupation,25965,2026-06-18,20250617,20260617
214,Kyle Capobianco,Kyle_Capobianco,Kyle_Capobianco,Q21706800,occupation,10624,2026-06-18,20250617,20260617
215,Thomas Harley,Thomas_Harley,Thomas_Harley_(ice_hockey),Q65030543,occupation,98546,2026-06-18,20250617,20260617
216,Miro Heiskanen,Miro_Heiskanen,Miro_Heiskanen,Q24827214,occupation,40657,2026-06-18,20250617,20260617
217,Esa Lindell,Esa_Lindell,Esa_Lindell,Q11858583,occupation,19276,2026-06-18,20250617,20260617
218,Nils Lundkvist,Nils_Lundkvist,Nils_Lundkvist,Q52482603,occupation,15719,2026-06-18,20250617,20260617
219,Ilya Lyubushkin,Ilya_Lyubushkin,Ilya_Lyubushkin,Q16229578,occupation,12088,2026-06-18,20250617,20260617
220,Tyler Myers,Tyler_Myers,Tyler_Myers,Q1365229,occupation,123942,2026-06-18,20250617,20260617
221,Alexander Petrovic,Alexander_Petrovic,Alex_Petrovic,Q4717623,occupation,14901,2026-06-18,20250617,20260617
222,Mason Appleton,Mason_Appleton,Mason_Appleton,Q51883528,occupation,38717,2026-06-18,20250617,20260617
223,J.T. Compher,J.T._Compher,J._T._Compher,Q16728159,occupation,26465,2026-06-18,20250617,20260617
224,Andrew Copp,Andrew_Copp,Andrew_Copp,Q19800096,occupation,20208,2026-06-18,20250617,20260617
225,Alex DeBrincat,Alex_DeBrincat,Alex_DeBrincat,Q21621150,occupation,84913,2026-06-18,20250617,20260617
226,Emmitt Finnie,Emmitt_Finnie,Emmitt_Finnie,Q136463467,occupation,50282,2026-06-18,20250617,20260617
227,Patrick Kane,Patrick_Kane,Patrick_Kane,Q335876,occupation,515053,2026-06-18,20250617,20260617
228,Marco Kasper,Marco_Kasper,Marco_Kasper,Q110273344,occupation,26272,2026-06-18,20250617,20260617
229,Dylan Larkin,Dylan_Larkin,Dylan_Larkin,Q17180725,occupation,284703,2026-06-18,20250617,20260617
230,David Perron,David_Perron,David_Perron,Q354570,occupation,58320,2026-06-18,20250617,20260617
231,Michael Rasmussen,Michael_Rasmussen,Michael_Rasmussen_(ice_hockey),Q27922520,occupation,18626,2026-06-18,20250617,20260617
232,Lucas Raymond,Lucas_Raymond,Lucas_Raymond,Q60248316,occupation,78848,2026-06-18,20250617,20260617
233,James van Riemsdyk,James_van_Riemsdyk,James_van_Riemsdyk,Q27502,occupation,98541,2026-06-18,20250617,20260617
234,Jacob Bernard-Docker,Jacob_Bernard-Docker,Jacob_Bernard-Docker,Q55183457,occupation,30564,2026-06-18,20250617,20260617
235,Ben Chiarot,Ben_Chiarot,Ben_Chiarot,Q15131093,occupation,25457,2026-06-18,20250617,20260617
236,Simon Edvinsson,Simon_Edvinsson,Simon_Edvinsson,Q104451267,occupation,41211,2026-06-18,20250617,20260617
237,Justin Faulk,Justin_Faulk,Justin_Faulk,Q187535,occupation,62957,2026-06-18,20250617,20260617
238,Travis Hamonic,Travis_Hamonic,Travis_Hamonic,Q762612,occupation,27236,2026-06-18,20250617,20260617
239,Albert Johansson,Albert_Johansson,Albert_Johansson,Q64808406,occupation,10113,2026-06-18,20250617,20260617
240,Moritz Seider,Moritz_Seider,Moritz_Seider,Q61037528,occupation,79310,2026-06-18,20250617,20260617
241,Colton Dach,Colton_Dach,Colton_Dach,Q120638015,occupation,70853,2026-06-18,20250617,20260617
242,Jason Dickinson,Jason_Dickinson,Jason_Dickinson,Q13581459,occupation,40559,2026-06-18,20250617,20260617
243,Leon Draisaitl,Leon_Draisaitl,Leon_Draisaitl,Q15012236,occupation,310777,2026-06-18,20250617,20260617
244,Trent Frederic,Trent_Frederic,Trent_Frederic,Q24804873,occupation,51730,2026-06-18,20250617,20260617
245,Adam Henrique,Adam_Henrique,Adam_Henrique,Q324136,occupation,43489,2026-06-18,20250617,20260617
246,Zach Hyman,Zach_Hyman,Zach_Hyman,Q19878924,occupation,100488,2026-06-18,20250617,20260617
247,Mattias Janmark,Mattias_Janmark,Mattias_Janmark,Q6791770,occupation,14981,2026-06-18,20250617,20260617
248,Max Jones,Max_Jones,Max_Jones_(ice_hockey),Q21621612,occupation,18932,2026-06-18,20250617,20260617
249,Kasperi Kapanen,Kasperi_Kapanen,Kasperi_Kapanen,Q11870266,occupation,82608,2026-06-18,20250617,20260617
250,Curtis Lazar,Curtis_Lazar,Curtis_Lazar,Q5195806,occupation,49455,2026-06-18,20250617,20260617
251,Connor McDavid,Connor_McDavid,Connor_McDavid,Q2806736,occupation,1039224,2026-06-18,20250617,20260617
252,Ryan Nugent-Hopkins,Ryan_Nugent-Hopkins,Ryan_Nugent-Hopkins,Q715578,occupation,119146,2026-06-18,20250617,20260617
253,Vasily Podkolzin,Vasily_Podkolzin,Vasily_Podkolzin,Q58755513,occupation,49772,2026-06-18,20250617,20260617
254,Jack Roslovic,Jack_Roslovic,Jack_Roslovic,Q20727776,occupation,105102,2026-06-18,20250617,20260617
255,Josh Samanski,Josh_Samanski,Josh_Samanski,Q115593838,occupation,24427,2026-06-18,20250617,20260617
256,Matt Savoie,Matt_Savoie,,,none,,2026-06-18,20250617,20260617
257,Evan Bouchard,Evan_Bouchard,Evan_Bouchard,Q50347957,occupation,80970,2026-06-18,20250617,20260617
258,Mattias Ekholm,Mattias_Ekholm,Mattias_Ekholm,Q3062859,occupation,31415,2026-06-18,20250617,20260617
259,Ty Emberson,Ty_Emberson,Ty_Emberson,Q123003338,occupation,17432,2026-06-18,20250617,20260617
260,Connor Murphy,Connor_Murphy,Connor_Murphy,Q2993498,occupation,65365,2026-06-18,20250617,20260617
261,Darnell Nurse,Darnell_Nurse,Darnell_Nurse,Q13486477,occupation,126411,2026-06-18,20250617,20260617
262,Spencer Stastney,Spencer_Stastney,Spencer_Stastney,Q117379235,occupation,53662,2026-06-18,20250617,20260617
263,Jake Walman,Jake_Walman,Jake_Walman,Q81066813,occupation,43781,2026-06-18,20250617,20260617
264,Aleksander Barkov,Aleksander_Barkov,Aleksander_Barkov,Q620356,occupation,254746,2026-06-18,20250617,20260617
265,Sam Bennett,Sam_Bennett,Sam_Bennett_(ice_hockey),Q16212438,occupation,210089,2026-06-18,20250617,20260617
266,Jesper Boqvist,Jesper_Boqvist,Jesper_Boqvist,Q29359317,occupation,18991,2026-06-18,20250617,20260617
267,Jonah Gadjovich,Jonah_Gadjovich,Jonah_Gadjovich,Q106879987,occupation,26599,2026-06-18,20250617,20260617
268,A.J. Greer,A.J._Greer,A._J._Greer,Q27841034,occupation,48556,2026-06-18,20250617,20260617
269,Vinnie Hinostroza,Vinnie_Hinostroza,Vinnie_Hinostroza,Q20090912,occupation,28710,2026-06-18,20250617,20260617
270,Luke Kunin,Luke_Kunin,Luke_Kunin,Q24797868,occupation,29740,2026-06-18,20250617,20260617
271,Anton Lundell,Anton_Lundell,Anton_Lundell,Q56402315,occupation,47412,2026-06-18,20250617,20260617
272,Eetu Luostarinen,Eetu_Luostarinen,Eetu_Luostarinen,Q28028703,occupation,23274,2026-06-18,20250617,20260617
273,Brad Marchand,Brad_Marchand,Brad_Marchand,Q80733,occupation,732961,2026-06-18,20250617,20260617
274,Tomas Nosek,Tomas_Nosek,Tomáš_Nosek,Q7820627,occupation,24857,2026-06-18,20250617,20260617
275,Cole Reinhardt,Cole_Reinhardt,Cole_Reinhardt,Q111536206,occupation,25519,2026-06-18,20250617,20260617
276,Sam Reinhart,Sam_Reinhart,Sam_Reinhart,Q15952002,occupation,199892,2026-06-18,20250617,20260617
277,Evan Rodrigues,Evan_Rodrigues,Evan_Rodrigues,Q21622571,occupation,52015,2026-06-18,20250617,20260617
278,Mackie Samoskevich,Mackie_Samoskevich,Mackie_Samoskevich,Q107629892,occupation,58308,2026-06-18,20250617,20260617
279,Cole Schwindt,Cole_Schwindt,Cole_Schwindt,Q110160733,occupation,15578,2026-06-18,20250617,20260617
280,Matthew Tkachuk,Matthew_Tkachuk,Matthew_Tkachuk,Q21064031,occupation,818665,2026-06-18,20250617,20260617
281,Carter Verhaeghe,Carter_Verhaeghe,Carter_Verhaeghe,Q63248066,occupation,58659,2026-06-18,20250617,20260617
282,Uvis Balinskis,Uvis_Balinskis,Uvis_Balinskis,Q29913994,occupation,22344,2026-06-18,20250617,20260617
283,Aaron Ekblad,Aaron_Ekblad,Aaron_Ekblad,Q4661992,occupation,97890,2026-06-18,20250617,20260617
284,Gustav Forsling,Gustav_Forsling,Gustav_Forsling,Q18238939,occupation,39203,2026-06-18,20250617,20260617
285,Seth Jones,Seth_Jones,Seth_Jones,Q4014741,occupation,133774,2026-06-18,20250617,20260617
286,Dmitry Kulikov,Dmitry_Kulikov,Dmitry_Kulikov_(ice_hockey),Q977337,occupation,22299,2026-06-18,20250617,20260617
287,Niko Mikkola,Niko_Mikkola,Niko_Mikkola,Q5493915,occupation,28743,2026-06-18,20250617,20260617
288,Donovan Sebrango,Donovan_Sebrango,Donovan_Sebrango,Q113945974,occupation,19041,2026-06-18,20250617,20260617
289,Joel Armia,Joel_Armia,Joel_Armia,Q979188,occupation,36248,2026-06-18,20250617,20260617
290,Quinton Byfield,Quinton_Byfield,Quinton_Byfield,Q66472667,occupation,76062,2026-06-18,20250617,20260617
291,Kevin Fiala,Kevin_Fiala,Kevin_Fiala,Q15989104,occupation,101501,2026-06-18,20250617,20260617
292,Samuel Helenius,Samuel_Helenius,Samuel_Helenius,Q100775889,occupation,22196,2026-06-18,20250617,20260617
293,Mathieu Joseph,Mathieu_Joseph,Mathieu_Joseph,Q56876976,occupation,26467,2026-06-18,20250617,20260617
294,Adrian Kempe,Adrian_Kempe,Adrian_Kempe,Q15619153,occupation,59114,2026-06-18,20250617,20260617
295,Anze Kopitar,Anze_Kopitar,Anže_Kopitar,Q375787,occupation,309238,2026-06-18,20250617,20260617
296,Andrei Kuzmenko,Andrei_Kuzmenko,Andrei_Kuzmenko,Q20744952,occupation,32969,2026-06-18,20250617,20260617
297,Alex Laferriere,Alex_Laferriere,Alex_Laferriere,Q123022909,occupation,35275,2026-06-18,20250617,20260617
298,Scott Laughton,Scott_Laughton,Scott_Laughton,Q3476249,occupation,56173,2026-06-18,20250617,20260617
299,Jeff Malott,Jeff_Malott,Jeff_Malott,Q111320459,occupation,38892,2026-06-18,20250617,20260617
300,Trevor Moore,Trevor_Moore,Trevor_Moore_(ice_hockey),Q60194335,occupation,19425,2026-06-18,20250617,20260617
301,Artemi Panarin,Artemi_Panarin,Artemi_Panarin,Q593699,occupation,214772,2026-06-18,20250617,20260617
302,Alex Turcotte,Alex_Turcotte,Alex_Turcotte,Q61748311,occupation,33053,2026-06-18,20250617,20260617
303,Taylor Ward,Taylor_Ward,Taylor_Ward_(ice_hockey),Q133896106,occupation,7831,2026-06-18,20250617,20260617
304,Jared Wright,Jared_Wright,Jared_Wright_(ice_hockey),Q138565548,occupation,370,2026-06-18,20250617,20260617
305,Mikey Anderson,Mikey_Anderson,Mikey_Anderson,Q86746353,occupation,13486,2026-06-18,20250617,20260617
306,Cody Ceci,Cody_Ceci,Cody_Ceci,Q2981716,occupation,48105,2026-06-18,20250617,20260617
307,Brandt Clarke,Brandt_Clarke,Brandt_Clarke,Q107638205,occupation,23551,2026-06-18,20250617,20260617
308,Drew Doughty,Drew_Doughty,Drew_Doughty,Q706924,occupation,123178,2026-06-18,20250617,20260617
309,Brian Dumoulin,Brian_Dumoulin,Brian_Dumoulin,Q4963628,occupation,30890,2026-06-18,20250617,20260617
310,Joel Edmundson,Joel_Edmundson,Joel_Edmundson,Q21079893,occupation,22852,2026-06-18,20250617,20260617
311,Jacob Moverare,Jacob_Moverare,Jacob_Moverare,Q22279303,occupation,5038,2026-06-18,20250617,20260617
312,Nicolas Aube-Kubel,Nicolas_Aube-Kubel,Nicolas_Aubé-Kubel,Q57990345,occupation,18989,2026-06-18,20250617,20260617
313,Matt Boldy,Matt_Boldy,Matt_Boldy,Q64781754,occupation,329879,2026-06-18,20250617,20260617
314,Bobby Brink,Bobby_Brink,Bobby_Brink,Q111526026,occupation,72219,2026-06-18,20250617,20260617
315,Joel Eriksson Ek,Joel_Eriksson_Ek,Joel_Eriksson_Ek,Q19957723,occupation,48562,2026-06-18,20250617,20260617
316,Robby Fabbri,Robby_Fabbri,Robby_Fabbri,Q16864070,occupation,38314,2026-06-18,20250617,20260617
317,Marcus Foligno,Marcus_Foligno,Marcus_Foligno,Q246404,occupation,108864,2026-06-18,20250617,20260617
318,Nick Foligno,Nick_Foligno,Nick_Foligno,Q943363,occupation,158121,2026-06-18,20250617,20260617
319,Hunter Haight,Hunter_Haight,Hunter_Haight,Q136470517,occupation,11190,2026-06-18,20250617,20260617
320,Ryan Hartman,Ryan_Hartman,Ryan_Hartman,Q13581452,occupation,43302,2026-06-18,20250617,20260617
321,Marcus Johansson,Marcus_Johansson,,,none,,2026-06-18,20250617,20260617
322,Ben Jones,Ben_Jones,Ben_Jones_(ice_hockey),Q109660586,occupation,9691,2026-06-18,20250617,20260617
323,Kirill Kaprizov,Kirill_Kaprizov,Kirill_Kaprizov,Q20164618,occupation,217036,2026-06-18,20250617,20260617
324,Michael McCarron,Michael_McCarron,Michael_McCarron,Q13580957,occupation,56104,2026-06-18,20250617,20260617
325,Nico Sturm,Nico_Sturm,Nico_Sturm,Q62794466,occupation,64803,2026-06-18,20250617,20260617
326,Vladimir Tarasenko,Vladimir_Tarasenko,Vladimir_Tarasenko,Q715587,occupation,141944,2026-06-18,20250617,20260617
327,Yakov Trenin,Yakov_Trenin,Yakov_Trenin,Q24352194,occupation,21860,2026-06-18,20250617,20260617
328,Danila Yurov,Danila_Yurov,Danila_Yurov,Q110282106,occupation,30076,2026-06-18,20250617,20260617
329,Mats Zuccarello,Mats_Zuccarello,Mats_Zuccarello,Q252043,occupation,100007,2026-06-18,20250617,20260617
330,Zach Bogosian,Zach_Bogosian,Zach_Bogosian,Q139302,occupation,66231,2026-06-18,20250617,20260617
331,Jonas Brodin,Jonas_Brodin,Jonas_Brodin,Q1702919,occupation,21863,2026-06-18,20250617,20260617
332,Brock Faber,Brock_Faber,Brock_Faber,Q110973348,occupation,150944,2026-06-18,20250617,20260617
333,Viking Gustafsson Nyberg,Viking_Gustafsson_Nyberg,Viking_Gustafsson_Nyberg,Q135893027,occupation,262,2026-06-18,20250617,20260617
334,Quinn Hughes,Quinn_Hughes,Quinn_Hughes,Q47492979,occupation,1528896,2026-06-18,20250617,20260617
335,Daemon Hunt,Daemon_Hunt,Daemon_Hunt,Q123231079,occupation,19581,2026-06-18,20250617,20260617
336,Matt Kiersted,Matt_Kiersted,Matt_Kiersted,Q106364527,occupation,9851,2026-06-18,20250617,20260617
337,Carson Lambos,Carson_Lambos,Carson_Lambos,Q105293487,occupation,11832,2026-06-18,20250617,20260617
338,Jake Middleton,Jake_Middleton,Jake_Middleton,Q60463976,occupation,6079,2026-06-18,20250617,20260617
339,Jeff Petry,Jeff_Petry,Jeff_Petry,Q550890,occupation,67155,2026-06-18,20250617,20260617
340,David Spacek,David_Spacek,David_Špaček,Q114350612,occupation,16269,2026-06-18,20250617,20260617
341,Jared Spurgeon,Jared_Spurgeon,Jared_Spurgeon,Q550849,occupation,71518,2026-06-18,20250617,20260617
342,Josh Anderson,Josh_Anderson,Josh_Anderson_(ice_hockey),Q18921336,occupation,92037,2026-06-18,20250617,20260617
343,Owen Beck,Owen_Beck,Owen_Beck_(ice_hockey),Q114056232,occupation,25539,2026-06-18,20250617,20260617
344,Zachary Bolduc,Zachary_Bolduc,Zachary_Bolduc,Q107671161,occupation,136847,2026-06-18,20250617,20260617
345,Cole Caufield,Cole_Caufield,Cole_Caufield,Q62287650,occupation,464467,2026-06-18,20250617,20260617
346,Kirby Dach,Kirby_Dach,Kirby_Dach,Q61755215,occupation,132574,2026-06-18,20250617,20260617
347,Phillip Danault,Phillip_Danault,Phillip_Danault,Q3381073,occupation,80916,2026-06-18,20250617,20260617
348,Ivan Demidov,Ivan_Demidov,Ivan_Demidov,Q115325153,occupation,132032,2026-06-18,20250617,20260617
349,Jake Evans,Jake_Evans,Jake_Evans_(ice_hockey),Q84527727,occupation,50019,2026-06-18,20250617,20260617
350,Brendan Gallagher,Brendan_Gallagher,Brendan_Gallagher,Q2924426,occupation,147552,2026-06-18,20250617,20260617
351,Oliver Kapanen,Oliver_Kapanen,Oliver_Kapanen,Q108586045,occupation,82787,2026-06-18,20250617,20260617
352,Patrik Laine,Patrik_Laine,Patrik_Laine,Q17382085,occupation,133711,2026-06-18,20250617,20260617
353,Alex Newhook,Alex_Newhook,Alex_Newhook,Q64781759,occupation,205138,2026-06-18,20250617,20260617
354,Juraj Slafkovský,Juraj_Slafkovský,Juraj_Slafkovský,Q107074729,occupation,297268,2026-06-18,20250617,20260617
355,Nick Suzuki,Nick_Suzuki,Nick_Suzuki,Q29287706,occupation,682882,2026-06-18,20250617,20260617
356,Alexandre Texier,Alexandre_Texier,Alexandre_Texier,Q30729474,occupation,171805,2026-06-18,20250617,20260617
357,Joe Veleno,Joe_Veleno,Joe_Veleno,Q20973749,occupation,110850,2026-06-18,20250617,20260617
358,Florian Xhekaj,Florian_Xhekaj,Florian_Xhekaj,Q120129774,occupation,50989,2026-06-18,20250617,20260617
359,Alexandre Carrier,Alexandre_Carrier,Alexandre_Carrier,Q28466396,occupation,57199,2026-06-18,20250617,20260617
360,Noah Dobson,Noah_Dobson,Noah_Dobson,Q52063145,occupation,158669,2026-06-18,20250617,20260617
361,Adam Engstrom,Adam_Engstrom,Adam_Engström,Q135438271,occupation,12646,2026-06-18,20250617,20260617
362,Kaiden Guhle,Kaiden_Guhle,Kaiden_Guhle,Q99744351,occupation,58034,2026-06-18,20250617,20260617
363,Lane Hutson,Lane_Hutson,Lane_Hutson,Q81903752,occupation,405235,2026-06-18,20250617,20260617
364,Mike Matheson,Mike_Matheson,Mike_Matheson,Q3313431,occupation,95771,2026-06-18,20250617,20260617
365,David Reinbacher,David_Reinbacher,David_Reinbacher,Q116769129,occupation,46169,2026-06-18,20250617,20260617
366,Jayden Struble,Jayden_Struble,Jayden_Struble,Q123527598,occupation,53217,2026-06-18,20250617,20260617
367,Arber Xhekaj,Arber_Xhekaj,Arber_Xhekaj,Q114631109,occupation,385880,2026-06-18,20250617,20260617
368,Ross Colton,Ross_Colton,Ross_Colton,Q105672753,occupation,32764,2026-06-18,20250617,20260617
369,Luke Evangelista,Luke_Evangelista,Luke_Evangelista,Q116947087,occupation,47525,2026-06-18,20250617,20260617
370,Filip Forsberg,Filip_Forsberg,Filip_Forsberg,Q1413527,occupation,97573,2026-06-18,20250617,20260617
371,Erik Haula,Erik_Haula,Erik_Haula,Q11858149,occupation,48331,2026-06-18,20250617,20260617
372,Tyson Jost,Tyson_Jost,Tyson_Jost,Q22005703,occupation,25685,2026-06-18,20250617,20260617
373,Jonathan Marchessault,Jonathan_Marchessault,Jonathan_Marchessault,Q3183311,occupation,73947,2026-06-18,20250617,20260617
374,Ryan O'Reilly,Ryan_O'Reilly,Ryan_O'Reilly,Q861211,occupation,106767,2026-06-18,20250617,20260617
375,Steven Stamkos,Steven_Stamkos,Steven_Stamkos,Q520397,occupation,185633,2026-06-18,20250617,20260617
376,Fedor Svechkov,Fedor_Svechkov,Fedor_Svechkov,Q107640761,occupation,9232,2026-06-18,20250617,20260617
377,Ozzy Wiesblatt,Ozzy_Wiesblatt,Ozzy_Wiesblatt,Q100189128,occupation,52261,2026-06-18,20250617,20260617
378,Matthew Wood,Matthew_Wood,Matthew_Wood_(ice_hockey),Q120064321,occupation,21287,2026-06-18,20250617,20260617
379,Justin Barron,Justin_Barron,Justin_Barron,Q100166662,occupation,20417,2026-06-18,20250617,20260617
380,Nicolas Hague,Nicolas_Hague,Nicolas_Hague,Q28090632,occupation,24150,2026-06-18,20250617,20260617
381,Roman Josi,Roman_Josi,Roman_Josi,Q440285,occupation,82976,2026-06-18,20250617,20260617
382,Nick Perbix,Nick_Perbix,Nick_Perbix,Q110810900,occupation,13725,2026-06-18,20250617,20260617
383,Brady Skjei,Brady_Skjei,Brady_Skjei,Q2923509,occupation,37364,2026-06-18,20250617,20260617
384,Adam Wilsby,Adam_Wilsby,Adam_Wilsby,Q67558595,occupation,4867,2026-06-18,20250617,20260617
385,Nick Bjugstad,Nick_Bjugstad,Nick_Bjugstad,Q3047621,occupation,35033,2026-06-18,20250617,20260617
386,Jesper Bratt,Jesper_Bratt,Jesper_Bratt,Q30229860,occupation,27859,2026-06-18,20250617,20260617
387,Connor Brown,Connor_Brown,Connor_Brown_(ice_hockey),Q16209503,occupation,44109,2026-06-18,20250617,20260617
388,Paul Cotter,Paul_Cotter,Paul_Cotter,Q109521040,occupation,15988,2026-06-18,20250617,20260617
389,Evgenii Dadonov,Evgenii_Dadonov,Evgenii_Dadonov,Q209947,occupation,35266,2026-06-18,20250617,20260617
390,Cody Glass,Cody_Glass,Cody_Glass,Q28869018,occupation,37936,2026-06-18,20250617,20260617
391,Arseny Gritsyuk,Arseny_Gritsyuk,Arseni_Gritsyuk,Q110279142,occupation,28861,2026-06-18,20250617,20260617
392,Nico Hischier,Nico_Hischier,Nico_Hischier,Q23817773,occupation,110206,2026-06-18,20250617,20260617
393,Jack Hughes,Jack_Hughes,Jack_Hughes,Q55614777,occupation,2586616,2026-06-18,20250617,20260617
394,Zack MacEwen,Zack_MacEwen,Zack_MacEwen,Q61699318,occupation,15829,2026-06-18,20250617,20260617
395,Timo Meier,Timo_Meier,Timo_Meier,Q20392160,occupation,51410,2026-06-18,20250617,20260617
396,Dawson Mercer,Dawson_Mercer,Dawson_Mercer,Q99744349,occupation,25835,2026-06-18,20250617,20260617
397,Stefan Noesen,Stefan_Noesen,Stefan_Noesen,Q524005,occupation,14523,2026-06-18,20250617,20260617
398,Maxim Tsyplakov,Maxim_Tsyplakov,Maxim_Tsyplakov,Q108923123,occupation,20787,2026-06-18,20250617,20260617
399,Dennis Cholowski,Dennis_Cholowski,Dennis_Cholowski,Q24790832,occupation,13665,2026-06-18,20250617,20260617
400,Brenden Dillon,Brenden_Dillon,Brenden_Dillon,Q4558770,occupation,45349,2026-06-18,20250617,20260617
401,Dougie Hamilton,Dougie_Hamilton,Dougie_Hamilton,Q522687,occupation,58224,2026-06-18,20250617,20260617
402,Luke Hughes,Luke_Hughes,Luke_Hughes_(ice_hockey),Q107636885,occupation,482432,2026-06-18,20250617,20260617
403,Johnathan Kovacevic,Johnathan_Kovacevic,Johnathan_Kovacevic,Q110726950,occupation,16625,2026-06-18,20250617,20260617
404,Simon Nemec,Simon_Nemec,Šimon_Nemec,Q106943350,occupation,63672,2026-06-18,20250617,20260617
405,Brett Pesce,Brett_Pesce,Brett_Pesce,Q21278883,occupation,15714,2026-06-18,20250617,20260617
406,Jonas Siegenthaler,Jonas_Siegenthaler,Jonas_Siegenthaler,Q16990473,occupation,20248,2026-06-18,20250617,20260617
407,Mathew Barzal,Mathew_Barzal,Mathew_Barzal,Q17385625,occupation,103845,2026-06-18,20250617,20260617
408,Casey Cizikas,Casey_Cizikas,Casey_Cizikas,Q2940973,occupation,24837,2026-06-18,20250617,20260617
409,Anthony Duclair,Anthony_Duclair,Anthony_Duclair,Q16228616,occupation,45886,2026-06-18,20250617,20260617
410,Marc Gatcomb,Marc_Gatcomb,Marc_Gatcomb,Q131764819,occupation,10866,2026-06-18,20250617,20260617
411,Emil Heineman,Emil_Heineman,Emil_Heineman,Q100159282,occupation,52064,2026-06-18,20250617,20260617
412,Simon Holmstrom,Simon_Holmstrom,Simon_Holmström,Q57293781,occupation,16224,2026-06-18,20250617,20260617
413,Bo Horvat,Bo_Horvat,Bo_Horvat,Q13581453,occupation,127396,2026-06-18,20250617,20260617
414,Anders Lee,Anders_Lee,Anders_Lee,Q4753855,occupation,61223,2026-06-18,20250617,20260617
415,Kyle MacLean,Kyle_MacLean,Kyle_MacLean,Q124322319,occupation,8675,2026-06-18,20250617,20260617
416,Jean-Gabriel Pageau,Jean-Gabriel_Pageau,Jean-Gabriel_Pageau,Q12860187,occupation,22106,2026-06-18,20250617,20260617
417,Ondrej Palat,Ondrej_Palat,Ondřej_Palát,Q6381284,occupation,45202,2026-06-18,20250617,20260617
418,Kyle Palmieri,Kyle_Palmieri,Kyle_Palmieri,Q526935,occupation,29385,2026-06-18,20250617,20260617
419,Brayden Schenn,Brayden_Schenn,Brayden_Schenn,Q902941,occupation,79452,2026-06-18,20250617,20260617
420,Max Shabanov,Max_Shabanov,Maxim_Shabanov,Q123035720,occupation,24047,2026-06-18,20250617,20260617
421,Adam Boqvist,Adam_Boqvist,Adam_Boqvist,Q40592571,occupation,20746,2026-06-18,20250617,20260617
422,Tony DeAngelo,Tony_DeAngelo,Tony_DeAngelo,Q16228519,occupation,49890,2026-06-18,20250617,20260617
423,Scott Mayfield,Scott_Mayfield,Scott_Mayfield,Q6380406,occupation,14952,2026-06-18,20250617,20260617
424,Adam Pelech,Adam_Pelech,Adam_Pelech,Q16229469,occupation,15329,2026-06-18,20250617,20260617
425,Ryan Pulock,Ryan_Pulock,Ryan_Pulock,Q7384450,occupation,14148,2026-06-18,20250617,20260617
426,Alexander Romanov,Alexander_Romanov,,,none,,2026-06-18,20250617,20260617
427,Matthew Schaefer,Matthew_Schaefer,Matthew_Schaefer,Q130416868,occupation,689795,2026-06-18,20250617,20260617
428,Carson Soucy,Carson_Soucy,Carson_Soucy,Q51403345,occupation,31222,2026-06-18,20250617,20260617
429,Jonny Brodzinski,Jonny_Brodzinski,Jonny_Brodzinski,Q20087670,occupation,14000,2026-06-18,20250617,20260617
430,Jaroslav Chmelar,Jaroslav_Chmelar,,,none,,2026-06-18,20250617,20260617
431,Will Cuylle,Will_Cuylle,Will_Cuylle,Q112133947,occupation,25707,2026-06-18,20250617,20260617
432,Adam Edstrom,Adam_Edstrom,Adam_Edström,Q64853087,occupation,8992,2026-06-18,20250617,20260617
433,Tye Kartye,Tye_Kartye,Tye_Kartye,Q117865206,occupation,23218,2026-06-18,20250617,20260617
434,Noah Laba,Noah_Laba,Noah_Laba,Q125521759,occupation,40843,2026-06-18,20250617,20260617
435,Alexis Lafrenière,Alexis_Lafrenière,Alexis_Lafrenière,Q52012798,occupation,101982,2026-06-18,20250617,20260617
436,J.T. Miller,J.T._Miller,J._T._Miller,Q540422,occupation,174126,2026-06-18,20250617,20260617
437,Gabe Perreault,Gabe_Perreault,Gabe_Perreault,Q120073173,occupation,73841,2026-06-18,20250617,20260617
438,Taylor Raddysh,Taylor_Raddysh,Taylor_Raddysh,Q28160427,occupation,57428,2026-06-18,20250617,20260617
439,Matt Rempe,Matt_Rempe,Matt_Rempe,Q124515704,occupation,126186,2026-06-18,20250617,20260617
440,Conor Sheary,Conor_Sheary,Conor_Sheary,Q21774096,occupation,38321,2026-06-18,20250617,20260617
441,Adam Sykora,Adam_Sykora,Adam_Sýkora,Q81907417,occupation,19656,2026-06-18,20250617,20260617
442,Vincent Trocheck,Vincent_Trocheck,Vincent_Trocheck,Q7932086,occupation,153358,2026-06-18,20250617,20260617
443,Mika Zibanejad,Mika_Zibanejad,Mika_Zibanejad,Q1859388,occupation,168688,2026-06-18,20250617,20260617
444,Will Borgen,Will_Borgen,Will_Borgen,Q47067563,occupation,20150,2026-06-18,20250617,20260617
445,Drew Fortescue,Drew_Fortescue,Drew_Fortescue,Q124098758,occupation,19400,2026-06-18,20250617,20260617
446,Adam Fox,Adam_Fox,Adam_Fox,Q60735944,occupation,81850,2026-06-18,20250617,20260617
447,Vladislav Gavrikov,Vladislav_Gavrikov,Vladislav_Gavrikov,Q20066382,occupation,40989,2026-06-18,20250617,20260617
448,Vincent Iorio,Vincent_Iorio,Vincent_Iorio,Q116972089,occupation,29051,2026-06-18,20250617,20260617
449,Matthew Robertson,Matthew_Robertson,Matthew_Robertson,Q114586313,occupation,19642,2026-06-18,20250617,20260617
450,Braden Schneider,Braden_Schneider,Braden_Schneider,Q99744350,occupation,24360,2026-06-18,20250617,20260617
451,Urho Vaakanainen,Urho_Vaakanainen,Urho_Vaakanainen,Q22917015,occupation,15970,2026-06-18,20250617,20260617
452,Michael Amadio,Michael_Amadio,Michael_Amadio,Q42422430,occupation,15834,2026-06-18,20250617,20260617
453,Drake Batherson,Drake_Batherson,Drake_Batherson,Q58767012,occupation,42481,2026-06-18,20250617,20260617
454,Graeme Clarke,Graeme_Clarke,Graeme_Clarke,Q123352915,occupation,10336,2026-06-18,20250617,20260617
455,Nick Cousins,Nick_Cousins,Nick_Cousins,Q19611265,occupation,46133,2026-06-18,20250617,20260617
456,Dylan Cozens,Dylan_Cozens,Dylan_Cozens,Q65030083,occupation,49596,2026-06-18,20250617,20260617
457,Lars Eller,Lars_Eller,Lars_Eller,Q427363,occupation,54266,2026-06-18,20250617,20260617
458,Warren Foegele,Warren_Foegele,Warren_Foegele,Q51010020,occupation,29042,2026-06-18,20250617,20260617
459,Claude Giroux,Claude_Giroux,Claude_Giroux,Q940193,occupation,132825,2026-06-18,20250617,20260617
460,Ridly Greig,Ridly_Greig,Ridly_Greig,Q100177658,occupation,25087,2026-06-18,20250617,20260617
461,Stephen Halliday,Stephen_Halliday,Stephen_Halliday_(ice_hockey),Q134294475,occupation,7713,2026-06-18,20250617,20260617
462,Hayden Hodgson,Hayden_Hodgson,Hayden_Hodgson,Q111362302,occupation,7029,2026-06-18,20250617,20260617
463,Arthur Kaliyev,Arthur_Kaliyev,Arthur_Kaliyev,Q64781802,occupation,40150,2026-06-18,20250617,20260617
464,Kurtis MacDermid,Kurtis_MacDermid,Kurtis_MacDermid,Q41719374,occupation,25743,2026-06-18,20250617,20260617
465,Shane Pinto,Shane_Pinto,Shane_Pinto,Q64853340,occupation,48592,2026-06-18,20250617,20260617
466,Tim Stützle,Tim_Stützle,Tim_Stützle,Q70008386,occupation,72456,2026-06-18,20250617,20260617
467,Brady Tkachuk,Brady_Tkachuk,Brady_Tkachuk,Q47091197,occupation,649712,2026-06-18,20250617,20260617
468,Fabian Zetterlund,Fabian_Zetterlund,Fabian_Zetterlund,Q27049206,occupation,19269,2026-06-18,20250617,20260617
469,Thomas Chabot,Thomas_Chabot,Thomas_Chabot,Q20070752,occupation,28681,2026-06-18,20250617,20260617
470,Cameron Crotty,Cameron_Crotty,Cameron_Crotty,Q125141169,occupation,8561,2026-06-18,20250617,20260617
471,Dennis Gilbert,Dennis_Gilbert,Dennis_Gilbert_(ice_hockey),Q20676428,occupation,18843,2026-06-18,20250617,20260617
472,Nick Jensen,Nick_Jensen,Nick_Jensen,Q16229145,occupation,17381,2026-06-18,20250617,20260617
473,Tyler Kleven,Tyler_Kleven,Tyler_Kleven,Q117349974,occupation,12936,2026-06-18,20250617,20260617
474,Nikolas Matinpalo,Nikolas_Matinpalo,Nikolas_Matinpalo,Q61103628,occupation,11960,2026-06-18,20250617,20260617
475,Jake Sanderson,Jake_Sanderson,Jake_Sanderson,Q99744353,occupation,92095,2026-06-18,20250617,20260617
476,Jordan Spence,Jordan_Spence,Jordan_Spence_(ice_hockey),Q104591119,occupation,57143,2026-06-18,20250617,20260617
477,Lassi Thomson,Lassi_Thomson,Lassi_Thomson,Q64781761,occupation,8848,2026-06-18,20250617,20260617
478,Carter Yakemchuk,Carter_Yakemchuk,Carter_Yakemchuk,Q126936261,occupation,28600,2026-06-18,20250617,20260617
479,Artem Zub,Artem_Zub,Artem_Zub,Q29788672,occupation,13817,2026-06-18,20250617,20260617
480,Rodrigo Abols,Rodrigo_Abols,Rodrigo_Ābols,Q19356871,occupation,18710,2026-06-18,20250617,20260617
481,Denver Barkey,Denver_Barkey,Denver_Barkey,Q130548141,occupation,47631,2026-06-18,20250617,20260617
482,Alex Bump,Alex_Bump,Alex_Bump,Q133500284,occupation,43209,2026-06-18,20250617,20260617
483,Noah Cates,Noah_Cates,Noah_Cates,Q110552680,occupation,26768,2026-06-18,20250617,20260617
484,Sean Couturier,Sean_Couturier,Sean_Couturier,Q1860056,occupation,86102,2026-06-18,20250617,20260617
485,Christian Dvorak,Christian_Dvorak,Christian_Dvorak,Q22681273,occupation,59672,2026-06-18,20250617,20260617
486,Tyson Foerster,Tyson_Foerster,Tyson_Foerster,Q100187048,occupation,29394,2026-06-18,20250617,20260617
487,Jacob Gaucher,Jacob_Gaucher,Jacob_Gaucher,Q132126484,occupation,4454,2026-06-18,20250617,20260617
488,Luke Glendening,Luke_Glendening,Luke_Glendening,Q15081068,occupation,37651,2026-06-18,20250617,20260617
489,Nikita Grebenkin,Nikita_Grebenkin,Nikita_Grebenkin,Q120920350,occupation,29137,2026-06-18,20250617,20260617
490,Carl Grundstrom,Carl_Grundstrom,Carl_Grundström,Q20631146,occupation,18336,2026-06-18,20250617,20260617
491,Garnet Hathaway,Garnet_Hathaway,Garnet_Hathaway,Q20656991,occupation,39205,2026-06-18,20250617,20260617
492,Travis Konecny,Travis_Konecny,Travis_Konecny,Q16229347,occupation,72310,2026-06-18,20250617,20260617
493,Jett Luchanko,Jett_Luchanko,Jett_Luchanko,Q126932754,occupation,35145,2026-06-18,20250617,20260617
494,Porter Martone,Porter_Martone,Porter_Martone,Q130211542,occupation,294650,2026-06-18,20250617,20260617
495,Matvei Michkov,Matvei_Michkov,Matvei_Michkov,Q81905428,occupation,84933,2026-06-18,20250617,20260617
496,Owen Tippett,Owen_Tippett,Owen_Tippett,Q26207541,occupation,69442,2026-06-18,20250617,20260617
497,Garrett Wilson,Garrett_Wilson,Garrett_Wilson_(ice_hockey),Q16089798,occupation,14229,2026-06-18,20250617,20260617
498,Trevor Zegras,Trevor_Zegras,Trevor_Zegras,Q64781751,occupation,280746,2026-06-18,20250617,20260617
499,Emil Andrae,Emil_Andrae,Emil_Andrae,Q88670439,occupation,21235,2026-06-18,20250617,20260617
500,Simon Benoit,Simon_Benoit,Simon_Benoit,Q90828989,occupation,25753,2026-06-18,20250617,20260617
501,Oliver Bonk,Oliver_Bonk,Oliver_Bonk,Q120068593,occupation,32967,2026-06-18,20250617,20260617
502,Jamie Drysdale,Jamie_Drysdale,Jamie_Drysdale,Q80677472,occupation,68368,2026-06-18,20250617,20260617
503,Helge Grans,Helge_Grans,Helge_Grans,Q85989235,occupation,4329,2026-06-18,20250617,20260617
504,David Jiricek,David_Jiricek,David_Jiříček,Q101429563,occupation,49332,2026-06-18,20250617,20260617
505,Noah Juulsen,Noah_Juulsen,Noah_Juulsen,Q20652530,occupation,20813,2026-06-18,20250617,20260617
506,Hunter McDonald,Hunter_McDonald,Hunter_McDonald,Q137829787,occupation,1627,2026-06-18,20250617,20260617
507,Rasmus Ristolainen,Rasmus_Ristolainen,Rasmus_Ristolainen,Q3077970,occupation,46341,2026-06-18,20250617,20260617
508,Travis Sanheim,Travis_Sanheim,Travis_Sanheim,Q17180909,occupation,58529,2026-06-18,20250617,20260617
509,Nick Seeler,Nick_Seeler,Nick_Seeler,Q49139375,occupation,17112,2026-06-18,20250617,20260617
510,Cam York,Cam_York,Cam_York,Q64781756,occupation,38871,2026-06-18,20250617,20260617
511,Noel Acciari,Noel_Acciari,Noel_Acciari,Q20675813,occupation,26493,2026-06-18,20250617,20260617
512,Justin Brazeau,Justin_Brazeau,Justin_Brazeau,Q124622990,occupation,52940,2026-06-18,20250617,20260617
513,Egor Chinakhov,Egor_Chinakhov,Egor_Chinakhov,Q100150011,occupation,30854,2026-06-18,20250617,20260617
514,Sidney Crosby,Sidney_Crosby,Sidney_Crosby,Q311280,occupation,1925263,2026-06-18,20250617,20260617
515,Connor Dewar,Connor_Dewar,Connor_Dewar,Q89882950,occupation,27073,2026-06-18,20250617,20260617
516,Filip Hallander,Filip_Hallander,Filip_Hållander,Q53912891,occupation,11936,2026-06-18,20250617,20260617
517,Kevin Hayes,Kevin_Hayes,Kevin_Hayes,Q3195713,occupation,53545,2026-06-18,20250617,20260617
518,Ben Kindel,Ben_Kindel,Ben_Kindel,Q135106803,occupation,82486,2026-06-18,20250617,20260617
519,Ville Koivunen,Ville_Koivunen,Ville_Koivunen,Q108114408,occupation,14872,2026-06-18,20250617,20260617
520,Blake Lizotte,Blake_Lizotte,Blake_Lizotte,Q62932839,occupation,19449,2026-06-18,20250617,20260617
521,Evgeni Malkin,Evgeni_Malkin,Evgeni_Malkin,Q314433,occupation,311765,2026-06-18,20250617,20260617
522,Anthony Mantha,Anthony_Mantha,Anthony_Mantha,Q13580947,occupation,79630,2026-06-18,20250617,20260617
523,Tommy Novak,Tommy_Novak,Tommy_Novak,Q20707370,occupation,26356,2026-06-18,20250617,20260617
524,Rickard Rakell,Rickard_Rakell,Rickard_Rakell,Q1731789,occupation,35474,2026-06-18,20250617,20260617
525,Bryan Rust,Bryan_Rust,Bryan_Rust,Q18637940,occupation,52525,2026-06-18,20250617,20260617
526,Elmer Soderblom,Elmer_Soderblom,Elmer_Söderblom,Q104179563,occupation,43038,2026-06-18,20250617,20260617
527,Connor Clifton,Connor_Clifton,Connor_Clifton,Q58837108,occupation,28586,2026-06-18,20250617,20260617
528,Samuel Girard,Samuel_Girard,Sam_Girard,Q41874508,occupation,40520,2026-06-18,20250617,20260617
529,Ryan Graves,Ryan_Graves,Ryan_Graves_(ice_hockey),Q50365958,occupation,27543,2026-06-18,20250617,20260617
530,Erik Karlsson,Erik_Karlsson,Erik_Karlsson,Q929159,occupation,155654,2026-06-18,20250617,20260617
531,Kris Letang,Kris_Letang,Kris_Letang,Q1376409,occupation,142416,2026-06-18,20250617,20260617
532,Jake Livanavage,Jake_Livanavage,Jake_Livanavage,Q133930914,occupation,8601,2026-06-18,20250617,20260617
533,Ryan Shea,Ryan_Shea,Ryan_Shea,Q108301337,occupation,18266,2026-06-18,20250617,20260617
534,Ilya Solovyov,Ilya_Solovyov,Ilya_Solovyov,Q107136932,occupation,23184,2026-06-18,20250617,20260617
535,Jack St. Ivany,Jack_St._Ivany,Jack_St._Ivany,Q125116639,occupation,10100,2026-06-18,20250617,20260617
536,Parker Wotherspoon,Parker_Wotherspoon,Parker_Wotherspoon,Q21683687,occupation,28068,2026-06-18,20250617,20260617
537,Macklin Celebrini,Macklin_Celebrini,Macklin_Celebrini,Q116369841,occupation,1297240,2026-06-18,20250617,20260617
538,Ty Dellandrea,Ty_Dellandrea,Ty_Dellandrea,Q55183445,occupation,22284,2026-06-18,20250617,20260617
539,William Eklund,William_Eklund,William_Eklund,Q104473429,occupation,84884,2026-06-18,20250617,20260617
540,Adam Gaudette,Adam_Gaudette,Adam_Gaudette,Q28935407,occupation,37304,2026-06-18,20250617,20260617
541,Barclay Goodrow,Barclay_Goodrow,Barclay_Goodrow,Q18391246,occupation,27540,2026-06-18,20250617,20260617
542,Collin Graf,Collin_Graf,Collin_Graf,Q117468322,occupation,40434,2026-06-18,20250617,20260617
543,Philipp Kurashev,Philipp_Kurashev,Philipp_Kurashev,Q60284256,occupation,32682,2026-06-18,20250617,20260617
544,Michael Misa,Michael_Misa,Michael_Misa,Q120143115,occupation,182213,2026-06-18,20250617,20260617
545,Zack Ostapchuk,Zack_Ostapchuk,Zack_Ostapchuk,Q124828144,occupation,21544,2026-06-18,20250617,20260617
546,Ryan Reaves,Ryan_Reaves,Ryan_Reaves,Q2178104,occupation,164493,2026-06-18,20250617,20260617
547,Pavol Regenda,Pavol_Regenda,Pavol_Regenda,Q110933819,occupation,34530,2026-06-18,20250617,20260617
548,Kiefer Sherwood,Kiefer_Sherwood,Kiefer_Sherwood,Q56876110,occupation,119304,2026-06-18,20250617,20260617
549,Will Smith,Will_Smith,Will_Smith_(ice_hockey),Q120015664,occupation,270091,2026-06-18,20250617,20260617
550,Tyler Toffoli,Tyler_Toffoli,Tyler_Toffoli,Q3546040,occupation,89077,2026-06-18,20250617,20260617
551,Alexander Wennberg,Alexander_Wennberg,Alexander_Wennberg,Q4720354,occupation,60084,2026-06-18,20250617,20260617
552,Vincent Desharnais,Vincent_Desharnais,Vincent_Desharnais,Q116178534,occupation,34185,2026-06-18,20250617,20260617
553,Sam Dickinson,Sam_Dickinson,Sam_Dickinson_(ice_hockey),Q124634454,occupation,50292,2026-06-18,20250617,20260617
554,Mario Ferraro,Mario_Ferraro,Mario_Ferraro,Q69524804,occupation,36411,2026-06-18,20250617,20260617
555,John Klingberg,John_Klingberg,John_Klingberg,Q527382,occupation,37076,2026-06-18,20250617,20260617
556,Nick Leddy,Nick_Leddy,Nick_Leddy,Q1985505,occupation,38135,2026-06-18,20250617,20260617
557,Shakir Mukhamadullin,Shakir_Mukhamadullin,Shakir_Mukhamadullin,Q98961212,occupation,49739,2026-06-18,20250617,20260617
558,Dmitry Orlov,Dmitry_Orlov,Dmitry_Orlov_(ice_hockey),Q1232790,occupation,34724,2026-06-18,20250617,20260617
559,Matty Beniers,Matty_Beniers,Matty_Beniers,Q107035397,occupation,73352,2026-06-18,20250617,20260617
560,Berkly Catton,Berkly_Catton,Berkly_Catton,Q124260524,occupation,34044,2026-06-18,20250617,20260617
561,Jordan Eberle,Jordan_Eberle,Jordan_Eberle,Q975074,occupation,76134,2026-06-18,20250617,20260617
562,Frederick Gaudreau,Frederick_Gaudreau,Frédérick_Gaudreau,Q27530137,occupation,40252,2026-06-18,20250617,20260617
563,Kaapo Kakko,Kaapo_Kakko,Kaapo_Kakko,Q45835153,occupation,72452,2026-06-18,20250617,20260617
564,Jared McCann,Jared_McCann,Jared_McCann,Q16229703,occupation,41484,2026-06-18,20250617,20260617
565,Bobby McMann,Bobby_McMann,Bobby_McMann,Q116176450,occupation,55439,2026-06-18,20250617,20260617
566,Ben Meyers,Ben_Meyers,Ben_Meyers,Q110932966,occupation,12257,2026-06-18,20250617,20260617
567,Jaden Schwartz,Jaden_Schwartz,Jaden_Schwartz,Q3160420,occupation,24710,2026-06-18,20250617,20260617
568,Chandler Stephenson,Chandler_Stephenson,Chandler_Stephenson,Q21192284,occupation,21875,2026-06-18,20250617,20260617
569,Eeli Tolvanen,Eeli_Tolvanen,Eeli_Tolvanen,Q23906048,occupation,20250,2026-06-18,20250617,20260617
570,Ryan Winterton,Ryan_Winterton,Ryan_Winterton,Q123394071,occupation,15812,2026-06-18,20250617,20260617
571,Shane Wright,Shane_Wright,Shane_Wright,Q105731667,occupation,70853,2026-06-18,20250617,20260617
572,Vince Dunn,Vince_Dunn,Vince_Dunn,Q41611395,occupation,40387,2026-06-18,20250617,20260617
573,Ryker Evans,Ryker_Evans,Ryker_Evans,Q112144287,occupation,12444,2026-06-18,20250617,20260617
574,Cale Fleury,Cale_Fleury,Cale_Fleury,Q69412866,occupation,24239,2026-06-18,20250617,20260617
575,Adam Larsson,Adam_Larsson,Adam_Larsson,Q350284,occupation,32945,2026-06-18,20250617,20260617
576,Ryan Lindgren,Ryan_Lindgren,Ryan_Lindgren,Q24827237,occupation,34656,2026-06-18,20250617,20260617
577,Joshua Mahura,Joshua_Mahura,Josh_Mahura,Q58883801,occupation,10573,2026-06-18,20250617,20260617
578,Brandon Montour,Brandon_Montour,Brandon_Montour,Q23799452,occupation,59694,2026-06-18,20250617,20260617
579,Jamie Oleksiak,Jamie_Oleksiak,Jamie_Oleksiak,Q3161564,occupation,39706,2026-06-18,20250617,20260617
580,Jonatan Berggren,Jonatan_Berggren,Jonatan_Berggren,Q52154379,occupation,16642,2026-06-18,20250617,20260617
581,Pavel Buchnevich,Pavel_Buchnevich,Pavel_Buchnevich,Q3372929,occupation,17375,2026-06-18,20250617,20260617
582,Jonathan Drouin,Jonathan_Drouin,Jonathan_Drouin,Q1572118,occupation,78280,2026-06-18,20250617,20260617
583,Dalibor Dvorsky,Dalibor_Dvorsky,Dalibor_Dvorský,Q109335919,occupation,41957,2026-06-18,20250617,20260617
584,Jack Finley,Jack_Finley,Jack_Finley,Q120401898,occupation,25161,2026-06-18,20250617,20260617
585,Dylan Holloway,Dylan_Holloway,Dylan_Holloway,Q100166692,occupation,34080,2026-06-18,20250617,20260617
586,Jordan Kyrou,Jordan_Kyrou,Jordan_Kyrou,Q47088002,occupation,54086,2026-06-18,20250617,20260617
587,Jake Neighbours,Jake_Neighbours,Jake_Neighbours,Q100166664,occupation,21114,2026-06-18,20250617,20260617
588,Jimmy Snuggerud,Jimmy_Snuggerud,Jimmy_Snuggerud,Q81907130,occupation,45863,2026-06-18,20250617,20260617
589,Oskar Sundqvist,Oskar_Sundqvist,Oskar_Sundqvist,Q6381123,occupation,20939,2026-06-18,20250617,20260617
590,Pius Suter,Pius_Suter,Pius_Suter,Q17305227,occupation,35799,2026-06-18,20250617,20260617
591,Robert Thomas,Robert_Thomas,Robert_Thomas_(ice_hockey),Q30689603,occupation,78441,2026-06-18,20250617,20260617
592,Alexey Toropchenko,Alexey_Toropchenko,Alexey_Toropchenko,Q99761947,occupation,8154,2026-06-18,20250617,20260617
593,Nathan Walker,Nathan_Walker,Nathan_Walker,Q984365,occupation,50108,2026-06-18,20250617,20260617
594,Philip Broberg,Philip_Broberg,Philip_Broberg,Q64764843,occupation,23081,2026-06-18,20250617,20260617
595,Cam Fowler,Cam_Fowler,Cam_Fowler,Q1027905,occupation,30884,2026-06-18,20250617,20260617
596,Justin Holl,Justin_Holl,Justin_Holl,Q47527934,occupation,18838,2026-06-18,20250617,20260617
597,Matthew Kessel,Matthew_Kessel,Matthew_Kessel,Q124391190,occupation,13434,2026-06-18,20250617,20260617
598,Logan Mailloux,Logan_Mailloux,Logan_Mailloux,Q107632114,occupation,83739,2026-06-18,20250617,20260617
599,Colton Parayko,Colton_Parayko,Colton_Parayko,Q16204018,occupation,99117,2026-06-18,20250617,20260617
600,Tyler Tucker,Tyler_Tucker,Tyler_Tucker,Q115249555,occupation,12637,2026-06-18,20250617,20260617
601,Oliver Bjorkstrand,Oliver_Bjorkstrand,Oliver_Bjorkstrand,Q1439741,occupation,33059,2026-06-18,20250617,20260617
602,Anthony Cirelli,Anthony_Cirelli,Anthony_Cirelli,Q50300676,occupation,44700,2026-06-18,20250617,20260617
603,Conor Geekie,Conor_Geekie,Conor_Geekie,Q81903067,occupation,60517,2026-06-18,20250617,20260617
604,Zemgus Girgensons,Zemgus_Girgensons,Zemgus_Girgensons,Q3078663,occupation,35762,2026-06-18,20250617,20260617
605,Gage Goncalves,Gage_Goncalves,Gage_Goncalves,Q124258303,occupation,38963,2026-06-18,20250617,20260617
606,Yanni Gourde,Yanni_Gourde,Yanni_Gourde,Q3571720,occupation,46135,2026-06-18,20250617,20260617
607,Jake Guentzel,Jake_Guentzel,Jake_Guentzel,Q27902006,occupation,189533,2026-06-18,20250617,20260617
608,Brandon Hagel,Brandon_Hagel,Brandon_Hagel,Q87544687,occupation,156523,2026-06-18,20250617,20260617
609,Pontus Holmberg,Pontus_Holmberg,Pontus_Holmberg,Q53869727,occupation,20658,2026-06-18,20250617,20260617
610,Dominic James,Dominic_James,Dominic_James_(ice_hockey),Q136746484,occupation,22246,2026-06-18,20250617,20260617
611,Nikita Kucherov,Nikita_Kucherov,Nikita_Kucherov,Q1693680,occupation,200661,2026-06-18,20250617,20260617
612,Nick Paul,Nick_Paul,Nick_Paul,Q22891534,occupation,23057,2026-06-18,20250617,20260617
613,Corey Perry,Corey_Perry,Corey_Perry,Q948963,occupation,362844,2026-06-18,20250617,20260617
614,Brayden Point,Brayden_Point,Brayden_Point,Q17183570,occupation,56368,2026-06-18,20250617,20260617
615,Scott Sabourin,Scott_Sabourin,Scott_Sabourin,Q16224923,occupation,45736,2026-06-18,20250617,20260617
616,Declan Carlile,Declan_Carlile,Declan_Carlile,Q124151607,occupation,9744,2026-06-18,20250617,20260617
617,Erik Cernak,Erik_Cernak,Erik_Černák,Q15613791,occupation,27209,2026-06-18,20250617,20260617
618,Max Crozier,Max_Crozier,Max_Crozier,Q124285797,occupation,12405,2026-06-18,20250617,20260617
619,Charle-Edouard D'Astous,Charle-Edouard_D'Astous,Charle-Edouard_D'Astous,Q116942773,occupation,22734,2026-06-18,20250617,20260617
620,Victor Hedman,Victor_Hedman,Victor_Hedman,Q728924,occupation,85555,2026-06-18,20250617,20260617
621,Emil Lilleberg,Emil_Lilleberg,Emil_Lilleberg,Q90910550,occupation,15299,2026-06-18,20250617,20260617
622,Ryan McDonagh,Ryan_McDonagh,Ryan_McDonagh,Q2094838,occupation,63575,2026-06-18,20250617,20260617
623,J.J. Moser,J.J._Moser,J._J._Moser,Q63457572,occupation,28973,2026-06-18,20250617,20260617
624,Darren Raddysh,Darren_Raddysh,Darren_Raddysh,Q98755073,occupation,63590,2026-06-18,20250617,20260617
625,Max Domi,Max_Domi,Max_Domi,Q13581451,occupation,134626,2026-06-18,20250617,20260617
626,Bo Groulx,Bo_Groulx,,,none,,2026-06-18,20250617,20260617
627,Luke Haymes,Luke_Haymes,,,none,,2026-06-18,20250617,20260617
628,Calle Jarnkrok,Calle_Jarnkrok,Calle_Järnkrok,Q961358,occupation,23199,2026-06-18,20250617,20260617
629,Dakota Joshua,Dakota_Joshua,Dakota_Joshua,Q19519917,occupation,78211,2026-06-18,20250617,20260617
630,Matthew Knies,Matthew_Knies,Matthew_Knies,Q110984252,occupation,111072,2026-06-18,20250617,20260617
631,Steven Lorentz,Steven_Lorentz,Steven_Lorentz,Q105104970,occupation,25645,2026-06-18,20250617,20260617
632,Matias Maccelli,Matias_Maccelli,Matias_Maccelli,Q70335829,occupation,74813,2026-06-18,20250617,20260617
633,Auston Matthews,Auston_Matthews,Auston_Matthews,Q20090644,occupation,672861,2026-06-18,20250617,20260617
634,William Nylander,William_Nylander,William_Nylander,Q14614517,occupation,196100,2026-06-18,20250617,20260617
635,Nicholas Robertson,Nicholas_Robertson,Nicholas_Robertson_(ice_hockey),Q98066183,occupation,67119,2026-06-18,20250617,20260617
636,John Tavares,John_Tavares,John_Tavares,Q537353,occupation,200917,2026-06-18,20250617,20260617
637,Emil Andrae,Emil_Andrae,Emil_Andrae,Q88670439,occupation,21235,2026-06-18,20250617,20260617
638,Simon Benoit,Simon_Benoit,Simon_Benoit,Q90828989,occupation,25753,2026-06-18,20250617,20260617
639,Brandon Carlo,Brandon_Carlo,Brandon_Carlo,Q20067419,occupation,49122,2026-06-18,20250617,20260617
640,Oliver Ekman-Larsson,Oliver_Ekman-Larsson,Oliver_Ekman-Larsson,Q1390668,occupation,65481,2026-06-18,20250617,20260617
641,Jake McCabe,Jake_McCabe,Jake_McCabe,Q16054878,occupation,27923,2026-06-18,20250617,20260617
642,Philippe Myers,Philippe_Myers,Philippe_Myers,Q56658449,occupation,18083,2026-06-18,20250617,20260617
643,Morgan Rielly,Morgan_Rielly,Morgan_Rielly,Q552306,occupation,149242,2026-06-18,20250617,20260617
644,Troy Stecher,Troy_Stecher,Troy_Stecher,Q27571839,occupation,64187,2026-06-18,20250617,20260617
645,Chris Tanev,Chris_Tanev,Christopher_Tanev,Q1086998,occupation,45955,2026-06-18,20250617,20260617
646,Andrew Agozzino,Andrew_Agozzino,Andrew_Agozzino,Q4756183,occupation,6536,2026-06-18,20250617,20260617
647,Daniil But,Daniil_But,Daniil_But,Q120067880,occupation,14462,2026-06-18,20250617,20260617
648,Michael Carcone,Michael_Carcone,Michael_Carcone,Q110304604,occupation,15809,2026-06-18,20250617,20260617
649,Logan Cooley,Logan_Cooley,Logan_Cooley,Q112967578,occupation,114320,2026-06-18,20250617,20260617
650,Lawson Crouse,Lawson_Crouse,Lawson_Crouse,Q18763985,occupation,26381,2026-06-18,20250617,20260617
651,Dylan Guenther,Dylan_Guenther,Dylan_Guenther,Q108030630,occupation,60350,2026-06-18,20250617,20260617
652,Barrett Hayton,Barrett_Hayton,Barrett_Hayton,Q51777580,occupation,23374,2026-06-18,20250617,20260617
653,Clayton Keller,Clayton_Keller,Clayton_Keller,Q22278556,occupation,178734,2026-06-18,20250617,20260617
654,Alexander Kerfoot,Alexander_Kerfoot,Alexander_Kerfoot,Q41455254,occupation,26898,2026-06-18,20250617,20260617
655,Jack McBain,Jack_McBain,Jack_McBain,Q110876482,occupation,21957,2026-06-18,20250617,20260617
656,Ben McCartney,Ben_McCartney,Ben_McCartney,Q109448153,occupation,2377,2026-06-18,20250617,20260617
657,Liam O'Brien,Liam_O'Brien,Liam_O'Brien_(ice_hockey),Q18228540,occupation,19786,2026-06-18,20250617,20260617
658,JJ Peterka,JJ_Peterka,JJ_Peterka,Q80808677,occupation,77709,2026-06-18,20250617,20260617
659,Kevin Rooney,Kevin_Rooney,Kevin_Rooney_(ice_hockey),Q28865575,occupation,12710,2026-06-18,20250617,20260617
660,Nick Schmaltz,Nick_Schmaltz,Nick_Schmaltz,Q17180924,occupation,60150,2026-06-18,20250617,20260617
661,Kevin Stenlund,Kevin_Stenlund,Kevin_Stenlund,Q20709999,occupation,10814,2026-06-18,20250617,20260617
662,Brandon Tanev,Brandon_Tanev,Brandon_Tanev,Q23918693,occupation,51179,2026-06-18,20250617,20260617
663,Kailer Yamamoto,Kailer_Yamamoto,Kailer_Yamamoto,Q24827223,occupation,75836,2026-06-18,20250617,20260617
664,Ian Cole,Ian_Cole,Ian_Cole,Q1655486,occupation,42829,2026-06-18,20250617,20260617
665,Nick DeSimone,Nick_DeSimone,Nick_DeSimone,Q115133336,occupation,11855,2026-06-18,20250617,20260617
666,Sean Durzi,Sean_Durzi,Sean_Durzi,Q109735832,occupation,21726,2026-06-18,20250617,20260617
667,Maveric Lamoureux,Maveric_Lamoureux,Maveric_Lamoureux,Q112967564,occupation,13644,2026-06-18,20250617,20260617
668,John Marino,John_Marino,John_Marino,Q70152038,occupation,20891,2026-06-18,20250617,20260617
669,Scott Perunovich,Scott_Perunovich,Scott_Perunovich,Q62082495,occupation,19757,2026-06-18,20250617,20260617
670,Nate Schmidt,Nate_Schmidt,Nate_Schmidt,Q15142783,occupation,64778,2026-06-18,20250617,20260617
671,Mikhail Sergachev,Mikhail_Sergachev,Mikhail_Sergachev,Q21622801,occupation,62878,2026-06-18,20250617,20260617
672,Dmitri Simashev,Dmitri_Simashev,Dmitriy_Simashev,Q120067858,occupation,17729,2026-06-18,20250617,20260617
673,Maksymilian Szuber,Maksymilian_Szuber,Maksymilian_Szuber,Q111901366,occupation,4449,2026-06-18,20250617,20260617
674,MacKenzie Weegar,MacKenzie_Weegar,MacKenzie_Weegar,Q29246743,occupation,46784,2026-06-18,20250617,20260617
675,Nils Aman,Nils_Aman,Nils_Åman,Q100251382,occupation,5362,2026-06-18,20250617,20260617
676,Teddy Blueger,Teddy_Blueger,Teddy_Blueger,Q15407916,occupation,30875,2026-06-18,20250617,20260617
677,Brock Boeser,Brock_Boeser,Brock_Boeser,Q20090315,occupation,73665,2026-06-18,20250617,20260617
678,Filip Chytil,Filip_Chytil,Filip_Chytil,Q30582528,occupation,27748,2026-06-18,20250617,20260617
679,Jake DeBrusk,Jake_DeBrusk,Jake_DeBrusk,Q20536540,occupation,46347,2026-06-18,20250617,20260617
680,Curtis Douglas,Curtis_Douglas,Curtis_Douglas,Q136470461,occupation,37064,2026-06-18,20250617,20260617
681,Nils Hoglander,Nils_Hoglander,Nils_Höglander,Q54828774,occupation,12589,2026-06-18,20250617,20260617
682,Evander Kane,Evander_Kane,Evander_Kane,Q976515,occupation,289225,2026-06-18,20250617,20260617
683,Linus Karlsson,Linus_Karlsson,Linus_Karlsson_(ice_hockey),Q55364020,occupation,18897,2026-06-18,20250617,20260617
684,Drew O'Connor,Drew_O'Connor,Drew_O'Connor,Q105083026,occupation,25446,2026-06-18,20250617,20260617
685,Liam Ohgren,Liam_Ohgren,Liam_Öhgren,Q112960703,occupation,54560,2026-06-18,20250617,20260617
686,Elias Pettersson,Elias_Pettersson,Elias_Pettersson,Q28057083,occupation,120496,2026-06-18,20250617,20260617
687,Aatu Räty,Aatu_Räty,Aatu_Räty,Q70335876,occupation,24300,2026-06-18,20250617,20260617
688,Marco Rossi,Marco_Rossi,Marco_Rossi_(ice_hockey),Q44086008,occupation,77393,2026-06-18,20250617,20260617
689,Max Sasson,Max_Sasson,Max_Sasson,Q131316613,occupation,23000,2026-06-18,20250617,20260617
690,Zeev Buium,Zeev_Buium,Zeev_Buium,Q124098765,occupation,180431,2026-06-18,20250617,20260617
691,Derek Forbort,Derek_Forbort,Derek_Forbort,Q3023724,occupation,11995,2026-06-18,20250617,20260617
692,Filip Hronek,Filip_Hronek,Filip_Hronek,Q20057354,occupation,29813,2026-06-18,20250617,20260617
693,Pierre-Olivier Joseph,Pierre-Olivier_Joseph,Pierre-Olivier_Joseph,Q30596054,occupation,31776,2026-06-18,20250617,20260617
694,Victor Mancini,Victor_Mancini,Victor_Mancini,Q130470301,occupation,21876,2026-06-18,20250617,20260617
695,Elias Pettersson,Elias_Pettersson,Elias_Pettersson,Q28057083,occupation,120496,2026-06-18,20250617,20260617
696,Marcus Pettersson,Marcus_Pettersson,Marcus_Pettersson,Q16224651,occupation,21118,2026-06-18,20250617,20260617
697,Tom Willander,Tom_Willander,Tom_Willander,Q119997633,occupation,21683,2026-06-18,20250617,20260617
698,Ivan Barbashev,Ivan_Barbashev,Ivan_Barbashev,Q16147074,occupation,40427,2026-06-18,20250617,20260617
699,Braeden Bowman,Braeden_Bowman,Braeden_Bowman,Q136785645,occupation,17888,2026-06-18,20250617,20260617
700,Pavel Dorofeyev,Pavel_Dorofeyev,Pavel_Dorofeyev,Q60677539,occupation,60970,2026-06-18,20250617,20260617
701,Nic Dowd,Nic_Dowd,Nic_Dowd,Q16228586,occupation,55248,2026-06-18,20250617,20260617
702,Jack Eichel,Jack_Eichel,Jack_Eichel,Q17285387,occupation,344877,2026-06-18,20250617,20260617
703,Tomas Hertl,Tomas_Hertl,Tomáš_Hertl,Q2257856,occupation,74555,2026-06-18,20250617,20260617
704,Alexander Holtz,Alexander_Holtz,Alexander_Holtz,Q63375795,occupation,22338,2026-06-18,20250617,20260617
705,Brett Howden,Brett_Howden,Brett_Howden,Q24805730,occupation,100332,2026-06-18,20250617,20260617
706,William Karlsson,William_Karlsson,William_Karlsson,Q2577203,occupation,69755,2026-06-18,20250617,20260617
707,Keegan Kolesar,Keegan_Kolesar,Keegan_Kolesar,Q81764726,occupation,42796,2026-06-18,20250617,20260617
708,Tanner Laczynski,Tanner_Laczynski,Tanner_Laczynski,Q106359276,occupation,7270,2026-06-18,20250617,20260617
709,Raphael Lavoie,Raphael_Lavoie,Raphaël_Lavoie,Q98744669,occupation,8572,2026-06-18,20250617,20260617
710,Mitch Marner,Mitch_Marner,Mitch_Marner,Q19896071,occupation,560924,2026-06-18,20250617,20260617
711,Jonas Rondbjerg,Jonas_Rondbjerg,Jonas_Røndbjerg,Q23845870,occupation,11773,2026-06-18,20250617,20260617
712,Brandon Saad,Brandon_Saad,Brandon_Saad,Q389490,occupation,70561,2026-06-18,20250617,20260617
713,Colton Sissons,Colton_Sissons,Colton_Sissons,Q15705565,occupation,24135,2026-06-18,20250617,20260617
714,Cole Smith,Cole_Smith,Cole_Smith_(ice_hockey),Q104828654,occupation,33566,2026-06-18,20250617,20260617
715,Reilly Smith,Reilly_Smith,Reilly_Smith,Q4588453,occupation,117765,2026-06-18,20250617,20260617
716,Mark Stone,Mark_Stone,Mark_Stone,Q473524,occupation,205487,2026-06-18,20250617,20260617
717,Kai Uchacz,Kai_Uchacz,Kai_Uchacz,Q138013097,occupation,2511,2026-06-18,20250617,20260617
718,Rasmus Andersson,Rasmus_Andersson,Rasmus_Andersson,Q16150336,occupation,69180,2026-06-18,20250617,20260617
719,Dylan Coghlan,Dylan_Coghlan,Dylan_Coghlan,Q105332801,occupation,20113,2026-06-18,20250617,20260617
720,Jeremy Davies,Jeremy_Davies,Jérémy_Davies,Q105844188,occupation,7478,2026-06-18,20250617,20260617
721,Noah Hanifin,Noah_Hanifin,Noah_Hanifin,Q17386014,occupation,116969,2026-06-18,20250617,20260617
722,Ben Hutton,Ben_Hutton,Ben_Hutton,Q16229096,occupation,12208,2026-06-18,20250617,20260617
723,Kaedan Korczak,Kaedan_Korczak,Kaedan_Korczak,Q104591090,occupation,16620,2026-06-18,20250617,20260617
724,Jeremy Lauzon,Jeremy_Lauzon,Jérémy_Lauzon,Q58002269,occupation,30141,2026-06-18,20250617,20260617
725,Brayden McNabb,Brayden_McNabb,Brayden_McNabb,Q944469,occupation,65933,2026-06-18,20250617,20260617
726,Jaycob Megna,Jaycob_Megna,Jaycob_Megna,Q16229748,occupation,21503,2026-06-18,20250617,20260617
727,Shea Theodore,Shea_Theodore,Shea_Theodore,Q13581460,occupation,90851,2026-06-18,20250617,20260617
728,Anthony Beauvillier,Anthony_Beauvillier,Anthony_Beauvillier,Q20065960,occupation,37362,2026-06-18,20250617,20260617
729,Pierre-Luc Dubois,Pierre-Luc_Dubois,Pierre-Luc_Dubois,Q21621212,occupation,52492,2026-06-18,20250617,20260617
730,Brandon Duhaime,Brandon_Duhaime,Brandon_Duhaime,Q108913705,occupation,19282,2026-06-18,20250617,20260617
731,Ethen Frank,Ethen_Frank,Ethen_Frank,Q113415535,occupation,21084,2026-06-18,20250617,20260617
732,David Kampf,David_Kampf,David_Kämpf,Q16229225,occupation,44940,2026-06-18,20250617,20260617
733,Hendrix Lapierre,Hendrix_Lapierre,Hendrix_Lapierre,Q100150917,occupation,14522,2026-06-18,20250617,20260617
734,Ryan Leonard,Ryan_Leonard,Ryan_Leonard_(ice_hockey),Q120056851,occupation,75684,2026-06-18,20250617,20260617
735,Connor McMichael,Connor_McMichael,Connor_McMichael,Q64781753,occupation,18196,2026-06-18,20250617,20260617
736,Ivan Miroshnichenko,Ivan_Miroshnichenko,Ivan_Miroshnichenko_(ice_hockey),Q81905462,occupation,12610,2026-06-18,20250617,20260617
737,Alex Ovechkin,Alex_Ovechkin,Alexander_Ovechkin,Q311374,occupation,1061247,2026-06-18,20250617,20260617
738,Aliaksei Protas,Aliaksei_Protas,Aliaksei_Protas,Q105949105,occupation,42459,2026-06-18,20250617,20260617
739,Ilya Protas,Ilya_Protas,Ilya_Protas,Q126951602,occupation,2116,2026-06-18,20250617,20260617
740,Justin Sourdif,Justin_Sourdif,Justin_Sourdif,Q123091694,occupation,56743,2026-06-18,20250617,20260617
741,Dylan Strome,Dylan_Strome,Dylan_Strome,Q17388804,occupation,94091,2026-06-18,20250617,20260617
742,Tom Wilson,Tom_Wilson,Tom_Wilson_(ice_hockey),Q542781,occupation,224236,2026-06-18,20250617,20260617
743,Declan Chisholm,Declan_Chisholm,Declan_Chisholm,Q110552291,occupation,13405,2026-06-18,20250617,20260617
744,Jakob Chychrun,Jakob_Chychrun,Jakob_Chychrun,Q16240150,occupation,80169,2026-06-18,20250617,20260617
745,Martin Fehérváry,Martin_Fehérváry,Martin_Fehérváry,Q22116861,occupation,26497,2026-06-18,20250617,20260617
746,Cole Hutson,Cole_Hutson,Cole_Hutson,Q126855093,occupation,160666,2026-06-18,20250617,20260617
747,Timothy Liljegren,Timothy_Liljegren,Timothy_Liljegren,Q22959336,occupation,20903,2026-06-18,20250617,20260617
748,Dylan McIlrath,Dylan_McIlrath,Dylan_McIlrath,Q980125,occupation,13582,2026-06-18,20250617,20260617
749,Matt Roy,Matt_Roy,Matt_Roy_(ice_hockey),Q61750232,occupation,13615,2026-06-18,20250617,20260617
750,Rasmus Sandin,Rasmus_Sandin,Rasmus_Sandin,Q43177791,occupation,22214,2026-06-18,20250617,20260617
751,Trevor van Riemsdyk,Trevor_van_Riemsdyk,Trevor_van_Riemsdyk,Q16225498,occupation,24077,2026-06-18,20250617,20260617
752,Morgan Barron,Morgan_Barron,Morgan_Barron,Q98099029,occupation,18800,2026-06-18,20250617,20260617
753,Nikita Chibrikov,Nikita_Chibrikov,Nikita_Chibrikov,Q107691526,occupation,6409,2026-06-18,20250617,20260617
754,Kyle Connor,Kyle_Connor,Kyle_Connor,Q20067704,occupation,107304,2026-06-18,20250617,20260617
755,Alex Iafallo,Alex_Iafallo,Alex_Iafallo,Q41719381,occupation,15388,2026-06-18,20250617,20260617
756,Cole Koepke,Cole_Koepke,Cole_Koepke,Q108527818,occupation,22510,2026-06-18,20250617,20260617
757,Adam Lowry,Adam_Lowry,Adam_Lowry,Q4679424,occupation,42418,2026-06-18,20250617,20260617
758,Vladislav Namestnikov,Vladislav_Namestnikov,Vladislav_Namestnikov,Q1339462,occupation,23386,2026-06-18,20250617,20260617
759,Nino Niederreiter,Nino_Niederreiter,Nino_Niederreiter,Q688768,occupation,50774,2026-06-18,20250617,20260617
760,Gustav Nyquist,Gustav_Nyquist,Gustav_Nyquist,Q128328,occupation,33042,2026-06-18,20250617,20260617
761,Cole Perfetti,Cole_Perfetti,Cole_Perfetti,Q99744352,occupation,24908,2026-06-18,20250617,20260617
762,Isak Rosen,Isak_Rosen,Isak_Rosén,Q107629898,occupation,25940,2026-06-18,20250617,20260617
763,Mark Scheifele,Mark_Scheifele,Mark_Scheifele,Q982252,occupation,89676,2026-06-18,20250617,20260617
764,Jonathan Toews,Jonathan_Toews,Jonathan_Toews,Q528240,occupation,510542,2026-06-18,20250617,20260617
765,Gabriel Vilardi,Gabriel_Vilardi,Gabriel_Vilardi,Q26251709,occupation,27512,2026-06-18,20250617,20260617
766,Jacob Bryson,Jacob_Bryson,Jacob_Bryson,Q105659049,occupation,19641,2026-06-18,20250617,20260617
767,Dylan DeMelo,Dylan_DeMelo,Dylan_DeMelo,Q15727578,occupation,15465,2026-06-18,20250617,20260617
768,Haydn Fleury,Haydn_Fleury,Haydn_Fleury,Q16228754,occupation,39310,2026-06-18,20250617,20260617
769,Ville Heinola,Ville_Heinola,Ville_Heinola,Q56402321,occupation,11918,2026-06-18,20250617,20260617
770,Colin Miller,Colin_Miller,,,none,,2026-06-18,20250617,20260617
771,Josh Morrissey,Josh_Morrissey,Josh_Morrissey,Q13581454,occupation,41813,2026-06-18,20250617,20260617
772,Neal Pionk,Neal_Pionk,Neal_Pionk,Q48568980,occupation,16856,2026-06-18,20250617,20260617
773,Elias Salomonsson,Elias_Salomonsson,Elias_Salomonsson,Q112998981,occupation,6964,2026-06-18,20250617,20260617
774,Dylan Samberg,Dylan_Samberg,Dylan_Samberg,Q110552007,occupation,11678,2026-06-18,20250617,20260617
