player_id,full_name,position,team_code,team_subreddit,wikipedia_slug,instagram_handle,nhl_player_id,archetype_axis
1,Connor McDavid,C,EDM,EdmontonOilers,Connor_McDavid,TBD,8478402,elite_skill_modest_office
2,Nathan MacKinnon,C,COL,ColoradoAvalanche,Nathan_MacKinnon,TBD,8477492,elite_skill_modest_office
3,Cale Makar,D,COL,ColoradoAvalanche,Cale_Makar,TBD,8480069,elite_skill_modest_office
4,Leon Draisaitl,C,EDM,EdmontonOilers,Leon_Draisaitl,TBD,8477934,elite_skill_modest_office
5,Sidney Crosby,C,PIT,penguins,Sidney_Crosby,TBD,8471675,legacy_bds
6,Auston Matthews,C,TOR,leafs,Auston_Matthews,TBD,8479318,star_scoring_large_market
7,Nikita Kucherov,RW,TBL,TampaBayLightning,Nikita_Kucherov,TBD,8476453,star_scoring
8,Brad Marchand,LW,FLA,FloridaPanthers,Brad_Marchand,TBD,8473419,high_skill_polarizing_namesake
9,Matthew Tkachuk,LW,FLA,FloridaPanthers,Matthew_Tkachuk,TBD,8479314,high_skill_polarizing
10,Brady Tkachuk,LW,OTT,OttawaSenators,Brady_Tkachuk,TBD,8480801,high_skill_polarizing_sibling
11,Ryan Reaves,RW,SJS,SanJoseSharks,Ryan_Reaves,TBD,8471817,mid_skill_role_player_extreme_office
12,Mitch Marner,RW,VGK,goldenknights,Mitch_Marner,TBD,8478483,toronto_market_test_post_trade
13,Jack Hughes,C,NJD,devils,Jack_Hughes,TBD,8481559,cultural_crossover_viral
14,Connor Bedard,C,CHI,hawks,Connor_Bedard,TBD,8484144,rising_salience
