player_id,full_name,nhl_player_id,old_team,new_team,move_type,event_date,date_lower,date_upper,bracket_days,season,url_1,url_2,status
847,Jack Studnicka,8480021,VAN,SJS,in_season,2023-11-24,2023-11-02,2023-12-17,45,20232024,,,dated_gamelog_bracket
804,Calen Addison,8480884,MIN,SJS,in_season,2023-11-08,2023-11-07,2023-11-09,2,20232024,,,dated_gamelog_bracket
330,Zach Bogosian,8474567,TBL,MIN,in_season,2023-11-08,2023-11-07,2023-11-09,2,20232024,,,dated_gamelog_bracket
124,Mike Reilly,8476422,FLA,NYI,in_season,2023-11-18,2023-11-08,2023-11-28,20,20232024,,,dated_gamelog_bracket
256,Matt Savoie,8483512,BUF,EDM,off_season,,2023-11-10,2025-02-22,470,20242025,,,needs_date
555,John Klingberg,8475906,TOR,EDM,off_season,,2023-11-11,2025-01-30,446,20242025,,,needs_date
942,Robert Bortuzzo,8474145,STL,NYI,in_season,2023-11-28,2023-11-18,2023-12-09,21,20232024,,,dated_gamelog_bracket
613,Corey Perry,8470621,CHI,EDM,in_season,2023-12-23,2023-11-19,2024-01-27,69,20232024,,,dated_gamelog_bracket
728,Anthony Beauvillier,8478463,VAN,CHI,in_season,2023-11-28,2023-11-25,2023-12-02,7,20232024,,,dated_gamelog_bracket
47,Nikita Zadorov,8477507,CGY,VAN,in_season,2023-11-29,2023-11-27,2023-12-02,5,20232024,,,dated_gamelog_bracket
743,Declan Chisholm,8480990,WPG,MIN,in_season,2024-01-10,2023-12-04,2024-02-17,75,20232024,,,dated_gamelog_bracket
116,Eric Robinson,8480762,CBJ,BUF,in_season,2023-12-06,2023-12-05,2023-12-07,2,20232024,,,dated_gamelog_bracket
784,Alex Nylander,8479423,PIT,CBJ,in_season,2024-01-15,2023-12-06,2024-02-25,81,20232024,,,dated_gamelog_bracket
838,Gustav Lindstrom,8480184,MTL,ANA,in_season,2023-12-27,2023-12-09,2024-01-15,37,20232024,,,dated_gamelog_bracket
958,Tomas Tatar,8475193,COL,SEA,in_season,2023-12-14,2023-12-13,2023-12-16,3,20232024,,,dated_gamelog_bracket
352,Patrik Laine,8479339,CBJ,MTL,off_season,,2023-12-14,2024-12-03,355,20242025,,,needs_date
709,Raphael Lavoie,8481534,EDM,VGK,off_season,,2023-12-30,2025-01-28,395,20242025,,,needs_date
269,Vinnie Hinostroza,8476994,PIT,NSH,off_season,,2023-12-31,2024-12-30,365,20242025,,,needs_date
102,Brayden Pachal,8481167,VGK,CGY,in_season,2024-01-20,2024-01-04,2024-02-06,33,20232024,,,dated_gamelog_bracket
976,Zachary Sanford,8477482,UTA,CHI,in_season,2024-01-05,2024-01-04,2024-01-07,3,20232024,,,dated_gamelog_bracket
566,Ben Meyers,8483570,COL,ANA,in_season,2024-02-06,2024-01-06,2024-03-08,62,20232024,,,dated_gamelog_bracket
848,Jack Thompson,8482144,TBL,SJS,in_season,2024-02-25,2024-01-06,2024-04-15,100,20232024,,,dated_gamelog_bracket
502,Jamie Drysdale,8482142,ANA,PHI,in_season,2024-01-08,2024-01-07,2024-01-10,3,20232024,,,dated_gamelog_bracket
856,Jakub Vrana,8477944,STL,WSH,off_season,,2024-01-09,2024-10-15,280,20242025,,,needs_date
885,Justin Kirkland,8477993,UTA,CGY,off_season,,2024-01-09,2024-10-12,277,20242025,,,needs_date
665,Nick DeSimone,8480084,CGY,NJD,in_season,2024-02-15,2024-01-18,2024-03-14,56,20232024,,,dated_gamelog_bracket
540,Adam Gaudette,8478874,STL,OTT,off_season,,2024-01-20,2024-10-10,264,20242025,,,needs_date
775,Adam Ruzicka,8480008,CGY,UTA,in_season,2024-01-31,2024-01-20,2024-02-12,23,20232024,,,dated_gamelog_bracket
917,Mitchell Stephens,8478477,MTL,SEA,off_season,,2024-01-20,2024-11-30,315,20242025,,,needs_date
642,Philippe Myers,8479026,TBL,TOR,off_season,,2024-01-23,2024-10-26,277,20242025,,,needs_date
823,Devin Shore,8476913,SEA,MIN,off_season,,2024-01-24,2024-11-21,302,20242025,,,needs_date
296,Andrei Kuzmenko,8483808,VAN,CGY,in_season,2024-02-01,2024-01-27,2024-02-06,10,20232024,,,dated_gamelog_bracket
33,Elias Lindholm,8477496,CGY,VAN,in_season,2024-02-01,2024-01-27,2024-02-06,10,20232024,,,dated_gamelog_bracket
833,Evgeny Kuznetsov,8475744,WSH,CAR,in_season,2024-02-17,2024-01-27,2024-03-09,42,20232024,,,dated_gamelog_bracket
932,Patrick Maroon,8474034,MIN,BOS,in_season,2024-03-05,2024-01-27,2024-04-13,77,20232024,,,dated_gamelog_bracket
182,Sean Monahan,8477497,MTL,WPG,in_season,2024-02-01,2024-01-27,2024-02-06,10,20232024,,,dated_gamelog_bracket
703,Tomas Hertl,8476881,SJS,VGK,in_season,2024-03-03,2024-01-27,2024-04-08,72,20232024,,,dated_gamelog_bracket
671,Mikhail Sergachev,8479410,TBL,UTA,off_season,,2024-02-07,2024-10-08,244,20242025,,,needs_date
908,Matthew Phillips,8479547,WSH,PIT,in_season,2024-02-13,2024-02-08,2024-02-18,10,20232024,,,dated_gamelog_bracket
964,Tyler Pitlick,8475752,NYR,MIN,off_season,,2024-02-09,2025-10-18,617,20252026,,,needs_date
490,Carl Grundstrom,8479336,LAK,SJS,off_season,,2024-02-13,2024-10-12,242,20242025,,,needs_date
607,Jake Guentzel,8477404,PIT,CAR,in_season,2024-02-27,2024-02-14,2024-03-12,27,20232024,,,dated_gamelog_bracket
279,Cole Schwindt,8481655,CGY,VGK,off_season,,2024-02-15,2024-10-11,239,20242025,,,needs_date
828,Emil Bemstrom,8480205,CBJ,PIT,in_season,2024-02-21,2024-02-17,2024-02-25,8,20232024,,,dated_gamelog_bracket
779,Alex Barré-Boulet,8479718,TBL,MTL,off_season,,2024-02-19,2024-10-09,233,20242025,,,needs_date
818,Daniil Miromanov,8482624,VGK,CGY,in_season,2024-02-28,2024-02-19,2024-03-09,19,20232024,,,dated_gamelog_bracket
813,Colin White,8478400,PIT,MTL,in_season,2024-02-21,2024-02-20,2024-02-22,2,20232024,,,dated_gamelog_bracket
756,Cole Koepke,8481043,TBL,BOS,off_season,,2024-02-22,2024-10-08,229,20242025,,,needs_date
464,Kurtis MacDermid,8477073,COL,NJD,in_season,2024-02-27,2024-02-22,2024-03-03,10,20232024,,,dated_gamelog_bracket
908,Matthew Phillips,8479547,PIT,WSH,in_season,2024-03-07,2024-02-22,2024-03-22,29,20232024,,,dated_gamelog_bracket
219,Ilya Lyubushkin,8480950,ANA,TOR,in_season,2024-02-28,2024-02-25,2024-03-02,6,20232024,,,dated_gamelog_bracket
645,Chris Tanev,8475690,CGY,DAL,in_season,2024-03-01,2024-02-27,2024-03-05,7,20232024,,,dated_gamelog_bracket
831,Erik Johnson,8473446,BUF,PHI,in_season,2024-03-03,2024-02-27,2024-03-09,11,20232024,,,dated_gamelog_bracket
99,Joel Hanley,8477810,DAL,CGY,in_season,2024-03-02,2024-02-27,2024-03-07,9,20232024,,,dated_gamelog_bracket
259,Ty Emberson,8480834,SJS,EDM,off_season,,2024-02-29,2024-10-09,223,20242025,,,needs_date
551,Alexander Wennberg,8477505,SEA,NYR,in_season,2024-03-05,2024-03-02,2024-03-09,7,20232024,,,dated_gamelog_bracket
691,Derek Forbort,8475762,BOS,VAN,off_season,,2024-03-02,2024-10-09,221,20242025,,,needs_date
200,Michael Bunting,8478047,CAR,PIT,in_season,2024-03-05,2024-03-02,2024-03-09,7,20232024,,,dated_gamelog_bracket
326,Vladimir Tarasenko,8475765,OTT,FLA,in_season,2024-03-04,2024-03-02,2024-03-07,5,20232024,,,dated_gamelog_bracket
245,Adam Henrique,8474641,ANA,EDM,in_season,2024-03-05,2024-03-03,2024-03-07,4,20232024,,,dated_gamelog_bracket
522,Anthony Mantha,8477511,WSH,VGK,in_season,2024-03-05,2024-03-03,2024-03-07,4,20232024,,,dated_gamelog_bracket
730,Brandon Duhaime,8479520,MIN,COL,in_season,2024-03-05,2024-03-03,2024-03-08,5,20232024,,,dated_gamelog_bracket
35,Casey Mittelstadt,8479999,BUF,COL,in_season,2024-03-05,2024-03-03,2024-03-08,5,20232024,,,dated_gamelog_bracket
66,Jason Zucker,8475722,UTA,NSH,in_season,2024-03-06,2024-03-03,2024-03-09,6,20232024,,,dated_gamelog_bracket
310,Joel Edmundson,8476441,WSH,TOR,in_season,2024-03-06,2024-03-03,2024-03-09,6,20232024,,,dated_gamelog_bracket
922,Nikita Okhotiuk,8481537,SJS,CGY,in_season,2024-03-07,2024-03-03,2024-03-12,9,20232024,,,dated_gamelog_bracket
49,Sam Carrick,8475842,ANA,EDM,in_season,2024-03-05,2024-03-03,2024-03-07,4,20232024,,,dated_gamelog_bracket
794,Boris Katchouk,8479383,CHI,OTT,in_season,2024-03-06,2024-03-04,2024-03-09,5,20232024,,,dated_gamelog_bracket
67,Bowen Byram,8481524,COL,BUF,in_season,2024-03-05,2024-03-04,2024-03-07,3,20232024,,,dated_gamelog_bracket
878,Jordan Oesterle,8477851,CGY,BOS,off_season,,2024-03-04,2024-11-14,255,20242025,,,needs_date
721,Noah Hanifin,8478396,CGY,VGK,in_season,2024-03-05,2024-03-04,2024-03-07,3,20232024,,,dated_gamelog_bracket
126,Sean Walker,8480336,PHI,COL,in_season,2024-03-06,2024-03-04,2024-03-08,4,20232024,,,dated_gamelog_bracket
728,Anthony Beauvillier,8478463,CHI,NSH,in_season,2024-03-07,2024-03-05,2024-03-09,4,20232024,,,dated_gamelog_bracket
409,Anthony Duclair,8477407,SJS,TBL,in_season,2024-03-07,2024-03-05,2024-03-09,4,20232024,,,dated_gamelog_bracket
770,Colin Miller,8476525,NJD,WPG,in_season,2024-03-08,2024-03-05,2024-03-11,6,20232024,,,dated_gamelog_bracket
861,Jaret Anderson-Dolan,8479994,LAK,NSH,in_season,2024-03-24,2024-03-05,2024-04-13,39,20232024,,,dated_gamelog_bracket
904,Mathew Dumba,8476856,UTA,TBL,in_season,2024-03-07,2024-03-05,2024-03-09,4,20232024,,,dated_gamelog_bracket
644,Troy Stecher,8479442,UTA,EDM,in_season,2024-03-09,2024-03-05,2024-03-13,8,20232024,,,dated_gamelog_bracket
550,Tyler Toffoli,8475726,NJD,WPG,in_season,2024-03-08,2024-03-05,2024-03-11,6,20232024,,,dated_gamelog_bracket
327,Yakov Trenin,8478508,NSH,COL,in_season,2024-03-06,2024-03-05,2024-03-08,3,20232024,,,dated_gamelog_bracket
892,Klim Kostin,8480011,DET,SJS,in_season,2024-03-07,2024-03-06,2024-03-09,3,20232024,,,dated_gamelog_bracket
970,William Lagesson,8478021,TOR,ANA,in_season,2024-03-09,2024-03-06,2024-03-12,6,20232024,,,dated_gamelog_bracket
46,Andrew Peeke,8479369,CBJ,BOS,in_season,2024-03-10,2024-03-07,2024-03-14,7,20232024,,,dated_gamelog_bracket
808,Chad Ruhwedel,8477244,PIT,NYR,in_season,2024-03-13,2024-03-07,2024-03-19,12,20232024,,,dated_gamelog_bracket
515,Connor Dewar,8480980,MIN,TOR,in_season,2024-03-08,2024-03-07,2024-03-09,2,20232024,,,dated_gamelog_bracket
254,Jack Roslovic,8478458,CBJ,NYR,in_season,2024-03-08,2024-03-07,2024-03-09,2,20232024,,,dated_gamelog_bracket
894,Kyle Okposo,8473449,BUF,FLA,in_season,2024-03-09,2024-03-07,2024-03-12,5,20232024,,,dated_gamelog_bracket
940,Reese Johnson,8481147,CHI,MIN,off_season,,2024-03-12,2024-12-06,269,20242025,,,needs_date
421,Adam Boqvist,8480871,CBJ,FLA,off_season,,2024-03-14,2024-10-08,208,20242025,,,needs_date
859,Jani Hakanpää,8475825,DAL,TOR,off_season,,2024-03-16,2024-11-13,242,20242025,,,needs_date
547,Pavol Regenda,8483630,ANA,SJS,off_season,,2024-03-17,2025-12-01,624,20252026,,,needs_date
470,Cameron Crotty,8480075,UTA,MIN,off_season,,2024-03-24,2025-04-12,384,20242025,,,needs_date
248,Max Jones,8479368,ANA,BOS,off_season,,2024-03-24,2024-10-08,198,20242025,,,needs_date
108,William Carrier,8477478,VGK,CAR,off_season,,2024-03-25,2024-10-11,200,20242025,,,needs_date
965,Tyson Barrie,8475197,NSH,CGY,off_season,,2024-03-28,2024-10-13,199,20242025,,,needs_date
874,John Ludvig,8481206,PIT,COL,off_season,,2024-03-30,2024-10-14,198,20242025,,,needs_date
463,Arthur Kaliyev,8481560,LAK,NYR,off_season,,2024-04-03,2025-01-09,281,20242025,,,needs_date
97,Jake Bean,8479402,CBJ,CGY,off_season,,2024-04-04,2024-10-09,188,20242025,,,needs_date
263,Jake Walman,8478013,DET,SJS,off_season,,2024-04-05,2024-10-10,188,20242025,,,needs_date
471,Dennis Gilbert,8478502,CGY,BUF,off_season,,2024-04-06,2024-10-12,189,20242025,,,needs_date
768,Haydn Fleury,8477938,TBL,WPG,off_season,,2024-04-06,2024-10-09,186,20242025,,,needs_date
538,Ty Dellandrea,8480848,DAL,SJS,off_season,,2024-04-06,2024-10-10,187,20242025,,,needs_date
816,Dakota Mermis,8477541,MIN,UTA,off_season,,2024-04-07,2024-12-22,259,20242025,,,needs_date
116,Eric Robinson,8480762,BUF,CAR,off_season,,2024-04-07,2024-10-11,187,20242025,,,needs_date
665,Nick DeSimone,8480084,NJD,UTA,off_season,,2024-04-07,2025-01-10,278,20242025,,,needs_date
960,Travis Dermott,8478408,UTA,EDM,off_season,,2024-04-07,2024-10-09,185,20242025,,,needs_date
89,Ryan Lomberg,8479066,FLA,CGY,off_season,,2024-04-09,2024-10-09,183,20242025,,,needs_date
268,A.J. Greer,8478421,CGY,FLA,off_season,,2024-04-11,2024-10-08,180,20242025,,,needs_date
796,Brendan Gaunce,8476867,CBJ,MIN,off_season,,2024-04-11,2024-12-18,251,20242025,,,needs_date
963,Tyler Motte,8477353,TBL,DET,off_season,,2024-04-11,2024-10-10,182,20242025,,,needs_date
626,Bo Groulx,8480870,ANA,TOR,off_season,,2024-04-12,2026-03-10,697,20252026,,,needs_date
383,Brady Skjei,8476869,CAR,NSH,off_season,,2024-04-12,2024-10-10,181,20242025,,,needs_date
566,Ben Meyers,8483570,ANA,SEA,off_season,,2024-04-13,2024-11-17,218,20242025,,,needs_date
390,Cody Glass,8479996,NSH,PIT,off_season,,2024-04-13,2024-10-09,179,20242025,,,needs_date
682,Evander Kane,8475169,EDM,VAN,off_season,,2024-04-13,2025-10-09,544,20252026,,,needs_date
861,Jaret Anderson-Dolan,8479994,NSH,WPG,off_season,,2024-04-13,2025-04-03,355,20242025,,,needs_date
890,Kevin Labanc,8478099,SJS,CBJ,off_season,,2024-04-13,2024-10-10,180,20242025,,,needs_date
30,Mark Kastelic,8480355,OTT,BOS,off_season,,2024-04-13,2024-10-08,178,20242025,,,needs_date
472,Nick Jensen,8475324,WSH,OTT,off_season,,2024-04-13,2024-10-10,180,20242025,,,needs_date
640,Oliver Ekman-Larsson,8475171,FLA,TOR,off_season,,2024-04-13,2024-10-09,179,20242025,,,needs_date
631,Steven Lorentz,8478904,FLA,TOR,off_season,,2024-04-13,2024-10-09,179,20242025,,,needs_date
967,Vinni Lettieri,8479968,MIN,BOS,off_season,,2024-04-13,2025-01-14,276,20242025,,,needs_date
974,Zachary Aston-Reese,8479944,DET,CBJ,off_season,,2024-04-13,2024-10-10,180,20242025,,,needs_date
522,Anthony Mantha,8477511,VGK,CGY,off_season,,2024-04-14,2024-10-09,178,20242025,,,needs_date
405,Brett Pesce,8477488,CAR,NJD,off_season,,2024-04-14,2024-10-24,193,20242025,,,needs_date
568,Chandler Stephenson,8476905,VGK,SEA,off_season,,2024-04-14,2024-10-08,177,20242025,,,needs_date
607,Jake Guentzel,8477404,CAR,TBL,off_season,,2024-04-14,2024-10-11,180,20242025,,,needs_date
704,Alexander Holtz,8482125,NJD,VGK,off_season,,2024-04-15,2024-10-09,177,20242025,,,needs_date
551,Alexander Wennberg,8477505,NYR,SJS,off_season,,2024-04-15,2024-10-10,178,20242025,,,needs_date
728,Anthony Beauvillier,8478463,NSH,PIT,off_season,,2024-04-15,2024-10-09,177,20242025,,,needs_date
541,Barclay Goodrow,8476624,NYR,SJS,off_season,,2024-04-15,2024-10-10,178,20242025,,,needs_date
193,Brendan Smith,8474090,NJD,DAL,off_season,,2024-04-15,2024-10-13,181,20242025,,,needs_date
830,Erik Gustafsson,8476979,NYR,DET,off_season,,2024-04-15,2024-10-10,178,20242025,,,needs_date
254,Jack Roslovic,8478458,NYR,CAR,off_season,,2024-04-15,2024-10-11,179,20242025,,,needs_date
66,Jason Zucker,8475722,NSH,BUF,off_season,,2024-04-15,2024-10-04,172,20242025,,,needs_date
864,Jeff Skinner,8475784,BUF,EDM,off_season,,2024-04-15,2024-10-09,177,20242025,,,needs_date
668,John Marino,8478507,NJD,UTA,off_season,,2024-04-15,2025-01-14,274,20242025,,,needs_date
403,Johnathan Kovacevic,8480192,MTL,NJD,off_season,,2024-04-15,2024-10-04,172,20242025,,,needs_date
41,Jordan Harris,8480887,MTL,CBJ,off_season,,2024-04-15,2024-10-15,183,20242025,,,needs_date
96,Kevin Bahl,8480860,NJD,CGY,off_season,,2024-04-15,2024-10-09,177,20242025,,,needs_date
548,Kiefer Sherwood,8480748,NSH,VAN,off_season,,2024-04-15,2024-10-09,177,20242025,,,needs_date
932,Patrick Maroon,8474034,BOS,CHI,off_season,,2024-04-15,2024-10-08,176,20242025,,,needs_date
622,Ryan McDonagh,8474151,NSH,TBL,off_season,,2024-04-15,2024-10-11,179,20242025,,,needs_date
274,Tomas Nosek,8477931,NJD,FLA,off_season,,2024-04-15,2024-11-01,200,20242025,,,needs_date
372,Tyson Jost,8479370,BUF,CAR,off_season,,2024-04-15,2024-11-11,210,20242025,,,needs_date
90,Victor Olofsson,8478109,BUF,VGK,off_season,,2024-04-15,2024-10-09,177,20242025,,,needs_date
604,Zemgus Girgensons,8476878,BUF,TBL,off_season,,2024-04-15,2024-10-11,179,20242025,,,needs_date
784,Alex Nylander,8479423,CBJ,TOR,off_season,,2024-04-16,2024-11-24,222,20242025,,,needs_date
356,Alexandre Texier,8480074,CBJ,STL,off_season,,2024-04-16,2024-10-08,175,20242025,,,needs_date
58,Beck Malenstyn,8479359,WSH,BUF,off_season,,2024-04-16,2024-10-04,171,20242025,,,needs_date
794,Boris Katchouk,8479383,OTT,TBL,off_season,,2024-04-16,2025-11-12,575,20252026,,,needs_date
578,Brandon Montour,8477986,FLA,SEA,off_season,,2024-04-16,2024-10-08,175,20242025,,,needs_date
400,Brenden Dillon,8475455,WPG,NJD,off_season,,2024-04-16,2024-10-04,171,20242025,,,needs_date
807,Cam Atkinson,8474715,PHI,TBL,off_season,,2024-04-16,2024-10-11,178,20242025,,,needs_date
817,Daniel Sprong,8478466,DET,VAN,off_season,,2024-04-16,2024-10-09,176,20242025,,,needs_date
176,Danton Heinen,8478046,BOS,VAN,off_season,,2024-04-16,2024-10-09,176,20242025,,,needs_date
230,David Perron,8474102,DET,OTT,off_season,,2024-04-16,2024-10-10,177,20242025,,,needs_date
719,Dylan Coghlan,8479639,CAR,WPG,off_season,,2024-04-16,2024-11-29,227,20242025,,,needs_date
829,Erik Brannstrom,8480073,OTT,VAN,off_season,,2024-04-16,2024-10-17,184,20242025,,,needs_date
836,Gavin Brindley,8484149,CBJ,COL,off_season,,2024-04-16,2025-10-07,539,20252026,,,needs_date
664,Ian Cole,8474013,VAN,UTA,off_season,,2024-04-16,2024-10-08,175,20242025,,,needs_date
679,Jake DeBrusk,8478498,BOS,VAN,off_season,,2024-04-16,2024-10-09,176,20242025,,,needs_date
744,Jakob Chychrun,8479345,OTT,WSH,off_season,,2024-04-16,2024-10-12,179,20242025,,,needs_date
855,Jakub Lauko,8480880,BOS,MIN,off_season,,2024-04-16,2024-10-10,177,20242025,,,needs_date
233,James van Riemsdyk,8474037,BOS,CBJ,off_season,,2024-04-16,2024-10-10,177,20242025,,,needs_date
266,Jesper Boqvist,8480003,BOS,FLA,off_season,,2024-04-16,2024-10-08,175,20242025,,,needs_date
310,Joel Edmundson,8476441,TOR,LAK,off_season,,2024-04-16,2024-10-10,177,20242025,,,needs_date
577,Joshua Mahura,8479372,FLA,SEA,off_season,,2024-04-16,2024-10-13,180,20242025,,,needs_date
663,Kailer Yamamoto,8479977,SEA,UTA,off_season,,2024-04-16,2024-10-19,186,20242025,,,needs_date
661,Kevin Stenlund,8478831,FLA,UTA,off_season,,2024-04-16,2024-10-08,175,20242025,,,needs_date
293,Mathieu Joseph,8478472,OTT,STL,off_season,,2024-04-16,2024-10-08,175,20242025,,,needs_date
145,Matt Grzelcyk,8476891,BOS,PIT,off_season,,2024-04-16,2024-10-09,176,20242025,,,needs_date
910,Max Pacioretty,8474157,WSH,TOR,off_season,,2024-04-16,2024-10-09,176,20242025,,,needs_date
166,Nick Blankenburg,8483565,CBJ,NSH,off_season,,2024-04-16,2024-11-27,225,20242025,,,needs_date
455,Nick Cousins,8476393,FLA,OTT,off_season,,2024-04-16,2024-10-10,177,20242025,,,needs_date
312,Nicolas Aube-Kubel,8477979,WSH,BUF,off_season,,2024-04-16,2024-10-04,171,20242025,,,needs_date
155,Parker Kelly,8480448,OTT,COL,off_season,,2024-04-16,2024-10-09,176,20242025,,,needs_date
316,Robby Fabbri,8477952,DET,ANA,off_season,,2024-04-16,2024-10-12,179,20242025,,,needs_date
121,Shayne Gostisbehere,8476906,DET,CAR,off_season,,2024-04-16,2024-10-11,178,20242025,,,needs_date
397,Stefan Noesen,8476474,CAR,NJD,off_season,,2024-04-16,2024-10-04,171,20242025,,,needs_date
62,Tanner Pearson,8476871,MTL,VGK,off_season,,2024-04-16,2024-10-09,176,20242025,,,needs_date
438,Taylor Raddysh,8479390,CHI,WSH,off_season,,2024-04-16,2024-10-12,179,20242025,,,needs_date
141,Teuvo Teravainen,8476882,CAR,CHI,off_season,,2024-04-16,2024-10-08,175,20242025,,,needs_date
422,Tony DeAngelo,8477950,CAR,NYI,off_season,,2024-04-16,2025-01-25,284,20242025,,,needs_date
448,Vincent Iorio,8482861,WSH,SJS,off_season,,2024-04-16,2025-10-17,549,20252026,,,needs_date
326,Vladimir Tarasenko,8475765,FLA,DET,off_season,,2024-04-16,2024-10-10,177,20242025,,,needs_date
409,Anthony Duclair,8477407,TBL,NYI,off_season,,2024-04-17,2024-10-10,176,20242025,,,needs_date
790,Austin Watson,8475766,TBL,DET,off_season,,2024-04-17,2024-10-14,180,20242025,,,needs_date
806,Calvin de Haan,8475177,TBL,COL,off_season,,2024-04-17,2024-10-09,175,20242025,,,needs_date
645,Chris Tanev,8475690,DAL,TOR,off_season,,2024-04-17,2024-10-09,175,20242025,,,needs_date
815,Craig Smith,8475225,DAL,CHI,off_season,,2024-04-17,2024-10-08,174,20242025,,,needs_date
219,Ilya Lyubushkin,8480950,TOR,DAL,off_season,,2024-04-17,2024-10-10,176,20242025,,,needs_date
623,J.J. Moser,8482655,UTA,TBL,off_season,,2024-04-17,2024-10-11,177,20242025,,,needs_date
5,Jansen Harkins,8478424,PIT,ANA,off_season,,2024-04-17,2024-10-18,184,20242025,,,needs_date
879,Joshua Brown,8477384,UTA,EDM,off_season,,2024-04-17,2024-11-18,215,20242025,,,needs_date
517,Kevin Hayes,8475763,STL,PIT,off_season,,2024-04-17,2024-10-09,175,20242025,,,needs_date
904,Mathew Dumba,8476856,TBL,DAL,off_season,,2024-04-17,2024-10-10,176,20242025,,,needs_date
925,Noah Gregor,8479393,TOR,OTT,off_season,,2024-04-17,2024-10-10,176,20242025,,,needs_date
693,Pierre-Olivier Joseph,8480058,PIT,STL,off_season,,2024-04-17,2024-10-11,177,20242025,,,needs_date
204,Radek Faksa,8476889,DAL,STL,off_season,,2024-04-17,2024-10-08,174,20242025,,,needs_date
715,Reilly Smith,8475191,PIT,NYR,off_season,,2024-04-17,2024-10-09,175,20242025,,,needs_date
942,Robert Bortuzzo,8474145,NYI,UTA,off_season,,2024-04-17,2024-10-16,182,20242025,,,needs_date
947,Ryan Suter,8470600,DAL,STL,off_season,,2024-04-17,2024-10-08,174,20242025,,,needs_date
950,Sammy Blais,8478104,STL,TOR,off_season,,2024-04-17,2025-10-29,560,20252026,,,needs_date
375,Steven Stamkos,8474564,TBL,NSH,off_season,,2024-04-17,2024-10-10,176,20242025,,,needs_date
956,TJ Brodie,8474673,TOR,CHI,off_season,,2024-04-17,2024-10-08,174,20242025,,,needs_date
29,Tanner Jeannot,8479661,TBL,LAK,off_season,,2024-04-17,2024-10-10,176,20242025,,,needs_date
128,Tyler Bertuzzi,8477479,TOR,CHI,off_season,,2024-04-17,2024-10-08,174,20242025,,,needs_date
203,Adam Erne,8477454,EDM,DAL,off_season,,2024-04-18,2025-10-16,546,20252026,,,needs_date
777,Alec Martinez,8474166,VGK,CHI,off_season,,2024-04-18,2024-10-08,173,20242025,,,needs_date
136,Andrew Mangiapane,8478233,CGY,WSH,off_season,,2024-04-18,2024-10-12,177,20242025,,,needs_date
520,Blake Lizotte,8481481,LAK,PIT,off_season,,2024-04-18,2024-10-31,196,20242025,,,needs_date
730,Brandon Duhaime,8479520,COL,WSH,off_season,,2024-04-18,2024-10-12,177,20242025,,,needs_date
309,Brian Dumoulin,8475208,SEA,ANA,off_season,,2024-04-18,2024-10-12,177,20242025,,,needs_date
803,Caleb Jones,8478452,COL,LAK,off_season,,2024-04-18,2024-10-16,181,20242025,,,needs_date
306,Cody Ceci,8476879,EDM,SJS,off_season,,2024-04-18,2024-10-10,175,20242025,,,needs_date
198,Colin Blackwell,8476278,CHI,DAL,off_season,,2024-04-18,2024-10-10,175,20242025,,,needs_date
585,Dylan Holloway,8482077,EDM,STL,off_season,,2024-04-18,2024-10-08,173,20242025,,,needs_date
33,Elias Lindholm,8477496,VAN,BOS,off_season,,2024-04-18,2024-10-08,173,20242025,,,needs_date
137,Ilya Mikheyev,8481624,VAN,CHI,off_season,,2024-04-18,2024-10-08,173,20242025,,,needs_date
846,Jack Johnson,8471677,COL,CBJ,off_season,,2024-04-18,2024-10-10,175,20242025,,,needs_date
847,Jack Studnicka,8480021,SJS,FLA,off_season,,2024-04-18,2025-12-02,593,20252026,,,needs_date
849,Jake Lucchini,8481422,MIN,NSH,off_season,,2024-04-18,2025-03-01,317,20242025,,,needs_date
726,Jaycob Megna,8477034,CHI,FLA,off_season,,2024-04-18,2025-04-02,349,20242025,,,needs_date
373,Jonathan Marchessault,8476539,VGK,NSH,off_season,,2024-04-18,2024-10-10,175,20242025,,,needs_date
893,Kyle Burroughs,8477335,SJS,LAK,off_season,,2024-04-18,2024-10-10,175,20242025,,,needs_date
749,Matt Roy,8478911,LAK,WSH,off_season,,2024-04-18,2024-10-12,177,20242025,,,needs_date
452,Michael Amadio,8478020,VGK,OTT,off_season,,2024-04-18,2024-10-10,175,20242025,,,needs_date
670,Nate Schmidt,8477220,WPG,FLA,off_season,,2024-04-18,2024-10-10,175,20242025,,,needs_date
47,Nikita Zadorov,8477507,VAN,BOS,off_season,,2024-04-18,2024-10-08,173,20242025,,,needs_date
927,Oliver Kylington,8478430,CGY,COL,off_season,,2024-04-18,2024-10-14,179,20242025,,,needs_date
388,Paul Cotter,8481032,VGK,NJD,off_season,,2024-04-18,2024-10-04,169,20242025,,,needs_date
594,Philip Broberg,8481598,EDM,STL,off_season,,2024-04-18,2024-10-08,173,20242025,,,needs_date
729,Pierre-Luc Dubois,8479400,LAK,WSH,off_season,,2024-04-18,2024-10-12,177,20242025,,,needs_date
59,Ryan McLeod,8480802,EDM,BUF,off_season,,2024-04-18,2024-10-04,169,20242025,,,needs_date
49,Sam Carrick,8475842,EDM,NYR,off_season,,2024-04-18,2024-10-09,174,20242025,,,needs_date
134,Sam Lafferty,8478043,VAN,BUF,off_season,,2024-04-18,2024-10-04,169,20242025,,,needs_date
182,Sean Monahan,8477497,WPG,CBJ,off_season,,2024-04-18,2024-10-10,175,20242025,,,needs_date
126,Sean Walker,8480336,COL,CAR,off_season,,2024-04-18,2024-10-11,176,20242025,,,needs_date
958,Tomas Tatar,8475193,SEA,NJD,off_season,,2024-04-18,2024-10-04,169,20242025,,,needs_date
962,Tyler Johnson,8474870,CHI,BOS,off_season,,2024-04-18,2024-11-05,201,20242025,,,needs_date
550,Tyler Toffoli,8475726,WPG,SJS,off_season,,2024-04-18,2024-10-10,175,20242025,,,needs_date
253,Vasily Podkolzin,8481617,VAN,EDM,off_season,,2024-04-18,2024-10-09,174,20242025,,,needs_date
25,Viktor Arvidsson,8478042,LAK,EDM,off_season,,2024-04-18,2024-10-09,174,20242025,,,needs_date
552,Vincent Desharnais,8479576,EDM,VAN,off_season,,2024-04-18,2024-10-09,174,20242025,,,needs_date
458,Warren Foegele,8477998,EDM,LAK,off_season,,2024-04-18,2024-10-10,175,20242025,,,needs_date
970,William Lagesson,8478021,ANA,DET,off_season,,2024-04-18,2024-12-21,247,20242025,,,needs_date
327,Yakov Trenin,8478508,COL,MIN,off_season,,2024-04-18,2024-10-10,175,20242025,,,needs_date
779,Alex Barré-Boulet,8479718,MTL,COL,off_season,,2024-10-10,2026-01-19,466,20252026,,,needs_date
747,Timothy Liljegren,8480043,TOR,SJS,in_season,2024-10-24,2024-10-16,2024-11-02,17,20242025,,,dated_gamelog_bracket
805,Calum Ritchie,8484221,COL,NYI,off_season,,2024-10-22,2025-10-31,374,20252026,,,needs_date
101,Olli Maatta,8476874,DET,UTA,in_season,2024-10-28,2024-10-27,2024-10-30,3,20242025,,,dated_gamelog_bracket
188,Dante Fabbro,8479371,NSH,CBJ,in_season,2024-11-04,2024-10-28,2024-11-12,15,20242025,,,dated_gamelog_bracket
522,Anthony Mantha,8477511,CGY,PIT,off_season,2025-07-02,2024-11-05,2025-10-07,336,20252026,https://www.nhl.com/penguins/news/penguins-sign-forwards-anthony-mantha-and-rafael-harvey-pinard-and-defenseman-phil-kemp,https://en.wikipedia.org/wiki/2025%E2%80%9326_NHL_transactions,dated
843,Isaak Phillips,8482192,CHI,WPG,off_season,,2024-11-06,2026-01-19,439,20252026,,,needs_date
817,Daniel Sprong,8478466,VAN,SEA,in_season,2024-11-11,2024-11-07,2024-11-16,9,20242025,,,dated_gamelog_bracket
457,Lars Eller,8474189,PIT,WSH,in_season,2024-11-13,2024-11-11,2024-11-15,4,20242025,,,dated_gamelog_bracket
451,Urho Vaakanainen,8480001,ANA,NYR,in_season,2024-11-30,2024-11-13,2024-12-17,34,20242025,,,dated_gamelog_bracket
249,Kasperi Kapanen,8477953,STL,EDM,in_season,2024-11-17,2024-11-14,2024-11-21,7,20242025,,,dated_gamelog_bracket
504,David Jiricek,8483460,CBJ,MIN,in_season,2024-12-14,2024-11-18,2025-01-09,52,20242025,,,dated_gamelog_bracket
960,Travis Dermott,8478408,EDM,MIN,in_season,2024-12-02,2024-11-19,2024-12-15,26,20242025,,,dated_gamelog_bracket
933,Philip Tomasino,8481577,NSH,PIT,in_season,2024-11-23,2024-11-20,2024-11-27,7,20242025,,,dated_gamelog_bracket
837,Givani Smith,8479379,SJS,COL,in_season,2024-12-02,2024-11-25,2024-12-10,15,20242025,,,dated_gamelog_bracket
23,Jacob Trouba,8476885,NYR,ANA,in_season,2024-12-05,2024-12-02,2024-12-09,7,20242025,,,dated_gamelog_bracket
489,Nikita Grebenkin,8483733,TOR,PHI,off_season,2025-03-07,2024-12-06,2025-10-11,309,20252026,https://www.nhl.com/news/scott-laughton-traded-to-toronto-maple-leafs-by-philadelphia-flyers,https://en.wikipedia.org/wiki/2024%E2%80%9325_NHL_transactions,dated
359,Alexandre Carrier,8478851,NSH,MTL,in_season,2024-12-13,2024-12-07,2024-12-20,13,20242025,,,dated_gamelog_bracket
924,Nikolai Kovalenko,8481042,COL,SJS,in_season,2024-12-08,2024-12-07,2024-12-10,3,20242025,,,dated_gamelog_bracket
887,Juuso Parssinen,8481704,NSH,COL,in_season,2024-12-20,2024-12-10,2024-12-31,21,20242025,,,dated_gamelog_bracket
595,Cam Fowler,8475764,ANA,STL,in_season,2024-12-13,2024-12-12,2024-12-14,2,20242025,,,dated_gamelog_bracket
928,Oliver Wahlstrom,8480789,NYI,BOS,in_season,2024-12-15,2024-12-12,2024-12-19,7,20242025,,,dated_gamelog_bracket
693,Pierre-Olivier Joseph,8480058,STL,PIT,in_season,2024-12-17,2024-12-14,2024-12-21,7,20242025,,,dated_gamelog_bracket
694,Victor Mancini,8483768,NYR,VAN,in_season,2025-01-18,2024-12-14,2025-02-23,71,20242025,,,dated_gamelog_bracket
379,Justin Barron,8482111,MTL,NSH,in_season,2024-12-20,2024-12-17,2024-12-23,6,20242025,,,dated_gamelog_bracket
563,Kaapo Kakko,8481554,NYR,SEA,in_season,2024-12-18,2024-12-17,2024-12-19,2,20242025,,,dated_gamelog_bracket
444,Will Borgen,8478840,SEA,NYR,in_season,2024-12-18,2024-12-17,2024-12-20,3,20242025,,,dated_gamelog_bracket
816,Dakota Mermis,8477541,UTA,TOR,in_season,2025-02-16,2024-12-22,2025-04-13,112,20242025,,,dated_gamelog_bracket
817,Daniel Sprong,8478466,SEA,NJD,in_season,2025-02-01,2024-12-28,2025-03-09,71,20242025,,,dated_gamelog_bracket
234,Jacob Bernard-Docker,8480879,OTT,BUF,in_season,2025-02-08,2024-12-28,2025-03-22,84,20242025,,,dated_gamelog_bracket
724,Jeremy Lauzon,8478468,NSH,VGK,off_season,2025-06-30,2024-12-31,2025-10-08,281,20252026,https://www.nhl.com/news/nicolas-hague-traded-to-nashville-from-vegas-signs-4-year-contract,https://en.wikipedia.org/wiki/2025%E2%80%9326_NHL_transactions,dated
669,Scott Perunovich,8481059,STL,NYI,in_season,2025-01-16,2025-01-04,2025-01-28,24,20242025,,,dated_gamelog_bracket
421,Adam Boqvist,8480871,FLA,NYI,in_season,2025-01-19,2025-01-06,2025-02-01,26,20242025,,,dated_gamelog_bracket
968,Vladislav Kolyachonok,8481609,UTA,PIT,in_season,2025-02-04,2025-01-08,2025-03-04,55,20242025,,,dated_gamelog_bracket
786,Andreas Englund,8477971,LAK,NSH,in_season,2025-02-01,2025-01-11,2025-02-22,42,20242025,,,dated_gamelog_bracket
719,Dylan Coghlan,8479639,WPG,VGK,off_season,2025-07-01,2025-01-11,2026-01-08,362,20252026,https://www.nhl.com/goldenknights/news/vegas-golden-knights-announce-roster-transactions-x3533,https://en.wikipedia.org/wiki/2025%E2%80%9326_NHL_transactions,dated
394,Zack MacEwen,8479772,OTT,NJD,off_season,2025-10-03,2025-01-14,2025-10-11,270,20252026,https://www.sportsnet.ca/nhl/article/senators-acquire-kurtis-macdermid-from-devils-in-exchange-for-zack-macewen/,https://en.wikipedia.org/wiki/2025%E2%80%9326_NHL_transactions,dated
969,Walker Duehr,8482652,CGY,SJS,in_season,2025-01-19,2025-01-16,2025-01-23,7,20242025,,,dated_gamelog_bracket
312,Nicolas Aube-Kubel,8477979,BUF,NYR,in_season,2025-02-21,2025-01-20,2025-03-25,64,20242025,,,dated_gamelog_bracket
111,Taylor Hall,8475791,CHI,CAR,in_season,2025-01-22,2025-01-20,2025-01-25,5,20242025,,,dated_gamelog_bracket
209,Mikko Rantanen,8478420,COL,CAR,in_season,2025-01-23,2025-01-22,2025-01-25,3,20242025,,,dated_gamelog_bracket
153,Jack Drury,8480835,CAR,COL,in_season,2025-01-24,2025-01-23,2025-01-25,2,20242025,,,dated_gamelog_bracket
160,Martin Necas,8480039,CAR,COL,in_season,2025-01-24,2025-01-23,2025-01-25,2,20242025,,,dated_gamelog_bracket
248,Max Jones,8479368,BOS,EDM,in_season,2025-02-14,2025-01-25,2025-03-06,40,20242025,,,dated_gamelog_bracket
615,Scott Sabourin,8477149,SJS,TBL,off_season,2025-07-13,2025-01-25,2025-11-12,291,20252026,https://www.nhl.com/lightning/news/tampa-bay-lightning-sign-forward-scott-sabourin-to-a-one-year-contract,https://en.wikipedia.org/wiki/2025%E2%80%9326_NHL_transactions,dated
552,Vincent Desharnais,8479576,VAN,PIT,in_season,2025-01-28,2025-01-25,2025-02-01,7,20242025,,,dated_gamelog_bracket
712,Brandon Saad,8476438,STL,VGK,in_season,2025-01-30,2025-01-27,2025-02-02,6,20242025,,,dated_gamelog_bracket
296,Andrei Kuzmenko,8483808,CGY,PHI,in_season,2025-02-02,2025-01-28,2025-02-08,11,20242025,,,dated_gamelog_bracket
678,Filip Chytil,8480078,NYR,VAN,in_season,2025-01-30,2025-01-28,2025-02-02,5,20242025,,,dated_gamelog_bracket
684,Drew O'Connor,8482055,PIT,VAN,in_season,2025-01-31,2025-01-29,2025-02-02,4,20242025,,,dated_gamelog_bracket
34,Fraser Minten,8483489,TOR,BOS,in_season,2025-03-03,2025-01-29,2025-04-05,66,20242025,,,dated_gamelog_bracket
436,J.T. Miller,8476468,VAN,NYR,in_season,2025-01-30,2025-01-29,2025-02-01,3,20242025,,,dated_gamelog_bracket
866,Jesse Puljujarvi,8479344,PIT,FLA,in_season,2025-03-03,2025-01-29,2025-04-06,67,20242025,,,dated_gamelog_bracket
696,Marcus Pettersson,8477969,PIT,VAN,in_season,2025-01-31,2025-01-29,2025-02-02,4,20242025,,,dated_gamelog_bracket
306,Cody Ceci,8476879,SJS,DAL,in_season,2025-01-31,2025-01-30,2025-02-02,3,20242025,,,dated_gamelog_bracket
853,Jakob Pelletier,8481592,CGY,PHI,in_season,2025-02-10,2025-01-30,2025-02-22,23,20242025,,,dated_gamelog_bracket
81,Joel Farabee,8480797,PHI,CGY,in_season,2025-01-31,2025-01-30,2025-02-01,2,20242025,,,dated_gamelog_bracket
4,Mikael Granlund,8475798,SJS,DAL,in_season,2025-01-31,2025-01-30,2025-02-02,3,20242025,,,dated_gamelog_bracket
82,Morgan Frost,8480028,PHI,CGY,in_season,2025-01-31,2025-01-30,2025-02-01,2,20242025,,,dated_gamelog_bracket
938,Rafael Harvey-Pinard,8481093,MTL,PIT,off_season,,2025-01-30,2026-04-14,439,20252026,,,needs_date
176,Danton Heinen,8478046,VAN,PIT,in_season,2025-01-31,2025-01-31,2025-02-01,1,20242025,,,dated_gamelog_bracket
505,Noah Juulsen,8478454,VAN,PHI,off_season,2025-07-01,2025-02-02,2025-10-09,249,20252026,https://www.nhl.com/flyers/news/flyers-agree-to-terms-with-noah-juulsen-and-dennis-gilbert,https://en.wikipedia.org/wiki/2025%E2%80%9326_NHL_transactions,dated
269,Vinnie Hinostroza,8476994,NSH,MIN,in_season,2025-02-04,2025-02-03,2025-02-06,3,20242025,,,dated_gamelog_bracket
440,Conor Sheary,8477839,TBL,NYR,off_season,2025-10-06,2025-02-06,2025-10-07,243,20252026,https://www.nhl.com/rangers/news/rangers-agree-to-terms-with-conor-sheary,https://en.wikipedia.org/wiki/2025%E2%80%9326_NHL_transactions,dated
399,Dennis Cholowski,8479395,NYI,NJD,in_season,2025-02-22,2025-02-08,2025-03-09,29,20242025,,,dated_gamelog_bracket
831,Erik Johnson,8473446,PHI,COL,in_season,2025-02-23,2025-02-08,2025-03-10,30,20242025,,,dated_gamelog_bracket
598,Logan Mailloux,8482733,MTL,STL,off_season,2025-07-01,2025-02-08,2025-10-09,243,20252026,https://www.nhl.com/news/zachary-bolduc-traded-to-montreal-canadiens-by-st-louis-blues-for-logan-mailloux,https://en.wikipedia.org/wiki/2025%E2%80%9326_NHL_transactions,dated
275,Cole Reinhardt,8481133,OTT,VGK,off_season,2025-07-01,2025-02-22,2025-10-14,234,20252026,https://www.nhl.com/goldenknights/news/vegas-golden-knights-announce-roster-transactions-x3533,https://en.wikipedia.org/wiki/2025%E2%80%9326_NHL_transactions,dated
545,Zack Ostapchuk,8482859,OTT,SJS,in_season,2025-03-04,2025-02-22,2025-03-15,21,20242025,,,dated_gamelog_bracket
887,Juuso Parssinen,8481704,COL,NYR,in_season,2025-02-26,2025-02-23,2025-03-02,7,20242025,,,dated_gamelog_bracket
969,Walker Duehr,8482652,SJS,WPG,off_season,,2025-02-23,2026-03-01,371,20252026,,,needs_date
38,Alex Steeves,8482634,TOR,BOS,off_season,2025-07-01,2025-02-25,2025-11-08,256,20252026,https://www.nhl.com/bruins/news/bruins-announce-july-1-transactions-x3998,https://en.wikipedia.org/wiki/2025%E2%80%9326_NHL_transactions,dated
740,Justin Sourdif,8482088,FLA,WSH,off_season,2025-06-26,2025-02-25,2025-10-08,225,20252026,https://www.nhl.com/capitals/news/capitals-acquire-justin-sourdif-from-the-florida-panthers,https://en.wikipedia.org/wiki/2024%E2%80%9325_NHL_transactions,dated
200,Michael Bunting,8478047,PIT,NSH,in_season,2025-03-05,2025-02-25,2025-03-14,17,20242025,,,dated_gamelog_bracket
316,Robby Fabbri,8477952,ANA,STL,off_season,2025-12-10,2025-02-25,2025-12-11,289,20252026,https://www.nhl.com/blues/news/blues-sign-fabbri-to-one-year-two-way-contract,https://en.wikipedia.org/wiki/2025%E2%80%9326_NHL_transactions,dated
244,Trent Frederic,8479365,BOS,EDM,in_season,2025-03-16,2025-02-25,2025-04-05,39,20242025,,,dated_gamelog_bracket
760,Gustav Nyquist,8474679,NSH,MIN,in_season,2025-02-28,2025-02-27,2025-03-02,3,20242025,,,dated_gamelog_bracket
42,Henri Jokiharju,8480035,BUF,BOS,in_season,2025-03-03,2025-02-27,2025-03-08,9,20242025,,,dated_gamelog_bracket
856,Jakub Vrana,8477944,WSH,NSH,in_season,2025-03-03,2025-02-27,2025-03-08,9,20242025,,,dated_gamelog_bracket
285,Seth Jones,8477495,CHI,FLA,in_season,2025-03-01,2025-02-27,2025-03-03,4,20242025,,,dated_gamelog_bracket
806,Calvin de Haan,8475177,COL,NYR,in_season,2025-03-01,2025-02-28,2025-03-02,2,20242025,,,dated_gamelog_bracket
868,Jimmy Vesey,8476918,NYR,COL,in_season,2025-03-03,2025-02-28,2025-03-06,6,20242025,,,dated_gamelog_bracket
31,Marat Khusnutdinov,8482177,MIN,BOS,in_season,2025-03-04,2025-02-28,2025-03-08,8,20242025,,,dated_gamelog_bracket
715,Reilly Smith,8475191,NYR,VGK,in_season,2025-03-03,2025-02-28,2025-03-07,7,20242025,,,dated_gamelog_bracket
576,Ryan Lindgren,8479324,NYR,COL,in_season,2025-03-02,2025-02-28,2025-03-04,4,20242025,,,dated_gamelog_bracket
273,Brad Marchand,8473419,BOS,FLA,in_season,2025-03-14,2025-03-01,2025-03-28,27,20242025,,,dated_gamelog_bracket
534,Ilya Solovyov,8482470,CGY,COL,off_season,2025-10-03,2025-03-01,2025-10-11,224,20252026,https://www.nhl.com/avalanche/news/avalanche-claim-ilya-solovyov-off-waivers,https://en.wikipedia.org/wiki/2025%E2%80%9326_NHL_transactions,dated
693,Pierre-Olivier Joseph,8480058,PIT,VAN,off_season,2025-07-02,2025-03-01,2025-10-21,234,20252026,https://www.prohockeyrumors.com/2025/07/canucks-sign-defender-pierre-olivier-joseph.html,https://www.yardbarker.com/nhl/articles/canucks_sign_pierre_olivier_joseph_to_one_year_contract/s1_16958_42407106,dated
546,Ryan Reaves,8471817,TOR,SJS,off_season,2025-07-10,2025-03-02,2025-10-09,221,20252026,https://www.nhl.com/news/henry-thrun-traded-to-maple-leafs-by-sharks,https://en.wikipedia.org/wiki/2025%E2%80%9326_NHL_transactions,dated
515,Connor Dewar,8480980,TOR,PIT,in_season,2025-03-06,2025-03-03,2025-03-09,6,20242025,,,dated_gamelog_bracket
471,Dennis Gilbert,8478502,BUF,OTT,in_season,2025-03-05,2025-03-03,2025-03-08,5,20242025,,,dated_gamelog_bracket
728,Anthony Beauvillier,8478463,PIT,WSH,in_season,2025-03-06,2025-03-04,2025-03-09,5,20242025,,,dated_gamelog_bracket
662,Brandon Tanev,8479293,SEA,WPG,in_season,2025-03-05,2025-03-04,2025-03-07,3,20242025,,,dated_gamelog_bracket
161,Brock Nelson,8475754,NYI,COL,in_season,2025-03-06,2025-03-04,2025-03-08,4,20242025,,,dated_gamelog_bracket
811,Christian Fischer,8478432,DET,CBJ,in_season,2025-03-08,2025-03-04,2025-03-13,9,20242025,,,dated_gamelog_bracket
390,Cody Glass,8479996,PIT,NJD,in_season,2025-03-06,2025-03-04,2025-03-09,5,20242025,,,dated_gamelog_bracket
263,Jake Walman,8478013,SJS,EDM,in_season,2025-03-06,2025-03-04,2025-03-08,4,20242025,,,dated_gamelog_bracket
855,Jakub Lauko,8480880,MIN,BOS,in_season,2025-03-06,2025-03-04,2025-03-08,4,20242025,,,dated_gamelog_bracket
357,Joe Veleno,8480813,DET,CHI,in_season,2025-03-06,2025-03-04,2025-03-08,4,20242025,,,dated_gamelog_bracket
878,Jordan Oesterle,8477851,BOS,NSH,in_season,2025-03-06,2025-03-04,2025-03-08,4,20242025,,,dated_gamelog_bracket
512,Justin Brazeau,8479638,BOS,MIN,in_season,2025-03-05,2025-03-04,2025-03-07,3,20242025,,,dated_gamelog_bracket
270,Luke Kunin,8479316,SJS,CBJ,in_season,2025-03-06,2025-03-04,2025-03-09,5,20242025,,,dated_gamelog_bracket
74,Luke Schenn,8474568,NSH,WPG,in_season,2025-03-07,2025-03-04,2025-03-11,7,20242025,,,dated_gamelog_bracket
26,Michael Eyssimont,8479591,TBL,SEA,in_season,2025-03-05,2025-03-04,2025-03-06,2,20242025,,,dated_gamelog_bracket
325,Nico Sturm,8481477,SJS,FLA,in_season,2025-03-06,2025-03-04,2025-03-08,4,20242025,,,dated_gamelog_bracket
601,Oliver Bjorkstrand,8477416,SEA,TBL,in_season,2025-03-05,2025-03-04,2025-03-06,2,20242025,,,dated_gamelog_bracket
927,Oliver Kylington,8478430,COL,ANA,in_season,2025-03-12,2025-03-04,2025-03-20,16,20242025,,,dated_gamelog_bracket
523,Tommy Novak,8478438,NSH,PIT,in_season,2025-03-05,2025-03-04,2025-03-07,3,20242025,,,dated_gamelog_bracket
552,Vincent Desharnais,8479576,PIT,SJS,in_season,2025-03-06,2025-03-04,2025-03-08,4,20242025,,,dated_gamelog_bracket
606,Yanni Gourde,8476826,SEA,TBL,in_season,2025-03-05,2025-03-04,2025-03-06,2,20242025,,,dated_gamelog_bracket
309,Brian Dumoulin,8475208,ANA,NJD,in_season,2025-03-06,2025-03-05,2025-03-07,2,20242025,,,dated_gamelog_bracket
428,Carson Soucy,8477369,VAN,NYR,in_season,2025-03-06,2025-03-05,2025-03-08,3,20242025,,,dated_gamelog_bracket
76,Conor Timmins,8479982,TOR,PIT,in_season,2025-03-07,2025-03-05,2025-03-09,4,20242025,,,dated_gamelog_bracket
815,Craig Smith,8475225,CHI,DET,in_season,2025-03-07,2025-03-05,2025-03-10,5,20242025,,,dated_gamelog_bracket
60,Josh Norris,8480064,OTT,BUF,in_season,2025-03-06,2025-03-05,2025-03-08,3,20242025,,,dated_gamelog_bracket
925,Noah Gregor,8479393,OTT,SJS,in_season,2025-03-09,2025-03-05,2025-03-13,8,20242025,,,dated_gamelog_bracket
296,Andrei Kuzmenko,8483808,PHI,LAK,in_season,2025-03-07,2025-03-06,2025-03-08,2,20242025,,,dated_gamelog_bracket
639,Brandon Carlo,8478443,BOS,TOR,in_season,2025-03-07,2025-03-06,2025-03-08,2,20242025,,,dated_gamelog_bracket
35,Casey Mittelstadt,8479999,COL,BOS,in_season,2025-03-07,2025-03-06,2025-03-08,2,20242025,,,dated_gamelog_bracket
173,Charlie Coyle,8475745,BOS,COL,in_season,2025-03-07,2025-03-06,2025-03-08,2,20242025,,,dated_gamelog_bracket
456,Dylan Cozens,8481528,BUF,OTT,in_season,2025-03-07,2025-03-06,2025-03-08,2,20242025,,,dated_gamelog_bracket
468,Fabian Zetterlund,8480188,SJS,OTT,in_season,2025-03-08,2025-03-06,2025-03-10,4,20242025,,,dated_gamelog_bracket
118,Logan Stankoven,8482702,DAL,CAR,in_season,2025-03-07,2025-03-06,2025-03-09,3,20242025,,,dated_gamelog_bracket
112,Mark Jankowski,8476873,NSH,CAR,in_season,2025-03-07,2025-03-06,2025-03-09,3,20242025,,,dated_gamelog_bracket
209,Mikko Rantanen,8478420,CAR,DAL,in_season,2025-03-07,2025-03-06,2025-03-08,2,20242025,,,dated_gamelog_bracket
298,Scott Laughton,8476872,PHI,TOR,in_season,2025-03-07,2025-03-06,2025-03-08,2,20242025,,,dated_gamelog_bracket
463,Arthur Kaliyev,8481560,NYR,OTT,off_season,2025-07-02,2025-03-11,2025-10-16,219,20252026,https://www.nhl.com/senators/news/senators-sign-five-players-to-two-way-contracts,https://en.wikipedia.org/wiki/2025%E2%80%9326_NHL_transactions,dated
632,Matias Maccelli,8481711,UTA,TOR,off_season,2025-06-30,2025-03-24,2025-10-08,198,20252026,https://www.nhl.com/news/matias-maccelli-traded-to-toronto-maple-leafs-by-utah-mammoth,https://en.wikipedia.org/wiki/2025%E2%80%9326_NHL_transactions,dated
796,Brendan Gaunce,8476867,MIN,CBJ,off_season,,2025-03-25,2025-11-22,242,20252026,,,needs_date
29,Tanner Jeannot,8479661,LAK,BOS,off_season,2025-07-01,2025-03-25,2025-10-08,197,20252026,https://www.nhl.com/bruins/news/bruins-announce-july-1-transactions-x3998,https://en.wikipedia.org/wiki/2025%E2%80%9326_NHL_transactions,dated
555,John Klingberg,8475906,EDM,SJS,off_season,2025-07-01,2025-03-27,2025-10-09,196,20252026,https://www.nhl.com/sharks/news/sharks-sign-defenseman-john-klingberg-to-a-one-year-contract,https://en.wikipedia.org/wiki/2025%E2%80%9326_NHL_transactions,dated
713,Colton Sissons,8476925,NSH,VGK,off_season,2025-06-30,2025-03-29,2025-10-08,193,20252026,https://www.nhl.com/news/nicolas-hague-traded-to-nashville-from-vegas-signs-4-year-contract,https://en.wikipedia.org/wiki/2025%E2%80%9326_NHL_transactions,dated
312,Nicolas Aube-Kubel,8477979,NYR,MIN,off_season,2025-07-02,2025-03-29,2025-12-13,259,20252026,https://www.nhl.com/wild/news/minnesota-wild-signs-five-players-to-contracts-070225,https://en.wikipedia.org/wiki/2025%E2%80%9326_NHL_transactions,dated
732,David Kampf,8480144,TOR,VAN,off_season,2025-11-16,2025-04-02,2025-11-17,229,20252026,https://www.nhl.com/canucks/news/canucks-agree-to-terms-with-forward-david-kampf-on-a-one-year-contract,https://en.wikipedia.org/wiki/2025%E2%80%9326_NHL_transactions,dated
582,Jonathan Drouin,8477494,COL,NYI,off_season,2025-07-01,2025-04-02,2025-10-09,190,20252026,https://www.nhl.com/islanders/news/islanders-sign-drouin,https://en.wikipedia.org/wiki/2025%E2%80%9326_NHL_transactions,dated
270,Luke Kunin,8479316,CBJ,FLA,off_season,2025-08-22,2025-04-03,2025-10-07,187,20252026,https://www.nhl.com/panthers/news/florida-panthers-agree-to-terms-with-forward-luke-kunin-on-a-one-year-contract,https://en.wikipedia.org/wiki/2025%E2%80%9326_NHL_transactions,dated
576,Ryan Lindgren,8479324,COL,SEA,off_season,2025-07-01,2025-04-08,2025-10-09,184,20252026,https://www.nhl.com/kraken/news/seattle-kraken-agree-to-terms-with-defenseman-ryan-lindgren-to-four-year-contract-pr,https://en.wikipedia.org/wiki/2025%E2%80%9326_NHL_transactions,dated
488,Luke Glendening,8476822,TBL,NJD,off_season,2025-10-07,2025-04-09,2025-10-09,183,20252026,https://www.nhl.com/devils/news/glendening-signed-to-1-year-contract-release-10-7-25,https://en.wikipedia.org/wiki/2025%E2%80%9326_NHL_transactions,dated
470,Cameron Crotty,8480075,MIN,OTT,off_season,2025-08-25,2025-04-12,2026-04-02,355,20252026,https://www.nhl.com/senators/news/senators-sign-defenceman-cameron-crotty-and-forward-jan-jenik-to-two-way-contracts,https://en.wikipedia.org/wiki/2025%E2%80%9326_NHL_transactions,dated
743,Declan Chisholm,8480990,MIN,WSH,off_season,2025-06-28,2025-04-12,2025-10-12,183,20252026,https://www.sportsnet.ca/nhl/article/capitals-acquire-declan-chishom-from-wild-for-chase-priskie/,https://en.wikipedia.org/wiki/2025%E2%80%9326_NHL_transactions,dated
912,Michael Pezzetta,8479543,MTL,TOR,off_season,,2025-04-12,2026-03-12,334,20252026,,,needs_date
110,Nikolaj Ehlers,8477940,WPG,CAR,off_season,2025-07-03,2025-04-12,2025-10-09,180,20252026,https://www.nhl.com/hurricanes/news/canes-agree-to-terms-with-nikolaj-ehlers-on-six-year-contract,https://en.wikipedia.org/wiki/2025%E2%80%9326_NHL_transactions,dated
543,Philipp Kurashev,8480798,CHI,SJS,off_season,2025-07-01,2025-04-12,2025-10-09,180,20252026,https://www.nhl.com/sharks/news/sharks-sign-forward-philipp-kurashev-to-a-one-year-contract,https://en.wikipedia.org/wiki/2025%E2%80%9326_NHL_transactions,dated
173,Charlie Coyle,8475745,COL,CBJ,off_season,2025-06-27,2025-04-13,2025-10-09,179,20252026,https://www.nhl.com/news/charlie-coyle-and-miles-wood-traded-to-columbus-blue-jackets-by-colorado-avalanche,https://en.wikipedia.org/wiki/2025%E2%80%9326_NHL_transactions,dated
142,Dominic Toninato,8476952,WPG,CHI,off_season,2025-07-01,2025-04-13,2025-12-13,244,20252026,https://www.nhl.com/blackhawks/news/release-blackhawks-sign-dominic-toninato-to-two-year-two-way-contract,https://en.wikipedia.org/wiki/2025%E2%80%9326_NHL_transactions,dated
186,Miles Wood,8477425,COL,CBJ,off_season,2025-06-27,2025-04-13,2025-10-09,179,20252026,https://www.nhl.com/news/charlie-coyle-and-miles-wood-traded-to-columbus-blue-jackets-by-colorado-avalanche,https://en.wikipedia.org/wiki/2025%E2%80%9326_NHL_transactions,dated
130,Andre Burakovsky,8477444,SEA,CHI,off_season,2025-06-21,2025-04-15,2025-10-07,175,20252026,https://www.nhl.com/news/andre-burakovsky-traded-to-chicago-by-seattle-for-joe-veleno,https://en.wikipedia.org/wiki/2024%E2%80%9325_NHL_transactions,dated
803,Caleb Jones,8478452,LAK,PIT,off_season,,2025-04-15,2025-10-07,175,20252026,,,needs_date
756,Cole Koepke,8481043,BOS,WPG,off_season,2025-07-01,2025-04-15,2025-10-09,177,20252026,https://www.nhl.com/jets/news/jets-sign-forward-cole-koepke-to-a-one-year-contract,https://en.wikipedia.org/wiki/2025%E2%80%9326_NHL_transactions,dated
562,Frederick Gaudreau,8477919,MIN,SEA,off_season,2025-06-26,2025-04-15,2025-10-09,177,20252026,https://www.nhl.com/news/frederick-gaudreau-traded-to-seattle-kraken-by-minnesota-wild,https://en.wikipedia.org/wiki/2024%E2%80%9325_NHL_transactions,dated
760,Gustav Nyquist,8474679,MIN,WPG,off_season,2025-07-02,2025-04-15,2025-10-09,177,20252026,https://www.nhl.com/jets/news/jets-sign-forward-gustav-nyquist-to-a-one-year-contract,https://en.wikipedia.org/wiki/2025%E2%80%9326_NHL_transactions,dated
726,Jaycob Megna,8477034,FLA,VGK,off_season,2025-07-01,2025-04-15,2026-01-02,262,20252026,https://www.nhl.com/goldenknights/news/vegas-golden-knights-announce-roster-transactions-x3533,https://en.wikipedia.org/wiki/2025%E2%80%9326_NHL_transactions,dated
357,Joe Veleno,8480813,CHI,MTL,off_season,2025-07-16,2025-04-15,2025-10-18,186,20252026,https://www.nhl.com/canadiens/news/one-year-contract-for-joe-veleno-july-2025,https://www.yardbarker.com/nhl/articles/canadiens_sign_joe_veleno/s1_16958_42461104,dated
51,Josh Doan,8482659,UTA,BUF,off_season,2025-06-25,2025-04-15,2025-10-09,177,20252026,https://www.nhl.com/news/buffalo-sabres-trade-jj-peterka-to-utah-mammoth,https://en.wikipedia.org/wiki/2024%E2%80%9325_NHL_transactions,dated
512,Justin Brazeau,8479638,MIN,PIT,off_season,2025-07-01,2025-04-15,2025-10-07,175,20252026,https://www.nhl.com/penguins/news/penguins-sign-justin-brazeau-parker-wotherspoon-and-caleb-jones-to-two-year-contracts,https://en.wikipedia.org/wiki/2025%E2%80%9326_NHL_transactions,dated
659,Kevin Rooney,8479291,CGY,UTA,off_season,2025-10-06,2025-04-15,2025-11-28,227,20252026,https://www.nhl.com/utah/news/utah-mammoth-sign-forward-kevin-rooney-to-one-year-two-way-contract-release-10-6-25,https://en.wikipedia.org/wiki/2025%E2%80%9326_NHL_transactions,dated
336,Matt Kiersted,8482641,FLA,MIN,off_season,2025-07-02,2025-04-15,2025-12-13,242,20252026,https://www.nhl.com/wild/news/minnesota-wild-signs-five-players-to-contracts-070225,https://en.wikipedia.org/wiki/2025%E2%80%9326_NHL_transactions,dated
26,Michael Eyssimont,8479591,SEA,BOS,off_season,2025-07-01,2025-04-15,2025-10-08,176,20252026,https://www.prohockeyrumors.com/2025/07/bruins-to-sign-michael-eyssimont-sean-kuraly-to-two-year-deals.html,https://www.cbssports.com/fantasy/hockey/news/bruins-michael-eyssimont-headed-to-beantown,dated
70,Michael Kesselring,8480891,UTA,BUF,off_season,2025-06-25,2025-04-15,2025-10-28,196,20252026,https://www.nhl.com/news/buffalo-sabres-trade-jj-peterka-to-utah-mammoth,https://en.wikipedia.org/wiki/2024%E2%80%9325_NHL_transactions,dated
670,Nate Schmidt,8477220,FLA,UTA,off_season,2025-07-01,2025-04-15,2025-10-09,177,20252026,https://www.nhl.com/utah/news/utah-signs-defenseman-nate-schmidt-to-three-year-contract-release-7-1-25,https://en.wikipedia.org/wiki/2025%E2%80%9326_NHL_transactions,dated
385,Nick Bjugstad,8475760,UTA,STL,off_season,2025-07-01,2025-04-15,2025-10-09,177,20252026,https://www.nhl.com/blues/news/blues-sign-bjugstad-to-two-year-contract,https://en.wikipedia.org/wiki/2025%E2%80%9326_NHL_transactions,dated
556,Nick Leddy,8475181,STL,SJS,off_season,2025-07-03,2025-04-15,2025-10-09,177,20252026,https://www.nhl.com/sharks/news/sharks-claim-defenseman-nick-leddy-off-waivers,https://en.wikipedia.org/wiki/2025%E2%80%9326_NHL_transactions,dated
325,Nico Sturm,8481477,FLA,MIN,off_season,2025-07-01,2025-04-15,2025-11-23,222,20252026,https://www.nhl.com/wild/news/minnesota-wild-signs-forward-nico-sturm-to-a-two-year-contract-070125,https://en.wikipedia.org/wiki/2025%E2%80%9326_NHL_transactions,dated
536,Parker Wotherspoon,8478450,BOS,PIT,off_season,2025-07-01,2025-04-15,2025-10-07,175,20252026,https://www.nhl.com/penguins/news/penguins-sign-justin-brazeau-parker-wotherspoon-and-caleb-jones-to-two-year-contracts,https://en.wikipedia.org/wiki/2025%E2%80%9326_NHL_transactions,dated
204,Radek Faksa,8476889,STL,DAL,off_season,2025-07-01,2025-04-15,2025-10-09,177,20252026,https://www.nhl.com/stars/news/dallas-stars-sign-radek-faksa-to-three-year-6-million-contract-070125,https://en.wikipedia.org/wiki/2025%E2%80%9326_NHL_transactions,dated
344,Zachary Bolduc,8482737,STL,MTL,off_season,2025-07-01,2025-04-15,2025-10-08,176,20252026,https://www.nhl.com/canadiens/news/canadiens-acquire-forward-zachary-bolduc-from-the-st-louis-blues-july-1-2025,https://www.prohockeyrumors.com/2025/07/canadiens-acquire-zachary-bolduc.html,dated
662,Brandon Tanev,8479293,WPG,UTA,off_season,2025-07-01,2025-04-16,2025-10-09,176,20252026,https://www.nhl.com/utah/news/utah-signs-forward-brandon-tanev-to-three-year-contract-release-7-1-25,https://en.wikipedia.org/wiki/2025%E2%80%9326_NHL_transactions,dated
193,Brendan Smith,8474090,DAL,CBJ,off_season,2025-11-24,2025-04-16,2025-11-26,224,20252026,https://www.nhl.com/bluejackets/news/blue-jackets-sign-defenseman-brendan-smith-to-two-way-contract,https://en.wikipedia.org/wiki/2025%E2%80%9326_NHL_transactions,dated
800,Brett Leason,8481517,ANA,WSH,off_season,,2025-04-16,2026-01-07,266,20252026,,,needs_date
309,Brian Dumoulin,8475208,NJD,LAK,off_season,2025-07-01,2025-04-16,2025-10-07,174,20252026,https://www.nhl.com/kings/news/la-kings-sign-brian-dumoulin,https://en.wikipedia.org/wiki/2025%E2%80%9326_NHL_transactions,dated
490,Carl Grundstrom,8479336,SJS,PHI,off_season,2025-10-05,2025-04-16,2025-11-08,206,20252026,https://www.sportsnet.ca/nhl/article/sharks-trade-carl-grundstrom-artem-guryev-to-flyers-for-ryan-ellis-pick/,https://en.wikipedia.org/wiki/2025%E2%80%9326_NHL_transactions,dated
485,Christian Dvorak,8477989,MTL,PHI,off_season,2025-07-01,2025-04-16,2025-10-09,176,20252026,https://www.nhl.com/flyers/news/flyers-agree-to-terms-with-center-christian-dvorak,https://en.wikipedia.org/wiki/2025%E2%80%9326_NHL_transactions,dated
306,Cody Ceci,8476879,DAL,LAK,off_season,2025-07-01,2025-04-16,2025-10-07,174,20252026,https://www.nhl.com/kings/news/la-kings-sign-cody-ceci,https://en.wikipedia.org/wiki/2025%E2%80%9326_NHL_transactions,dated
279,Cole Schwindt,8481655,VGK,FLA,off_season,2025-10-03,2025-04-16,2025-10-25,192,20252026,https://www.nhl.com/panthers/news/florida-panthers-claim-forward-cole-schwindt-off-waivers,https://en.wikipedia.org/wiki/2025%E2%80%9326_NHL_transactions,dated
387,Connor Brown,8477015,EDM,NJD,off_season,2025-07-01,2025-04-16,2025-10-09,176,20252026,https://www.nhl.com/devils/news/brown-signs-with-devils-release-7-1-25,https://en.wikipedia.org/wiki/2025%E2%80%9326_NHL_transactions,dated
613,Corey Perry,8470621,EDM,LAK,off_season,2025-07-01,2025-04-16,2025-10-21,188,20252026,https://www.nhl.com/kings/news/kings-sign-forward-corey-perry-to-one-year-contract,https://en.wikipedia.org/wiki/2025%E2%80%9326_NHL_transactions,dated
250,Curtis Lazar,8477508,NJD,EDM,off_season,2025-07-02,2025-04-16,2025-10-18,185,20252026,https://www.nhl.com/oilers/news/release-oilers-sign-lazar-to-one-year-contract,https://en.wikipedia.org/wiki/2025%E2%80%9326_NHL_transactions,dated
629,Dakota Joshua,8478057,VAN,TOR,off_season,2025-07-17,2025-04-16,2025-10-08,175,20252026,https://www.nhl.com/news/vancouver-canucks-trade-dakota-joshua-to-toronto-maple-leafs,https://en.wikipedia.org/wiki/2025%E2%80%9326_NHL_transactions,dated
411,Emil Heineman,8482476,MTL,NYI,off_season,2025-06-27,2025-04-16,2025-10-09,176,20252026,https://www.sportsnet.ca/nhl/article/canadiens-acquire-noah-dobson-from-islanders/,https://en.wikipedia.org/wiki/2025%E2%80%9326_NHL_transactions,dated
371,Erik Haula,8475287,NJD,NSH,off_season,2025-06-18,2025-04-16,2025-10-09,176,20252026,https://www.nhl.com/news/erik-haula-traded-to-predators-by-devils,https://en.wikipedia.org/wiki/2024%E2%80%9325_NHL_transactions,dated
389,Evgenii Dadonov,8474149,DAL,NJD,off_season,2025-07-01,2025-04-16,2025-10-09,176,20252026,https://www.nhl.com/devils/news/dadonov-signs-release-7-1-25,https://en.wikipedia.org/wiki/2025%E2%80%9326_NHL_transactions,dated
839,Henry Thrun,8481567,SJS,TOR,off_season,,2025-04-16,2025-12-11,239,20252026,,,needs_date
179,Isac Lundeström,8480806,ANA,CBJ,off_season,2025-07-01,2025-04-16,2025-10-09,176,20252026,https://www.nhl.com/bluejackets/news/blue-jackets-sign-isac-lundestrom-to-two-year-contract,https://en.wikipedia.org/wiki/2025%E2%80%9326_NHL_transactions,dated
339,Jeff Petry,8473507,DET,FLA,off_season,2025-07-01,2025-04-16,2025-10-07,174,20252026,https://www.nhl.com/panthers/news/florida-panthers-agree-to-terms-with-defenseman-jeff-petry-on-one-year-contract,https://en.wikipedia.org/wiki/2025%E2%80%9326_NHL_transactions,dated
864,Jeff Skinner,8475784,EDM,SJS,off_season,,2025-04-16,2025-10-09,176,20252026,,,needs_date
289,Joel Armia,8476469,MTL,LAK,off_season,2025-07-01,2025-04-16,2025-10-07,174,20252026,https://www.nhl.com/kings/news/kings-sign-forward-joel-armia-to-two-year-contract,https://en.wikipedia.org/wiki/2025%E2%80%9326_NHL_transactions,dated
884,Justin Dowling,8475413,NJD,NYR,off_season,,2025-04-16,2026-01-02,261,20252026,,,needs_date
464,Kurtis MacDermid,8477073,NJD,OTT,off_season,2025-10-03,2025-04-16,2025-10-09,176,20252026,https://www.sportsnet.ca/nhl/article/senators-acquire-kurtis-macdermid-from-devils-in-exchange-for-zack-macewen/,https://en.wikipedia.org/wiki/2025%E2%80%9326_NHL_transactions,dated
222,Mason Appleton,8478891,WPG,DET,off_season,2025-07-02,2025-04-16,2025-10-09,176,20252026,https://www.nhl.com/redwings/news/red-wings-sign-mason-appleton-to-two-year-contract,https://en.wikipedia.org/wiki/2025%E2%80%9326_NHL_transactions,dated
181,Mason Marchment,8478975,DAL,SEA,off_season,2025-06-19,2025-04-16,2025-10-09,176,20252026,https://www.nhl.com/news/mason-marchment-traded-from-stars-to-kraken,https://en.wikipedia.org/wiki/2024%E2%80%9325_NHL_transactions,dated
904,Mathew Dumba,8476856,DAL,PIT,off_season,,2025-04-16,2025-10-14,181,20252026,,,needs_date
4,Mikael Granlund,8475798,DAL,ANA,off_season,2025-07-01,2025-04-16,2025-10-09,176,20252026,https://www.nhl.com/ducks/news/ducks-sign-granlund-to-three-year-contract,https://en.wikipedia.org/wiki/2025%E2%80%9326_NHL_transactions,dated
196,Nathan Bastian,8479414,NJD,DAL,off_season,2025-08-09,2025-04-16,2025-10-09,176,20252026,https://www.nhl.com/stars/news/dallas-stars-sign-forward-nathan-bastian-to-one-year-one-way-contract-080925,https://en.wikipedia.org/wiki/2025%E2%80%9326_NHL_transactions,dated
380,Nicolas Hague,8479980,VGK,NSH,off_season,2025-06-30,2025-04-16,2025-10-25,192,20252026,https://www.nhl.com/news/nicolas-hague-traded-to-nashville-from-vegas-signs-4-year-contract,https://en.wikipedia.org/wiki/2025%E2%80%9326_NHL_transactions,dated
164,Nicolas Roy,8478462,VGK,TOR,off_season,2025-07-01,2025-04-16,2025-10-08,175,20252026,https://www.nhl.com/news/mitch-marner-traded-from-toronto-to-vegas-after-signing-8-year-96m-deal,https://en.wikipedia.org/wiki/2025%E2%80%9326_NHL_transactions,dated
925,Noah Gregor,8479393,SJS,FLA,off_season,,2025-04-16,2025-10-28,195,20252026,,,needs_date
590,Pius Suter,8480459,VAN,STL,off_season,2025-07-02,2025-04-16,2025-10-09,176,20252026,https://www.nhl.com/blues/news/blues-sign-suter-to-two-year-contract,https://en.wikipedia.org/wiki/2025%E2%80%9326_NHL_transactions,dated
62,Tanner Pearson,8476871,VGK,WPG,off_season,2025-07-01,2025-04-16,2025-10-09,176,20252026,https://www.nhl.com/jets/news/jets-sign-forward-tanner-pearson-to-a-one-year-contract,https://en.wikipedia.org/wiki/2025%E2%80%9326_NHL_transactions,dated
498,Trevor Zegras,8481533,ANA,PHI,off_season,2025-06-23,2025-04-16,2025-10-09,176,20252026,https://www.nhl.com/news/trevor-zegras-traded-to-flyers-from-ducks,https://en.wikipedia.org/wiki/2024%E2%80%9325_NHL_transactions,dated
90,Victor Olofsson,8478109,VGK,COL,off_season,2025-08-20,2025-04-16,2025-10-07,174,20252026,https://www.nhl.com/avalanche/news/avalanche-signs-victor-olofsson,https://en.wikipedia.org/wiki/2025%E2%80%9326_NHL_transactions,dated
25,Viktor Arvidsson,8478042,EDM,BOS,off_season,2025-07-01,2025-04-16,2025-10-08,175,20252026,https://www.nhl.com/news/viktor-arvidsson-traded-to-boston-bruins-by-edmonton-oilers,https://en.wikipedia.org/wiki/2025%E2%80%9326_NHL_transactions,dated
540,Adam Gaudette,8478874,OTT,SJS,off_season,2025-07-01,2025-04-17,2025-10-09,175,20252026,https://www.nhl.com/sharks/news/sharks-sign-forward-adam-gaudette,https://en.wikipedia.org/wiki/2025%E2%80%9326_NHL_transactions,dated
136,Andrew Mangiapane,8478233,WSH,EDM,off_season,2025-07-01,2025-04-17,2025-10-08,174,20252026,https://www.nhl.com/oilers/news/release-oilers-sign-mangiapane-to-two-year-contract,https://en.wikipedia.org/wiki/2025%E2%80%9326_NHL_transactions,dated
167,Brent Burns,8470613,CAR,COL,off_season,2025-07-02,2025-04-17,2025-10-07,173,20252026,https://www.nhl.com/avalanche/news/avalanche-agrees-to-terms-with-brent-burns,https://en.wikipedia.org/wiki/2025%E2%80%9326_NHL_transactions,dated
8,Chris Kreider,8475184,NYR,ANA,off_season,2025-06-12,2025-04-17,2025-10-09,175,20252026,https://www.nhl.com/news/chris-kreider-traded-to-anaheim-by-new-york,https://en.wikipedia.org/wiki/2024%E2%80%9325_NHL_transactions,dated
527,Connor Clifton,8477365,BUF,PIT,off_season,2025-06-28,2025-04-17,2025-10-14,180,20252026,https://www.nhl.com/news/connor-clifton-traded-to-pittsburgh-penguins-by-buffalo-sabres,https://en.wikipedia.org/wiki/2025%E2%80%9326_NHL_transactions,dated
76,Conor Timmins,8479982,PIT,BUF,off_season,2025-06-28,2025-04-17,2025-10-09,175,20252026,https://www.nhl.com/news/connor-clifton-traded-to-pittsburgh-penguins-by-buffalo-sabres,https://en.wikipedia.org/wiki/2025%E2%80%9326_NHL_transactions,dated
558,Dmitry Orlov,8475200,CAR,SJS,off_season,2025-07-03,2025-04-17,2025-10-09,175,20252026,https://www.nhl.com/sharks/news/sharks-sign-defenseman-dmitry-orlov,https://en.wikipedia.org/wiki/2025%E2%80%9326_NHL_transactions,dated
658,JJ Peterka,8482175,BUF,UTA,off_season,2025-06-25,2025-04-17,2025-10-09,175,20252026,https://www.nhl.com/news/buffalo-sabres-trade-jj-peterka-to-utah-mammoth,https://en.wikipedia.org/wiki/2024%E2%80%9325_NHL_transactions,dated
254,Jack Roslovic,8478458,CAR,EDM,off_season,2025-10-08,2025-04-17,2025-10-14,180,20252026,https://www.nhl.com/oilers/news/release-oilers-agree-to-terms-with-jack-roslovic,https://en.wikipedia.org/wiki/2025%E2%80%9326_NHL_transactions,dated
234,Jacob Bernard-Docker,8480879,BUF,DET,off_season,2025-07-01,2025-04-17,2025-10-11,177,20252026,https://www.nhl.com/redwings/news/red-wings-sign-jacob-bernard-docker-to-one-year-contract,https://en.wikipedia.org/wiki/2025%E2%80%9326_NHL_transactions,dated
853,Jakob Pelletier,8481592,PHI,TBL,off_season,,2025-04-17,2025-11-15,212,20252026,,,needs_date
233,James van Riemsdyk,8474037,CBJ,DET,off_season,2025-07-01,2025-04-17,2025-10-13,179,20252026,https://www.nhl.com/redwings/news/red-wings-sign-james-van-riemsdyk-to-one-year-contract,https://en.wikipedia.org/wiki/2025%E2%80%9326_NHL_transactions,dated
41,Jordan Harris,8480887,CBJ,BOS,off_season,2025-07-01,2025-04-17,2025-10-11,177,20252026,https://www.nhl.com/bruins/news/bruins-announce-july-1-transactions-x3998,https://en.wikipedia.org/wiki/2025%E2%80%9326_NHL_transactions,dated
476,Jordan Spence,8481606,LAK,OTT,off_season,2025-06-28,2025-04-17,2025-10-13,179,20252026,https://www.nhl.com/news/jordan-spence-traded-to-senators-from-kings,https://en.wikipedia.org/wiki/2025%E2%80%9326_NHL_transactions,dated
50,Justin Danforth,8479941,CBJ,BUF,off_season,2025-07-01,2025-04-17,2025-10-09,175,20252026,https://www.nhl.com/sabres/news/buffalo-sabres-sign-justin-danforth-free-agency,https://en.wikipedia.org/wiki/2025%E2%80%9326_NHL_transactions,dated
596,Justin Holl,8475718,DET,STL,off_season,2026-03-06,2025-04-17,2026-03-08,325,20252026,https://www.nhl.com/news/justin-faulk-traded-to-detroit-red-wings-by-st-louis-blues,https://en.wikipedia.org/wiki/2025%E2%80%9326_NHL_transactions,dated
122,K'Andre Miller,8480817,NYR,CAR,off_season,2025-07-01,2025-04-17,2025-10-09,175,20252026,https://www.nhl.com/news/k-andre-miller-traded-to-hurricanes-by-rangers-signs-eight-year-contract,https://en.wikipedia.org/wiki/2025%E2%80%9326_NHL_transactions,dated
457,Lars Eller,8474189,WSH,OTT,off_season,2025-07-01,2025-04-17,2025-10-09,175,20252026,https://www.nhl.com/senators/news/a-st-eller-addition,https://en.wikipedia.org/wiki/2025%E2%80%9326_NHL_transactions,dated
145,Matt Grzelcyk,8476891,PIT,CHI,off_season,2025-10-05,2025-04-17,2025-10-07,173,20252026,https://www.nhl.com/blackhawks/news/release-blackhawks-sign-matt-grzelcyk-to-one-year-contract,https://en.wikipedia.org/wiki/2025%E2%80%9326_NHL_transactions,dated
124,Mike Reilly,8476422,NYI,CAR,off_season,2025-07-01,2025-04-17,2025-10-14,180,20252026,https://www.nhl.com/hurricanes/news/canes-sign-mike-reilly-to-one-year-contract,https://en.wikipedia.org/wiki/2025%E2%80%9326_NHL_transactions,dated
710,Mitch Marner,8478483,TOR,VGK,off_season,2025-07-01,2025-04-17,2025-10-08,174,20252026,https://www.nhl.com/news/mitch-marner-traded-from-toronto-to-vegas-after-signing-8-year-96m-deal,https://en.wikipedia.org/wiki/2025%E2%80%9326_NHL_transactions,dated
382,Nick Perbix,8480246,TBL,NSH,off_season,2025-07-01,2025-04-17,2025-10-09,175,20252026,https://www.nhl.com/predators/news/predators-sign-nick-perbix-to-two-year-5-5-million-contract-2025-07-01,https://en.wikipedia.org/wiki/2025%E2%80%9326_NHL_transactions,dated
360,Noah Dobson,8480865,NYI,MTL,off_season,2025-06-27,2025-04-17,2025-10-08,174,20252026,https://www.sportsnet.ca/nhl/article/canadiens-acquire-noah-dobson-from-islanders/,https://en.wikipedia.org/wiki/2025%E2%80%9326_NHL_transactions,dated
609,Pontus Holmberg,8480995,TOR,TBL,off_season,2025-07-01,2025-04-17,2025-10-09,175,20252026,https://www.nhl.com/lightning/news/lightning-sign-forward-pontus-holmberg-to-a-two-year-contract,https://en.wikipedia.org/wiki/2025%E2%80%9326_NHL_transactions,dated
10,Ryan Poehling,8480068,PHI,ANA,off_season,2025-06-23,2025-04-17,2025-10-09,175,20252026,https://www.nhl.com/news/trevor-zegras-traded-to-flyers-from-ducks,https://en.wikipedia.org/wiki/2024%E2%80%9325_NHL_transactions,dated
134,Sam Lafferty,8478043,BUF,CHI,off_season,2024-07-01,2025-04-17,2025-10-07,173,20252026,https://www.nhl.com/sabres/news/buffalo-sabres-sign-sam-lafferty-contract-nhl-free-agency,https://en.wikipedia.org/wiki/2024%E2%80%9325_NHL_transactions,dated
952,Scott Morrow,8482666,CAR,NYR,off_season,,2025-04-17,2025-11-16,213,20252026,,,needs_date
32,Sean Kuraly,8476374,CBJ,BOS,off_season,2025-07-01,2025-04-17,2025-10-08,174,20252026,https://www.nhl.com/bruins/news/bruins-announce-july-1-transactions-x3998,https://en.wikipedia.org/wiki/2025%E2%80%9326_NHL_transactions,dated
438,Taylor Raddysh,8479390,WSH,NYR,off_season,2025-07-01,2025-04-17,2025-10-07,173,20252026,https://www.nhl.com/rangers/news/rangers-agree-to-terms-with-taylor-raddysh,https://en.wikipedia.org/wiki/2025%E2%80%9326_NHL_transactions,dated
238,Travis Hamonic,8474612,OTT,DET,off_season,2025-08-15,2025-04-17,2025-10-09,175,20252026,https://www.nhl.com/redwings/news/red-wings-sign-travis-hamonic-to-one-year-contract,https://en.wikipedia.org/wiki/2025%E2%80%9326_NHL_transactions,dated
372,Tyson Jost,8479370,CAR,NSH,off_season,2025-10-01,2025-04-17,2025-10-09,175,20252026,https://www.nhl.com/predators/news/predators-claim-tyson-jost-on-waivers-from-carolina-assign-reid-schaefer-to-milwaukee-ahl-2025-10-01,https://en.wikipedia.org/wiki/2025%E2%80%9326_NHL_transactions,dated
326,Vladimir Tarasenko,8475765,DET,MIN,off_season,2025-06-30,2025-04-17,2025-10-09,175,20252026,https://www.nhl.com/news/vladimir-tarasenko-traded-to-minnesota-wild-by-detroit-red-wings,https://en.wikipedia.org/wiki/2025%E2%80%9326_NHL_transactions,dated
447,Vladislav Gavrikov,8478882,LAK,NYR,off_season,2025-07-01,2025-04-17,2025-10-07,173,20252026,https://www.nhl.com/news/vladislav-gavrikov-signs-7-year-contract-with-new-york-rangers,https://en.wikipedia.org/wiki/2025%E2%80%9326_NHL_transactions,dated
968,Vladislav Kolyachonok,8481609,PIT,DAL,off_season,,2025-04-17,2025-11-18,215,20252026,,,needs_date
288,Donovan Sebrango,8482131,OTT,FLA,in_season,2025-10-15,2025-10-11,2025-11-01,21,20252026,https://www.nhl.com/panthers/news/florida-panthers-claim-defenseman-donovan-sebrango-off-waivers,https://en.wikipedia.org/wiki/2025%E2%80%9326_NHL_transactions,dated
37,Lukas Reichel,8482117,CHI,VAN,in_season,2025-10-24,2025-10-23,2025-10-25,2,20252026,https://www.nhl.com/news/lukas-reichel-traded-to-vancouver-by-chicago,https://en.wikipedia.org/wiki/2025%E2%80%9326_NHL_transactions,dated
644,Troy Stecher,8479442,EDM,TOR,in_season,2025-11-15,2025-10-30,2025-11-18,19,20252026,https://www.sportsnet.ca/nhl/article/maple-leafs-claim-defenceman-troy-stecher-off-waivers-from-oilers/,https://en.wikipedia.org/wiki/2025%E2%80%9326_NHL_transactions,dated
356,Alexandre Texier,8480074,STL,MTL,in_season,2025-11-23,2025-11-06,2025-11-28,22,20252026,https://www.nhl.com/canadiens/news/one-year-contract-for-alexandre-texier-and-adam-engstrom-recalled-from-the-laval-rocket-nov-23-2025,https://en.wikipedia.org/wiki/2025%E2%80%9326_NHL_transactions,dated
78,John Beecher,8481556,BOS,CGY,in_season,2025-11-18,2025-11-06,2025-11-19,13,20252026,https://www.nhl.com/flames/news/flames-claim-beecher-off-waivers,https://en.wikipedia.org/wiki/2025%E2%80%9326_NHL_transactions,dated
688,Marco Rossi,8482079,MIN,VAN,in_season,2025-12-12,2025-11-11,2025-12-14,33,20252026,https://www.nhl.com/news/quinn-hughes-traded-to-minnesota-wild-by-vancouver-canucks,https://en.wikipedia.org/wiki/2025%E2%80%9326_NHL_transactions,dated
950,Sammy Blais,8478104,TOR,MTL,in_season,2025-12-06,2025-11-22,2025-12-21,29,20252026,,,dated_gamelog_bracket
37,Lukas Reichel,8482117,VAN,BOS,in_season,2026-03-06,2025-11-28,2026-03-19,111,20252026,https://www.sportsnet.ca/nhl/article/canucks-trade-lukas-reichel-to-bruins-sixth-round-pick/,https://en.wikipedia.org/wiki/2025%E2%80%9326_NHL_transactions,dated
195,Egor Zamula,8481178,PHI,CBJ,in_season,2026-01-06,2025-12-07,2026-01-08,32,20252026,https://www.dailyfaceoff.com/news/columbus-blue-jackets-sign-egor-zamula-one-year-contract-waivers-nhl-pittsburgh-philadelphia,https://www.1stohiobattery.com/columbus-blue-jackets-news/2026/01/9609/blue-jackets-sign-defenseman-egor-zamula-to-one-year-deal,dated
347,Phillip Danault,8476479,LAK,MTL,in_season,2025-12-19,2025-12-10,2025-12-23,13,20252026,https://www.nhl.com/news/los-angeles-kings-trade-phillip-danault-to-montreal-canadiens,https://en.wikipedia.org/wiki/2025%E2%80%9326_NHL_transactions,dated
168,Brett Kulak,8476967,EDM,PIT,in_season,2025-12-12,2025-12-11,2025-12-16,5,20252026,https://www.nhl.com/news/stuart-skinner-brett-kulak-traded-to-pittsburgh-penguins-by-edmonton-oilers-for-tristan-jarry,https://en.wikipedia.org/wiki/2025%E2%80%9326_NHL_transactions,dated
580,Jonatan Berggren,8481013,DET,STL,in_season,2025-12-16,2025-12-11,2025-12-17,6,20252026,https://www.nhl.com/blues/news/blues-claim-berggren-off-waivers,https://en.wikipedia.org/wiki/2025%E2%80%9326_NHL_transactions,dated
685,Liam Ohgren,8483499,MIN,VAN,in_season,2025-12-12,2025-12-11,2025-12-14,3,20252026,https://www.nhl.com/news/quinn-hughes-traded-to-minnesota-wild-by-vancouver-canucks,https://en.wikipedia.org/wiki/2025%E2%80%9326_NHL_transactions,dated
334,Quinn Hughes,8480800,VAN,MIN,in_season,2025-12-12,2025-12-11,2025-12-14,3,20252026,https://www.nhl.com/news/quinn-hughes-traded-to-minnesota-wild-by-vancouver-canucks,https://en.wikipedia.org/wiki/2025%E2%80%9326_NHL_transactions,dated
262,Spencer Stastney,8481056,NSH,EDM,in_season,2025-12-12,2025-12-11,2025-12-13,2,20252026,https://www.tsn.ca/nhl/article/oilers-acquire-d-stastney-from-predators-for-draft-pick/,https://en.wikipedia.org/wiki/2025%E2%80%9326_NHL_transactions,dated
968,Vladislav Kolyachonok,8481609,DAL,BOS,in_season,2025-12-17,2025-12-11,2025-12-23,12,20252026,,,dated_gamelog_bracket
690,Zeev Buium,8484798,MIN,VAN,in_season,2025-12-12,2025-12-11,2025-12-14,3,20252026,https://www.nhl.com/news/quinn-hughes-traded-to-minnesota-wild-by-vancouver-canucks,https://en.wikipedia.org/wiki/2025%E2%80%9326_NHL_transactions,dated
176,Danton Heinen,8478046,PIT,CBJ,in_season,2025-12-29,2025-12-18,2026-01-03,16,20252026,https://www.nhl.com/news/yegor-chinakhov-traded-to-pittsburgh-penguins-by-columbus-blue-jackets-for-danton-heinen-draft-picks,https://en.wikipedia.org/wiki/2025%E2%80%9326_NHL_transactions,dated
181,Mason Marchment,8478975,SEA,CBJ,in_season,2025-12-19,2025-12-18,2025-12-20,2,20252026,https://www.nhl.com/news/mason-marchment-traded-to-columbus-blue-jackets-by-seattle-kraken,https://en.wikipedia.org/wiki/2025%E2%80%9326_NHL_transactions,dated
513,Egor Chinakhov,8482475,CBJ,PIT,in_season,2025-12-29,2025-12-20,2026-01-01,12,20252026,https://www.nhl.com/news/yegor-chinakhov-traded-to-pittsburgh-penguins-by-columbus-blue-jackets-for-danton-heinen-draft-picks,https://en.wikipedia.org/wiki/2025%E2%80%9326_NHL_transactions,dated
14,Jeffrey Viel,8479705,BOS,ANA,in_season,2026-01-16,2025-12-20,2026-01-17,28,20252026,https://www.tsn.ca/nhl/article/ducks-acquire-f-viel-from-bruins-for-fourth-round-pick/,https://en.wikipedia.org/wiki/2025%E2%80%9326_NHL_transactions,dated
548,Kiefer Sherwood,8480748,VAN,SJS,in_season,2026-01-19,2026-01-10,2026-02-04,25,20252026,https://www.nhl.com/news/kiefer-sherwood-traded-to-san-jose-by-vancouver,https://en.wikipedia.org/wiki/2025%E2%80%9326_NHL_transactions,dated
448,Vincent Iorio,8482861,SJS,NYR,in_season,2026-01-31,2026-01-15,2026-02-05,21,20252026,https://www.nhl.com/rangers/news/rangers-claim-vincent-iorio-off-waivers,https://en.wikipedia.org/wiki/2025%E2%80%9326_NHL_transactions,dated
718,Rasmus Andersson,8478397,CGY,VGK,in_season,2026-01-18,2026-01-17,2026-01-23,6,20252026,https://www.nhl.com/news/rasmus-andersson-traded-to-golden-knights-by-flames,https://en.wikipedia.org/wiki/2025%E2%80%9326_NHL_transactions,dated
104,Zach Whitecloud,8480727,VGK,CGY,in_season,2026-01-18,2026-01-17,2026-01-19,2,20252026,https://www.nhl.com/news/rasmus-andersson-traded-to-golden-knights-by-flames,https://en.wikipedia.org/wiki/2025%E2%80%9326_NHL_transactions,dated
534,Ilya Solovyov,8482470,COL,PIT,in_season,2026-01-20,2026-01-19,2026-01-29,10,20252026,https://www.sportsnet.ca/nhl/article/penguins-acquire-ilya-solovyov-from-avalanche-for-valtteri-puustinen/,https://en.wikipedia.org/wiki/2025%E2%80%9326_NHL_transactions,dated
230,David Perron,8474102,OTT,DET,in_season,2024-07-01,2026-01-20,2026-03-14,53,20252026,https://www.nhl.com/senators/news/david-perron-signing,https://en.wikipedia.org/wiki/2024%E2%80%9325_NHL_transactions,dated
428,Carson Soucy,8477369,NYR,NYI,in_season,2026-01-26,2026-01-23,2026-01-28,5,20252026,https://www.nhl.com/news/carson-soucy-traded-to-new-york-islanders-by-new-york-rangers,https://en.wikipedia.org/wiki/2025%E2%80%9326_NHL_transactions,dated
417,Ondrej Palat,8476292,NJD,NYI,in_season,2026-01-27,2026-01-25,2026-01-28,3,20252026,https://www.nhl.com/news/new-jersey-devils-trade-ondrej-palat-to-new-york-islanders-for-maxim-tsyplakov,https://en.wikipedia.org/wiki/2025%E2%80%9326_NHL_transactions,dated
301,Artemi Panarin,8478550,NYR,LAK,in_season,2026-02-04,2026-01-26,2026-02-25,30,20252026,https://www.nhl.com/news/artemi-panarin-traded-to-kings-by-rangers-signs-two-year-contract,https://en.wikipedia.org/wiki/2025%E2%80%9326_NHL_transactions,dated
398,Maxim Tsyplakov,8484958,NYI,NJD,in_season,2026-01-27,2026-01-26,2026-01-29,3,20252026,https://www.nhl.com/news/new-jersey-devils-trade-ondrej-palat-to-new-york-islanders-for-maxim-tsyplakov,https://en.wikipedia.org/wiki/2025%E2%80%9326_NHL_transactions,dated
504,David Jiricek,8483460,MIN,PHI,in_season,2026-03-06,2026-01-31,2026-04-14,73,20252026,https://www.nhl.com/news/bobby-brink-traded-to-minnesota-wild-by-philadelphia-flyers-for-david-jiricek,https://en.wikipedia.org/wiki/2025%E2%80%9326_NHL_transactions,dated
293,Mathieu Joseph,8478472,STL,LAK,in_season,2026-03-06,2026-02-02,2026-03-14,40,20252026,https://www.nhl.com/kings/news/la-kings-sign-forward-mathieu-joseph,https://en.wikipedia.org/wiki/2025%E2%80%9326_NHL_transactions,dated
385,Nick Bjugstad,8475760,STL,NJD,in_season,2026-02-04,2026-02-02,2026-02-05,3,20252026,https://www.nhl.com/news/nick-bjugstad-traded-to-new-jersey-devils-by-st-louis-blues,https://en.wikipedia.org/wiki/2025%E2%80%9326_NHL_transactions,dated
488,Luke Glendening,8476822,NJD,PHI,in_season,2026-03-06,2026-02-03,2026-03-07,32,20252026,https://www.nhl.com/flyers/news/flyers-claim-luke-glendening-off-waivers-from-new-jersey,https://en.wikipedia.org/wiki/2025%E2%80%9326_NHL_transactions,dated
316,Robby Fabbri,8477952,STL,MIN,in_season,2026-03-02,2026-02-04,2026-03-03,27,20252026,https://www.nhl.com/wild/news/minnesota-wild-claims-forward-robby-fabbri-off-waivers-from-st-louis-030226,https://en.wikipedia.org/wiki/2025%E2%80%9326_NHL_transactions,dated
528,Samuel Girard,8479398,COL,PIT,in_season,2026-02-24,2026-02-04,2026-02-26,22,20252026,https://www.nhl.com/penguins/news/penguins-acquire-defenseman-samuel-girard-and-a-2028-second-round-draft-pick-from-the-colorado-avalanche-in-exchange-for-brett-kulak,https://thehockeynews.com/news/latest-news/avalanche-trade-samuel-girard-draft-pick-to-penguins-for-brett-kulak,dated
433,Tye Kartye,8481789,SEA,NYR,in_season,2026-02-27,2026-02-04,2026-02-28,24,20252026,https://www.nhl.com/rangers/news/rangers-claim-tye-kartye-off-waivers,https://en.wikipedia.org/wiki/2025%E2%80%9326_NHL_transactions,dated
220,Tyler Myers,8474574,VAN,DAL,in_season,2026-03-04,2026-02-04,2026-03-08,32,20252026,https://www.nhl.com/news/tyler-myers-traded-to-dallas-stars-by-vancouver-canucks,https://en.wikipedia.org/wiki/2025%E2%80%9326_NHL_transactions,dated
168,Brett Kulak,8476967,PIT,COL,in_season,2026-02-24,2026-02-05,2026-02-25,20,20252026,https://www.sportsnet.ca/nhl/article/penguins-trade-brett-kulak-to-avalanche-for-samuel-girard-second-round-pick/,https://en.wikipedia.org/wiki/2025%E2%80%9326_NHL_transactions,dated
680,Curtis Douglas,8480876,TBL,VAN,in_season,2026-03-06,2026-02-05,2026-03-09,32,20252026,https://www.sportsnet.ca/nhl/article/canucks-claim-curtis-douglas-off-waivers-from-lightning/,https://en.wikipedia.org/wiki/2025%E2%80%9326_NHL_transactions,dated
762,Isak Rosen,8482765,BUF,WPG,in_season,2026-03-06,2026-02-05,2026-03-07,30,20252026,https://www.nhl.com/news/defensemen-logan-stanley-luke-schenn-traded-to-sabres-by-jets,https://en.wikipedia.org/wiki/2025%E2%80%9326_NHL_transactions,dated
584,Jack Finley,8482090,TBL,STL,in_season,2026-02-07,2026-02-05,2026-02-26,21,20252026,https://www.nhl.com/blues/news/blues-claim-finley-off-waivers,https://en.wikipedia.org/wiki/2025%E2%80%9326_NHL_transactions,dated
766,Jacob Bryson,8480196,BUF,WPG,in_season,2026-03-06,2026-02-05,2026-03-07,30,20252026,https://www.nhl.com/news/defensemen-logan-stanley-luke-schenn-traded-to-sabres-by-jets,https://en.wikipedia.org/wiki/2025%E2%80%9326_NHL_transactions,dated
16,John Carlson,8474590,WSH,ANA,in_season,2026-03-06,2026-02-05,2026-03-15,38,20252026,https://www.nhl.com/news/john-carlson-traded-to-anaheim-ducks-by-washington-capitals,https://en.wikipedia.org/wiki/2025%E2%80%9326_NHL_transactions,dated
798,Brennan Othmann,8482747,NYR,CGY,in_season,2026-03-13,2026-02-26,2026-03-28,30,20252026,,,dated_gamelog_bracket
526,Elmer Soderblom,8481725,DET,PIT,in_season,2026-03-06,2026-02-26,2026-03-08,10,20252026,https://www.sportsnet.ca/nhl/article/red-wings-trade-forward-elmer-soderblom-to-penguins/,https://en.wikipedia.org/wiki/2025%E2%80%9326_NHL_transactions,dated
747,Timothy Liljegren,8480043,SJS,WSH,in_season,2026-03-06,2026-02-26,2026-03-11,13,20252026,https://www.tsn.ca/nhl/article/capitals-acquire-d-liljegren-from-sharks/,https://en.wikipedia.org/wiki/2025%E2%80%9326_NHL_transactions,dated
136,Andrew Mangiapane,8478233,EDM,CHI,in_season,2026-03-04,2026-02-28,2026-03-06,6,20252026,https://www.nhl.com/news/chicago-blackhawks-trade-jason-dickinson-colton-dach-to-edmonton-oilers-for-andrew-mangiapane,https://en.wikipedia.org/wiki/2025%E2%80%9326_NHL_transactions,dated
241,Colton Dach,8482703,CHI,EDM,in_season,2026-03-04,2026-02-28,2026-03-06,6,20252026,https://www.nhl.com/news/chicago-blackhawks-trade-jason-dickinson-colton-dach-to-edmonton-oilers-for-andrew-mangiapane,https://en.wikipedia.org/wiki/2025%E2%80%9326_NHL_transactions,dated
260,Connor Murphy,8476473,CHI,EDM,in_season,2026-03-02,2026-03-01,2026-03-06,5,20252026,https://www.nhl.com/news/connor-murphy-traded-to-edmonton-oilers-by-chicago-blackhawks,https://en.wikipedia.org/wiki/2025%E2%80%9326_NHL_transactions,dated
339,Jeff Petry,8473507,FLA,MIN,in_season,2026-03-05,2026-03-01,2026-03-15,14,20252026,https://www.nhl.com/news/jeff-petry-traded-to-minnesota-wild-by-florida-panthers,https://en.wikipedia.org/wiki/2025%E2%80%9326_NHL_transactions,dated
565,Bobby McMann,8482259,TOR,SEA,in_season,2026-03-06,2026-03-02,2026-03-14,12,20252026,https://www.nhl.com/news/bobby-mcmann-traded-to-seattle-kraken-by-toronto-maple-leafs,https://en.wikipedia.org/wiki/2025%E2%80%9326_NHL_transactions,dated
324,Michael McCarron,8477446,NSH,MIN,in_season,2026-03-03,2026-03-02,2026-03-06,4,20252026,https://www.tsn.ca/nhl/article/report-predators-send-mccarron-to-wild-for-second-round-pick/,https://en.wikipedia.org/wiki/2025%E2%80%9326_NHL_transactions,dated
49,Sam Carrick,8475842,NYR,BUF,in_season,2026-03-06,2026-03-02,2026-03-07,5,20252026,https://www.nhl.com/news/sam-carrick-traded-to-buffalo-sabres-by-new-york-rangers,https://en.wikipedia.org/wiki/2025%E2%80%9326_NHL_transactions,dated
298,Scott Laughton,8476872,TOR,LAK,in_season,2026-03-06,2026-03-02,2026-03-07,5,20252026,https://www.nhl.com/news/scott-laughton-traded-to-los-angeles-kings-by-toronto-maple-leafs-for-pick,https://en.wikipedia.org/wiki/2025%E2%80%9326_NHL_transactions,dated
458,Warren Foegele,8477998,LAK,OTT,in_season,2026-03-05,2026-03-02,2026-03-07,5,20252026,https://www.nhl.com/news/warren-foegele-traded-to-ottawa-senators-by-los-angeles-kings,https://en.wikipedia.org/wiki/2025%E2%80%9326_NHL_transactions,dated
714,Cole Smith,8482062,NSH,VGK,in_season,2026-03-03,2026-03-03,2026-03-04,1,20252026,https://www.tsn.ca/nhl/article/golden-knights-acquire-forward-smith-from-predators/,https://en.wikipedia.org/wiki/2025%E2%80%9326_NHL_transactions,dated
242,Jason Dickinson,8477450,CHI,EDM,in_season,2026-03-04,2026-03-03,2026-03-06,3,20252026,https://www.nhl.com/news/chicago-blackhawks-trade-jason-dickinson-colton-dach-to-edmonton-oilers-for-andrew-mangiapane,https://en.wikipedia.org/wiki/2025%E2%80%9326_NHL_transactions,dated
75,Logan Stanley,8479378,WPG,BUF,in_season,2026-03-06,2026-03-03,2026-03-10,7,20252026,https://www.nhl.com/news/defensemen-logan-stanley-luke-schenn-traded-to-sabres-by-jets,https://en.wikipedia.org/wiki/2025%E2%80%9326_NHL_transactions,dated
74,Luke Schenn,8474568,WPG,BUF,in_season,2026-03-06,2026-03-03,2026-03-12,9,20252026,https://www.nhl.com/news/defensemen-logan-stanley-luke-schenn-traded-to-sabres-by-jets,https://en.wikipedia.org/wiki/2025%E2%80%9326_NHL_transactions,dated
674,MacKenzie Weegar,8477346,CGY,UTA,in_season,2026-03-04,2026-03-03,2026-03-07,4,20252026,https://www.nhl.com/news/mackenzie-weegar-traded-to-utah-mammoth-by-calgary-flames,https://en.wikipedia.org/wiki/2025%E2%80%9326_NHL_transactions,dated
200,Michael Bunting,8478047,NSH,DAL,in_season,2026-03-05,2026-03-03,2026-03-08,5,20252026,https://www.nhl.com/news/michael-bunting-traded-to-dallas-stars-by-nashville-predators,https://en.wikipedia.org/wiki/2025%E2%80%9326_NHL_transactions,dated
701,Nic Dowd,8475343,WSH,VGK,in_season,2026-03-05,2026-03-03,2026-03-06,3,20252026,https://www.nhl.com/news/nic-dowd-traded-to-vegas-golden-knights-by-washington-capitals,https://en.wikipedia.org/wiki/2025%E2%80%9326_NHL_transactions,dated
166,Nick Blankenburg,8483565,NSH,COL,in_season,2026-03-04,2026-03-03,2026-03-12,9,20252026,https://www.nhl.com/news/nick-blankenburg-traded-to-colorado-avalanche-by-nashville-predators,https://en.wikipedia.org/wiki/2025%E2%80%9326_NHL_transactions,dated
318,Nick Foligno,8473422,CHI,MIN,in_season,2026-03-06,2026-03-03,2026-03-08,5,20252026,https://www.nhl.com/news/nick-foligno-traded-by-chicago-to-minnesota,https://en.wikipedia.org/wiki/2025%E2%80%9326_NHL_transactions,dated
101,Olli Maatta,8476874,UTA,CGY,in_season,2026-03-04,2026-03-03,2026-03-07,4,20252026,https://www.nhl.com/news/mackenzie-weegar-traded-to-utah-mammoth-by-calgary-flames,https://en.wikipedia.org/wiki/2025%E2%80%9326_NHL_transactions,dated
90,Victor Olofsson,8478109,COL,CGY,in_season,2026-03-06,2026-03-03,2026-03-09,6,20252026,https://www.nhl.com/news/nazem-kadri-traded-to-colorado-avalanche-by-calgary-flames,https://en.wikipedia.org/wiki/2025%E2%80%9326_NHL_transactions,dated
269,Vinnie Hinostroza,8476994,MIN,FLA,in_season,2026-03-06,2026-03-03,2026-03-10,7,20252026,https://www.sportsnet.ca/nhl/article/wild-trade-vinnie-hinostroza-to-panthers-for-future-considerations/,https://en.wikipedia.org/wiki/2025%E2%80%9326_NHL_transactions,dated
419,Brayden Schenn,8475170,STL,NYI,in_season,2026-03-06,2026-03-04,2026-03-07,3,20252026,https://www.nhl.com/news/brayden-schenn-traded-to-new-york-islanders-by-st-louis-blues,https://en.wikipedia.org/wiki/2025%E2%80%9326_NHL_transactions,dated
275,Cole Reinhardt,8481133,VGK,FLA,in_season,2026-03-06,2026-03-04,2026-03-12,8,20252026,https://www.nhl.com/panthers/news/florida-panthers-claim-forward-cole-reinhardt-off-waivers,https://en.wikipedia.org/wiki/2025%E2%80%9326_NHL_transactions,dated
175,Conor Garland,8478856,VAN,CBJ,in_season,2026-03-06,2026-03-04,2026-03-07,3,20252026,https://www.nhl.com/news/conor-garland-traded-to-columbus-blue-jackets-by-vancouver-canucks,https://en.wikipedia.org/wiki/2025%E2%80%9326_NHL_transactions,dated
732,David Kampf,8480144,VAN,WSH,in_season,2026-03-06,2026-03-04,2026-03-31,27,20252026,https://www.sportsnet.ca/nhl/article/canucks-deal-david-kampf-to-capitals-for-sixth-round-pick/,https://en.wikipedia.org/wiki/2025%E2%80%9326_NHL_transactions,dated
237,Justin Faulk,8475753,STL,DET,in_season,2026-03-06,2026-03-04,2026-03-08,4,20252026,https://www.nhl.com/news/justin-faulk-traded-to-detroit-red-wings-by-st-louis-blues,https://en.wikipedia.org/wiki/2025%E2%80%9326_NHL_transactions,dated
164,Nicolas Roy,8478462,TOR,COL,in_season,2026-03-05,2026-03-04,2026-03-06,2,20252026,https://www.nhl.com/news/nicolas-roy-traded-to-colorado-avalanche-by-toronto-maple-leafs,https://en.wikipedia.org/wiki/2025%E2%80%9326_NHL_transactions,dated
93,Ryan Strome,8476458,ANA,CGY,in_season,2026-03-06,2026-03-04,2026-03-07,3,20252026,https://www.sportsnet.ca/nhl/article/flames-acquire-ryan-strome-from-ducks-for-seventh-round-pick/,https://en.wikipedia.org/wiki/2025%E2%80%9326_NHL_transactions,dated
314,Bobby Brink,8481553,PHI,MIN,in_season,2026-03-06,2026-03-05,2026-03-06,1,20252026,https://www.nhl.com/news/bobby-brink-traded-to-minnesota-wild-by-philadelphia-flyers-for-david-jiricek,https://en.wikipedia.org/wiki/2025%E2%80%9326_NHL_transactions,dated
613,Corey Perry,8470621,LAK,TBL,in_season,2026-03-06,2026-03-05,2026-03-07,2,20252026,https://www.nhl.com/news/corey-perry-traded-to-tampa-bay-lightning-by-los-angeles-kings,https://en.wikipedia.org/wiki/2025%E2%80%9326_NHL_transactions,dated
582,Jonathan Drouin,8477494,NYI,STL,in_season,2026-03-06,2026-03-05,2026-03-08,3,20252026,https://www.nhl.com/news/brayden-schenn-traded-to-new-york-islanders-by-st-louis-blues,https://en.wikipedia.org/wiki/2025%E2%80%9326_NHL_transactions,dated
154,Nazem Kadri,8475172,CGY,COL,in_season,2026-03-06,2026-03-05,2026-03-08,3,20252026,https://www.nhl.com/news/nazem-kadri-traded-to-colorado-avalanche-by-calgary-flames,https://en.wikipedia.org/wiki/2025%E2%80%9326_NHL_transactions,dated
109,Nicolas Deslauriers,8475235,PHI,CAR,in_season,2026-03-06,2026-03-05,2026-03-17,12,20252026,https://www.tsn.ca/nhl/article/hurricanes-acquire-f-deslauriers-from-flyers/,https://en.wikipedia.org/wiki/2025%E2%80%9326_NHL_transactions,dated
62,Tanner Pearson,8476871,WPG,BUF,in_season,2026-03-06,2026-03-05,2026-03-12,7,20252026,https://www.sportsnet.ca/nhl/article/jets-trade-forward-tanner-pearson-to-sabres-for-draft-pick/,https://en.wikipedia.org/wiki/2025%E2%80%9326_NHL_transactions,dated
