team_code,team_full_name,subreddit,subreddit_subscribers,wiki_article,wiki_12mo,fetch_date
ANA,Anaheim Ducks,anaheimducks,,Anaheim Ducks,704291,2026-05-28T17:36:45Z
BOS,Boston Bruins,BostonBruins,,Boston Bruins,572363,2026-05-28T17:36:45Z
BUF,Buffalo Sabres,sabres,,Buffalo Sabres,559560,2026-05-28T17:36:45Z
CAR,Carolina Hurricanes,canes,,Carolina Hurricanes,569289,2026-05-28T17:36:45Z
CBJ,Columbus Blue Jackets,BlueJackets,,Columbus Blue Jackets,410193,2026-05-28T17:36:45Z
CGY,Calgary Flames,CalgaryFlames,,Calgary Flames,358339,2026-05-28T17:36:45Z
CHI,Chicago Blackhawks,hawks,,Chicago Blackhawks,499520,2026-05-28T17:36:45Z
COL,Colorado Avalanche,ColoradoAvalanche,,Colorado Avalanche,614313,2026-05-28T17:36:45Z
DAL,Dallas Stars,DallasStars,,Dallas Stars,393913,2026-05-28T17:36:45Z
DET,Detroit Red Wings,DetroitRedWings,,Detroit Red Wings,555451,2026-05-28T17:36:45Z
EDM,Edmonton Oilers,EdmontonOilers,,Edmonton Oilers,810093,2026-05-28T17:36:45Z
FLA,Florida Panthers,FloridaPanthers,,Florida Panthers,918932,2026-05-28T17:36:45Z
LA,Los Angeles Kings,losangeleskings,,Los Angeles Kings,430950,2026-05-28T17:36:45Z
MIN,Minnesota Wild,wildhockey,,Minnesota Wild,479242,2026-05-28T17:36:45Z
MON,Montreal Canadiens,Habs,,Montreal Canadiens,1092803,2026-05-28T17:36:45Z
NAS,Nashville Predators,Predators,,Nashville Predators,283751,2026-05-28T17:36:45Z
NJ,New Jersey Devils,devils,,New Jersey Devils,436541,2026-05-28T17:36:45Z
NYI,New York Islanders,NewYorkIslanders,,New York Islanders,453200,2026-05-28T17:36:45Z
NYR,New York Rangers,rangers,,New York Rangers,505304,2026-05-28T17:36:45Z
OTT,Ottawa Senators,OttawaSenators,,Ottawa Senators,380030,2026-05-28T17:36:45Z
PHI,Philadelphia Flyers,Flyers,,Philadelphia Flyers,436351,2026-05-28T17:36:45Z
PIT,Pittsburgh Penguins,penguins,,Pittsburgh Penguins,545901,2026-05-28T17:36:45Z
SEA,Seattle Kraken,SeattleKraken,,Seattle Kraken,515472,2026-05-28T17:36:45Z
SJ,San Jose Sharks,SanJoseSharks,,San Jose Sharks,485333,2026-05-28T17:36:45Z
STL,St. Louis Blues,stlouisblues,,St. Louis Blues,340783,2026-05-28T17:36:45Z
TB,Tampa Bay Lightning,TampaBayLightning,,Tampa Bay Lightning,424942,2026-05-28T17:36:45Z
TOR,Toronto Maple Leafs,leafs,,Toronto Maple Leafs,627952,2026-05-28T17:36:45Z
UTA,Utah Hockey Club,utahmammoth,,Utah Hockey Club,30618,2026-05-28T17:36:45Z
VAN,Vancouver Canucks,canucks,,Vancouver Canucks,485366,2026-05-28T17:36:45Z
VEG,Vegas Golden Knights,goldenknights,,Vegas Golden Knights,694036,2026-05-28T17:36:45Z
WAS,Washington Capitals,caps,,Washington Capitals,303023,2026-05-28T17:36:45Z
WPG,Winnipeg Jets,winnipegjets,,Winnipeg Jets,452451,2026-05-28T17:36:45Z
