player_id,full_name,subreddits,reddit_mentions_12mo,reddit_upvotes_12mo,unique_authors,fetch_date
1,Connor McDavid,,,,,2026-05-20
2,Nathan MacKinnon,,,,,2026-05-20
3,Cale Makar,,,,,2026-05-20
4,Leon Draisaitl,,,,,2026-05-20
5,Sidney Crosby,,,,,2026-05-20
6,Auston Matthews,,,,,2026-05-20
7,Nikita Kucherov,,,,,2026-05-20
8,Brad Marchand,,,,,2026-05-20
9,Matthew Tkachuk,,,,,2026-05-20
10,Brady Tkachuk,,,,,2026-05-20
11,Ryan Reaves,,,,,2026-05-20
12,Mitch Marner,,,,,2026-05-20
13,Jack Hughes,,,,,2026-05-20
14,Connor Bedard,,,,,2026-05-20
