player_id,full_name,reddit_subs_searched,reddit_mentions_12mo,reddit_upvotes_12mo,unique_authors,reddit_status,ambiguous_mentions,surname_shared,reddit_identity_ambiguous,reddit_common_word_guard,guard_filtered_mentions,reddit_firstname_collision,reddit_mentions_allsubs,reddit_mentions_fantasy,fetch_date
1,Leo Carlsson,hockey|anaheimducks,441,26795,116,ok,0,false,false,false,0,false,638,70,2026-08-06
2,Nathan Gaucher,hockey|anaheimducks,22,817,16,ok,3,true,false,false,0,false,25,0,2026-08-06
3,Cutter Gauthier,hockey|anaheimducks,386,28516,86,ok,0,false,false,false,0,false,559,32,2026-08-06
4,Mikael Granlund,hockey|anaheimducks|DallasStars|SanJoseSharks,402,33801,175,ok,0,false,false,false,0,false,526,10,2026-08-06
5,Jansen Harkins,hockey|anaheimducks,98,3418,27,ok,0,false,false,false,0,false,117,0,2026-08-06
6,Ross Johnston,hockey|anaheimducks,157,6861,53,ok,296,true,false,false,0,false,189,1,2026-08-06
7,Alex Killorn,hockey|anaheimducks,194,6994,52,ok,0,false,false,false,0,false,261,1,2026-08-06
8,Chris Kreider,hockey|anaheimducks|rangers,509,41967,185,ok,0,false,false,false,0,false,647,13,2026-08-06
9,Mason McTavish,hockey|anaheimducks,386,18434,124,ok,0,false,false,false,0,false,541,8,2026-08-06
10,Ryan Poehling,hockey|anaheimducks|Flyers,217,10737,69,ok,0,false,false,false,0,false,270,0,2026-08-06
11,Beckett Sennecke,hockey|anaheimducks,416,30994,105,ok,0,false,false,false,0,false,517,19,2026-08-06
12,Troy Terry,hockey|anaheimducks,322,18681,108,ok,0,false,false,false,0,false,596,10,2026-08-06
13,Frank Vatrano,hockey|anaheimducks,155,9147,56,ok,0,false,false,false,0,false,203,5,2026-08-06
14,Jeffrey Viel,hockey|anaheimducks|BostonBruins,109,5935,30,ok,0,false,false,false,0,false,132,0,2026-08-06
15,Tim Washe,hockey|anaheimducks,81,2646,24,ok,0,false,false,false,0,false,88,0,2026-08-06
16,John Carlson,hockey|anaheimducks|caps,354,31558,171,ok,0,false,false,false,0,false,451,24,2026-08-06
17,Radko Gudas,hockey|anaheimducks,281,38153,121,ok,0,false,false,false,0,false,426,19,2026-08-06
18,Drew Helleson,hockey|anaheimducks,132,4323,39,ok,0,false,false,false,0,false,156,0,2026-08-06
19,Tyson Hinds,hockey|anaheimducks,25,405,11,ok,0,false,false,false,0,false,27,0,2026-08-06
20,Jackson LaCombe,hockey|anaheimducks,307,19398,96,ok,0,false,false,false,0,false,413,32,2026-08-06
21,Pavel Mintyukov,hockey|anaheimducks,157,8025,41,ok,0,false,false,false,0,false,211,2,2026-08-06
22,Ian Moore,hockey|anaheimducks,102,3155,30,ok,42,true,false,false,0,false,117,0,2026-08-06
23,Jacob Trouba,hockey|anaheimducks|rangers,274,16443,89,ok,0,false,false,false,0,false,368,15,2026-08-06
24,Olen Zellweger,hockey|anaheimducks,186,6290,47,ok,0,false,false,false,0,false,235,3,2026-08-06
25,Viktor Arvidsson,hockey|BostonBruins|EdmontonOilers,179,13650,81,ok,0,false,false,false,0,false,259,5,2026-08-06
26,Michael Eyssimont,hockey|BostonBruins|SeattleKraken|TampaBayLightning,80,6076,30,ok,0,false,false,false,0,false,113,0,2026-08-06
27,Morgan Geekie,hockey|BostonBruins,185,21455,83,ok,28,true,false,false,0,false,268,8,2026-08-06
28,James Hagens,hockey|BostonBruins,112,11239,69,ok,0,false,false,false,0,false,335,12,2026-08-06
29,Tanner Jeannot,hockey|BostonBruins|losangeleskings,113,8813,45,ok,0,false,false,false,0,false,196,1,2026-08-06
30,Mark Kastelic,hockey|BostonBruins,108,7892,36,ok,0,false,false,false,0,false,176,6,2026-08-06
31,Marat Khusnutdinov,hockey|BostonBruins|wildhockey,84,2758,35,ok,0,false,false,false,0,false,124,2,2026-08-06
32,Sean Kuraly,hockey|BostonBruins|BlueJackets,60,2742,24,ok,0,false,false,false,0,false,92,0,2026-08-06
33,Elias Lindholm,hockey|BostonBruins,65,3627,29,ok,56,true,false,false,0,false,132,28,2026-08-06
34,Fraser Minten,hockey|BostonBruins|leafs,142,10927,81,ok,0,false,false,false,0,false,185,1,2026-08-06
35,Casey Mittelstadt,hockey|BostonBruins|ColoradoAvalanche,68,2508,25,ok,0,false,false,false,0,false,129,3,2026-08-06
36,David Pastrnak,hockey|BostonBruins,272,32625,120,ok,0,false,false,false,0,false,452,25,2026-08-06
37,Lukas Reichel,hockey|BostonBruins|hawks|canucks,138,12541,101,ok,0,false,false,false,0,false,172,2,2026-08-06
38,Alex Steeves,hockey|BostonBruins|leafs,76,3506,38,ok,0,false,false,false,0,false,102,3,2026-08-06
39,Pavel Zacha,hockey|BostonBruins,144,9245,56,ok,0,false,false,false,0,false,250,9,2026-08-06
40,Jonathan Aspirot,hockey|BostonBruins,59,2552,18,ok,0,false,false,false,0,false,77,0,2026-08-06
41,Jordan Harris,hockey|BostonBruins|BlueJackets,43,2566,29,ok,0,false,false,false,0,false,91,0,2026-08-06
42,Henri Jokiharju,hockey|BostonBruins|sabres,58,3953,30,ok,0,false,false,false,0,false,85,0,2026-08-06
43,Hampus Lindholm,hockey|BostonBruins,50,2685,22,ok,56,true,false,false,0,false,65,2,2026-08-06
44,Mason Lohrei,hockey|BostonBruins,97,4774,42,ok,0,false,false,false,0,false,142,4,2026-08-06
45,Charlie McAvoy,hockey|BostonBruins,256,66156,129,ok,0,false,false,false,0,false,389,21,2026-08-06
46,Andrew Peeke,hockey|BostonBruins,49,1847,19,ok,0,false,false,false,0,false,81,0,2026-08-06
47,Nikita Zadorov,hockey|BostonBruins,128,14204,51,ok,0,false,false,false,0,false,244,6,2026-08-06
48,Zach Benson,hockey|sabres,381,24026,97,ok,0,false,false,false,0,false,451,14,2026-08-06
49,Sam Carrick,hockey|sabres|rangers,205,16886,79,ok,0,false,false,false,0,false,261,2,2026-08-06
50,Justin Danforth,hockey|sabres|BlueJackets,57,1508,29,ok,0,false,false,false,0,false,66,0,2026-08-06
51,Josh Doan,hockey|sabres|utahmammoth|UtahHockey,463,37443,112,ok,0,false,false,false,0,false,541,11,2026-08-06
52,Josh Dunne,hockey|sabres,98,3761,27,ok,0,false,false,false,0,false,113,1,2026-08-06
53,Jordan Greenway,hockey|sabres,123,4020,56,ok,0,false,false,false,0,false,145,0,2026-08-06
54,Konsta Helenius,hockey|sabres,91,5034,36,ok,46,true,false,false,0,false,98,0,2026-08-06
55,Tyson Kozak,hockey|sabres,93,3011,42,ok,0,false,false,false,0,false,104,0,2026-08-06
56,Peyton Krebs,hockey|sabres,260,16936,67,ok,0,false,false,false,0,false,312,0,2026-08-06
57,Jiri Kulich,hockey|sabres,138,4942,60,ok,0,false,false,false,0,false,153,1,2026-08-06
58,Beck Malenstyn,hockey|sabres,212,14737,41,ok,0,false,false,false,0,false,248,1,2026-08-06
59,Ryan McLeod,hockey|sabres,255,15672,86,ok,0,false,false,false,0,false,365,3,2026-08-06
60,Josh Norris,hockey|sabres|OttawaSenators,465,35894,183,ok,0,false,false,false,0,false,735,23,2026-08-06
61,Noah Ostlund,hockey|sabres,272,19448,63,ok,0,false,false,false,0,false,303,0,2026-08-06
62,Tanner Pearson,hockey|sabres|goldenknights|winnipegjets,148,7861,44,ok,0,false,false,false,0,false,203,0,2026-08-06
63,Jack Quinn,hockey|sabres,354,24974,94,ok,56,false,false,false,325,true,517,4,2026-08-06
64,Tage Thompson,hockey|sabres,603,77247,188,ok,0,false,false,false,0,false,1123,40,2026-08-06
65,Alex Tuch,hockey|sabres,490,28121,148,ok,0,false,false,false,0,false,655,20,2026-08-06
66,Jason Zucker,hockey|sabres,216,12137,63,ok,0,false,false,false,0,false,271,11,2026-08-06
67,Bowen Byram,hockey|sabres,344,25383,105,ok,0,false,false,false,0,false,500,4,2026-08-06
68,Rasmus Dahlin,hockey|sabres,554,66290,185,ok,0,false,false,false,0,false,716,41,2026-08-06
69,Ryan Johnson,hockey|sabres,45,2145,27,ok,94,true,false,false,0,false,77,2,2026-08-06
70,Michael Kesselring,hockey|sabres|utahmammoth|UtahHockey,201,13536,79,ok,0,false,false,false,0,false,242,0,2026-08-06
71,Zach Metsa,hockey|sabres,130,9170,31,ok,0,false,false,false,0,false,141,0,2026-08-06
72,Owen Power,hockey|sabres,279,14443,48,ok,0,false,false,true,1989,false,353,2,2026-08-06
73,Mattias Samuelsson,hockey|sabres,297,22749,75,ok,0,false,false,false,0,false,349,3,2026-08-06
74,Luke Schenn,hockey|sabres|Predators|winnipegjets,192,10691,65,ok,47,true,false,false,0,false,241,2,2026-08-06
75,Logan Stanley,hockey|sabres|winnipegjets,263,34505,77,ok,0,false,false,true,1292,false,328,0,2026-08-06
76,Conor Timmins,hockey|sabres|penguins|leafs,133,4942,46,ok,0,false,false,false,0,false,157,0,2026-08-06
77,Mikael Backlund,hockey|CalgaryFlames,133,5747,59,ok,0,false,false,false,0,false,185,1,2026-08-06
78,John Beecher,hockey|BostonBruins|CalgaryFlames,68,3067,33,ok,0,false,false,false,0,false,91,0,2026-08-06
79,Blake Coleman,hockey|CalgaryFlames,139,7316,58,ok,0,false,false,false,0,false,225,6,2026-08-06
80,Matt Coronato,hockey|CalgaryFlames,155,9997,70,ok,0,false,false,false,0,false,219,12,2026-08-06
81,Joel Farabee,hockey|CalgaryFlames|Flyers,106,3558,38,ok,0,false,false,false,0,false,159,2,2026-08-06
82,Morgan Frost,hockey|CalgaryFlames|Flyers,248,11621,65,ok,0,false,false,false,0,false,350,5,2026-08-06
83,Matvei Gridin,hockey|CalgaryFlames,120,5156,49,ok,0,false,false,false,0,false,142,4,2026-08-06
84,Tyson Gross,hockey|CalgaryFlames,41,5965,29,ok,0,false,false,false,0,false,121,3,2026-08-06
85,Samuel Honzek,hockey|CalgaryFlames,51,1157,27,ok,0,false,false,false,0,false,62,0,2026-08-06
86,Jonathan Huberdeau,hockey|CalgaryFlames,112,6833,66,ok,0,false,false,false,0,false,195,13,2026-08-06
87,Rory Kerins,hockey|CalgaryFlames,34,1265,24,ok,0,false,false,false,0,false,36,0,2026-08-06
88,Adam Klapka,hockey|CalgaryFlames,116,5882,41,ok,0,false,false,false,0,false,164,4,2026-08-06
89,Ryan Lomberg,hockey|CalgaryFlames,81,5899,37,ok,0,false,false,false,0,false,141,0,2026-08-06
90,Victor Olofsson,hockey|CalgaryFlames|ColoradoAvalanche|goldenknights,99,8044,38,ok,0,false,false,false,0,false,173,7,2026-08-06
91,Martin Pospisil,hockey|CalgaryFlames,67,4263,40,ok,0,false,false,false,0,false,89,0,2026-08-06
92,Yegor Sharangovich,hockey|CalgaryFlames,69,3152,28,ok,0,false,false,false,0,false,115,1,2026-08-06
93,Ryan Strome,hockey|anaheimducks|CalgaryFlames,169,6263,61,ok,74,true,false,false,0,false,210,0,2026-08-06
94,Aydar Suniev,hockey|CalgaryFlames,16,341,14,ok,0,false,false,false,0,false,18,0,2026-08-06
95,Connor Zary,hockey|CalgaryFlames,136,6875,75,ok,0,false,false,false,0,false,182,1,2026-08-06
96,Kevin Bahl,hockey|CalgaryFlames,87,3866,33,ok,0,false,false,false,0,false,134,1,2026-08-06
97,Jake Bean,hockey|CalgaryFlames,31,3673,24,ok,0,false,false,false,0,false,57,0,2026-08-06
98,Hunter Brzustewicz,hockey|CalgaryFlames,45,1782,31,ok,0,false,false,false,0,false,90,2,2026-08-06
99,Joel Hanley,hockey|CalgaryFlames,49,1213,27,ok,0,false,false,false,0,false,83,0,2026-08-06
100,Yan Kuznetsov,hockey|CalgaryFlames,72,9177,36,ok,0,false,false,false,0,false,144,0,2026-08-06
101,Olli Maatta,hockey|CalgaryFlames|DetroitRedWings|utahmammoth|UtahHockey,39,2673,21,ok,0,false,false,false,0,false,61,0,2026-08-06
102,Brayden Pachal,hockey|CalgaryFlames,44,668,21,ok,0,false,false,false,0,false,65,1,2026-08-06
103,Zayne Parekh,hockey|CalgaryFlames,283,18030,152,ok,0,false,false,false,0,false,349,32,2026-08-06
104,Zach Whitecloud,hockey|CalgaryFlames|goldenknights,165,7984,47,ok,0,false,false,false,0,false,208,1,2026-08-06
105,Abram Wiebe,hockey|CalgaryFlames,16,820,15,ok,0,false,false,false,0,false,25,0,2026-08-06
106,Sebastian Aho,hockey|canes,448,45668,196,ok,0,false,false,false,0,false,597,14,2026-08-06
107,Jackson Blake,hockey|canes,276,21905,114,ok,43,false,false,false,85,true,354,6,2026-08-06
108,William Carrier,hockey|canes,98,4512,47,ok,29,true,false,false,0,false,148,0,2026-08-06
109,Nicolas Deslauriers,hockey|canes|Flyers,117,9734,57,ok,0,false,false,false,0,false,155,0,2026-08-06
110,Nikolaj Ehlers,hockey|canes|winnipegjets,443,43156,189,ok,0,false,false,false,0,false,692,24,2026-08-06
111,Taylor Hall,hockey|canes|hawks,427,84800,237,ok,0,false,false,false,0,false,987,4,2026-08-06
112,Mark Jankowski,hockey|canes|Predators,93,4142,46,ok,0,false,false,false,0,false,127,0,2026-08-06
113,Seth Jarvis,hockey|canes,532,86737,221,ok,0,false,false,false,0,false,746,18,2026-08-06
114,Jesperi Kotkaniemi,hockey|canes,91,9491,51,ok,0,false,false,false,0,false,167,0,2026-08-06
115,Jordan Martinook,hockey|canes,153,11000,66,ok,0,false,false,false,0,false,215,0,2026-08-06
116,Eric Robinson,hockey|canes,181,26725,84,ok,0,false,false,false,0,false,356,0,2026-08-06
117,Jordan Staal,hockey|canes,253,18282,111,ok,0,false,false,false,0,false,374,3,2026-08-06
118,Logan Stankoven,hockey|canes|DallasStars,277,26458,139,ok,0,false,false,false,0,false,360,4,2026-08-06
119,Andrei Svechnikov,hockey|canes,283,33336,110,ok,0,false,false,false,0,false,407,19,2026-08-06
120,Jalen Chatfield,hockey|canes,124,7992,61,ok,0,false,false,false,0,false,177,1,2026-08-06
121,Shayne Gostisbehere,hockey|canes,151,20713,48,ok,0,false,false,false,0,false,220,5,2026-08-06
122,K'Andre Miller,hockey|canes|rangers,198,15320,103,ok,291,true,false,false,0,false,281,6,2026-08-06
123,Alexander Nikishin,hockey|canes,334,36788,165,ok,0,false,false,false,0,false,426,24,2026-08-06
124,Mike Reilly,hockey|canes|NewYorkIslanders,66,3148,34,ok,174,false,false,false,46,true,104,0,2026-08-06
125,Jaccob Slavin,hockey|canes,317,29773,191,ok,0,false,false,false,0,false,385,1,2026-08-06
126,Sean Walker,hockey|canes,137,6962,50,ok,86,true,false,false,0,false,190,6,2026-08-06
127,Connor Bedard,hockey|hawks,891,144430,362,ok,0,false,false,false,0,false,1353,48,2026-08-06
128,Tyler Bertuzzi,hockey|hawks,229,21574,65,ok,0,false,false,false,0,false,344,16,2026-08-06
129,Sacha Boisvert,hockey|hawks,55,3048,35,ok,0,false,false,false,0,false,74,0,2026-08-06
130,Andre Burakovsky,hockey|hawks|SeattleKraken,165,16796,57,ok,0,false,false,false,0,false,220,9,2026-08-06
131,Ryan Donato,hockey|hawks,157,12956,47,ok,0,false,false,false,0,false,216,4,2026-08-06
132,Anton Frondell,hockey|hawks,232,22034,130,ok,0,false,false,false,0,false,365,12,2026-08-06
133,Ryan Greene,hockey|hawks,121,6637,32,ok,0,false,false,false,0,false,169,2,2026-08-06
134,Sam Lafferty,hockey|sabres|hawks,70,2693,40,ok,0,false,false,false,0,false,92,0,2026-08-06
135,Nick Lardis,hockey|hawks,131,10721,59,ok,0,false,false,false,0,false,148,1,2026-08-06
136,Andrew Mangiapane,hockey|hawks|EdmontonOilers|caps,187,16977,94,ok,0,false,false,false,0,false,260,4,2026-08-06
137,Ilya Mikheyev,hockey|hawks,128,7889,33,ok,0,false,false,false,0,false,181,1,2026-08-06
138,Oliver Moore,hockey|hawks,163,15144,66,ok,41,true,false,false,0,false,186,0,2026-08-06
139,Frank Nazar,hockey|hawks,333,34203,129,ok,0,false,false,false,0,false,440,45,2026-08-06
140,Landon Slaggert,hockey|hawks,58,2859,21,ok,0,false,false,false,0,false,75,1,2026-08-06
141,Teuvo Teravainen,hockey|hawks,133,10392,32,ok,0,false,false,false,0,false,178,6,2026-08-06
142,Dominic Toninato,hockey|hawks|winnipegjets,36,2080,13,ok,0,false,false,false,0,false,44,0,2026-08-06
143,Louis Crevier,hockey|hawks,136,9744,39,ok,0,false,false,false,0,false,167,1,2026-08-06
144,Ethan Del Mastro,hockey|hawks,42,1647,25,ok,0,false,false,false,0,false,49,0,2026-08-06
145,Matt Grzelcyk,hockey|hawks|penguins,80,3745,31,ok,0,false,false,false,0,false,114,2,2026-08-06
146,Wyatt Kaiser,hockey|hawks,135,6039,38,ok,0,false,false,false,0,false,169,0,2026-08-06
147,Kevin Korchinski,hockey|hawks,66,3561,46,ok,0,false,false,false,0,false,81,0,2026-08-06
148,Artyom Levshunov,hockey|hawks,185,10134,74,ok,0,false,false,false,0,false,242,18,2026-08-06
149,Sam Rinzel,hockey|hawks,152,8292,64,ok,0,false,false,false,0,false,208,33,2026-08-06
150,Alex Vlasic,hockey|hawks,132,9546,60,ok,0,false,false,false,0,false,208,2,2026-08-06
151,Zakhar Bardakov,hockey|ColoradoAvalanche,55,3775,22,ok,0,false,false,false,0,false,85,0,2026-08-06
152,Ross Colton,hockey|ColoradoAvalanche,92,6270,37,ok,12,false,false,false,115,true,148,1,2026-08-06
153,Jack Drury,hockey|canes|ColoradoAvalanche,166,18119,76,ok,0,false,false,false,0,false,639,0,2026-08-06
154,Nazem Kadri,hockey|CalgaryFlames|ColoradoAvalanche,391,41352,221,ok,0,false,false,false,0,false,584,20,2026-08-06
155,Parker Kelly,hockey|ColoradoAvalanche,228,29337,86,ok,0,false,false,false,0,false,533,2,2026-08-06
156,Joel Kiviranta,hockey|ColoradoAvalanche,64,6319,35,ok,0,false,false,false,0,false,105,0,2026-08-06
157,Gabriel Landeskog,hockey|ColoradoAvalanche,285,76718,121,ok,0,false,false,false,0,false,427,27,2026-08-06
158,Artturi Lehkonen,hockey|ColoradoAvalanche,136,16913,48,ok,0,false,false,false,0,false,229,15,2026-08-06
159,Nathan MacKinnon,hockey|ColoradoAvalanche,835,230176,402,ok,0,false,false,false,0,false,1460,63,2026-08-06
160,Martin Necas,hockey|canes|ColoradoAvalanche,418,58708,215,ok,0,false,false,false,0,false,608,38,2026-08-06
161,Brock Nelson,hockey|ColoradoAvalanche|NewYorkIslanders,362,54934,173,ok,0,false,false,false,0,false,545,15,2026-08-06
162,Valeri Nichushkin,hockey|ColoradoAvalanche,131,14440,45,ok,0,false,false,false,0,false,218,17,2026-08-06
163,Logan O'Connor,hockey|ColoradoAvalanche,40,5180,29,ok,33,true,false,false,0,false,61,0,2026-08-06
164,Nicolas Roy,hockey|ColoradoAvalanche|leafs|goldenknights,155,18635,118,ok,161,true,false,false,0,false,170,0,2026-08-06
165,Jack Ahcan,hockey|ColoradoAvalanche,10,488,6,ok,0,false,false,false,0,false,16,0,2026-08-06
166,Nick Blankenburg,hockey|ColoradoAvalanche|Predators,233,6821,29,ok,0,false,false,false,0,false,256,1,2026-08-06
167,Brent Burns,hockey|canes|ColoradoAvalanche,299,46063,160,ok,0,false,false,false,0,false,475,7,2026-08-06
168,Brett Kulak,hockey|ColoradoAvalanche|EdmontonOilers|penguins,199,22583,105,ok,0,false,false,false,0,false,257,1,2026-08-06
169,Cale Makar,hockey|ColoradoAvalanche,508,84222,270,ok,0,false,false,false,0,false,954,63,2026-08-06
170,Sam Malinski,hockey|ColoradoAvalanche,110,9830,47,ok,0,false,false,false,0,false,159,0,2026-08-06
171,Josh Manson,hockey|ColoradoAvalanche,161,18519,83,ok,0,false,false,false,0,false,248,4,2026-08-06
172,Devon Toews,hockey|ColoradoAvalanche,123,14731,63,ok,53,true,false,false,0,false,173,4,2026-08-06
173,Charlie Coyle,hockey|BostonBruins|BlueJackets|ColoradoAvalanche,297,14187,104,ok,0,false,false,false,0,false,388,11,2026-08-06
174,Adam Fantilli,hockey|BlueJackets,291,13224,88,ok,0,false,false,false,0,false,404,30,2026-08-06
175,Conor Garland,hockey|BlueJackets|canucks,445,53827,272,ok,0,false,false,false,0,false,546,9,2026-08-06
176,Danton Heinen,hockey|BlueJackets|penguins|canucks,123,5109,45,ok,0,false,false,false,0,false,143,1,2026-08-06
177,Boone Jenner,hockey|BlueJackets,243,9006,65,ok,0,false,false,false,0,false,314,14,2026-08-06
178,Kent Johnson,hockey|BlueJackets,130,4619,38,ok,118,true,false,false,0,false,176,7,2026-08-06
179,Isac Lundeström,hockey|anaheimducks|BlueJackets,140,3899,40,ok,0,false,false,false,0,false,166,0,2026-08-06
180,Kirill Marchenko,hockey|BlueJackets,294,13925,84,ok,0,false,false,false,0,false,385,24,2026-08-06
181,Mason Marchment,hockey|BlueJackets|DallasStars|SeattleKraken,386,42483,169,ok,0,false,false,false,0,false,540,12,2026-08-06
182,Sean Monahan,hockey|BlueJackets,206,15463,57,ok,0,false,false,false,0,false,307,18,2026-08-06
183,Mathieu Olivier,hockey|BlueJackets,268,14411,91,ok,0,false,false,false,0,false,388,5,2026-08-06
184,Cole Sillinger,hockey|BlueJackets,175,5585,41,ok,0,false,false,false,0,false,221,0,2026-08-06
185,Dmitri Voronkov,hockey|BlueJackets,195,7674,59,ok,0,false,false,false,0,false,250,12,2026-08-06
186,Miles Wood,hockey|BlueJackets|ColoradoAvalanche,170,7969,62,ok,46,true,false,false,0,false,199,1,2026-08-06
187,Jake Christiansen,hockey|BlueJackets,82,1838,16,ok,0,false,false,false,0,false,92,0,2026-08-06
188,Dante Fabbro,hockey|BlueJackets|Predators,170,6125,45,ok,0,false,false,false,0,false,230,2,2026-08-06
189,Erik Gudbranson,hockey|BlueJackets,124,4077,39,ok,0,false,false,false,0,false,152,1,2026-08-06
190,Denton Mateychuk,hockey|BlueJackets,171,12651,40,ok,0,false,false,false,0,false,211,1,2026-08-06
191,Ivan Provorov,hockey|BlueJackets,206,13939,62,ok,0,false,false,false,0,false,288,2,2026-08-06
192,Damon Severson,hockey|BlueJackets,173,5685,35,ok,0,false,false,false,0,false,224,3,2026-08-06
193,Brendan Smith,hockey|BlueJackets|DallasStars,36,1531,25,ok,209,true,false,false,0,false,39,0,2026-08-06
194,Zach Werenski,hockey|BlueJackets,393,28451,144,ok,0,false,false,false,0,false,551,35,2026-08-06
195,Egor Zamula,hockey|BlueJackets|Flyers,112,4710,48,ok,0,false,false,false,0,false,130,0,2026-08-06
196,Nathan Bastian,hockey|DallasStars|devils,91,4904,32,ok,0,false,false,false,0,false,108,0,2026-08-06
197,Jamie Benn,hockey|DallasStars,393,45657,186,ok,0,false,false,false,0,false,544,5,2026-08-06
198,Colin Blackwell,hockey|DallasStars,188,21099,57,ok,0,false,false,false,0,false,223,0,2026-08-06
199,Mavrik Bourque,hockey|DallasStars,222,14565,72,ok,0,false,false,false,0,false,335,0,2026-08-06
200,Michael Bunting,hockey|DallasStars|Predators|penguins,306,7641,46,ok,0,false,false,false,0,false,360,0,2026-08-06
201,Oskar Bäck,hockey|DallasStars,114,6461,15,ok,0,false,false,true,2195,false,136,1,2026-08-06
202,Matt Duchene,hockey|DallasStars,259,26036,94,ok,0,false,false,false,0,false,383,9,2026-08-06
203,Adam Erne,hockey|DallasStars,78,3925,20,ok,0,false,false,false,0,false,101,0,2026-08-06
204,Radek Faksa,hockey|DallasStars|stlouisblues,178,12608,55,ok,0,false,false,false,0,false,213,0,2026-08-06
205,Roope Hintz,hockey|DallasStars,340,43127,126,ok,0,false,false,false,0,false,435,14,2026-08-06
206,Justin Hryckowian,hockey|DallasStars,182,9998,41,ok,0,false,false,false,0,false,212,0,2026-08-06
207,Arttu Hyry,hockey|DallasStars,31,3124,16,ok,0,false,false,false,0,false,35,0,2026-08-06
208,Wyatt Johnston,hockey|DallasStars,307,26499,95,ok,308,true,false,false,0,false,382,13,2026-08-06
209,Mikko Rantanen,hockey|canes|ColoradoAvalanche|DallasStars,779,136884,374,ok,0,false,false,false,0,false,1087,35,2026-08-06
210,Jason Robertson,hockey|DallasStars,417,57063,152,ok,144,true,false,false,0,false,599,13,2026-08-06
211,Tyler Seguin,hockey|DallasStars,238,25499,101,ok,0,false,false,false,0,false,311,5,2026-08-06
212,Sam Steel,hockey|DallasStars,229,17967,64,ok,0,false,false,false,0,false,327,0,2026-08-06
213,Lian Bichsel,hockey|DallasStars,185,13607,58,ok,0,false,false,false,0,false,215,2,2026-08-06
214,Kyle Capobianco,hockey|DallasStars,47,2262,10,ok,0,false,false,false,0,false,54,0,2026-08-06
215,Thomas Harley,hockey|DallasStars,320,33071,113,ok,0,false,false,false,0,false,432,32,2026-08-06
216,Miro Heiskanen,hockey|DallasStars,285,22746,99,ok,0,false,false,false,0,false,386,17,2026-08-06
217,Esa Lindell,hockey|DallasStars,210,22318,62,ok,0,false,false,false,0,false,253,2,2026-08-06
218,Nils Lundkvist,hockey|DallasStars,104,5884,33,ok,0,false,false,false,0,false,132,0,2026-08-06
219,Ilya Lyubushkin,hockey|DallasStars,132,8923,32,ok,0,false,false,false,0,false,170,1,2026-08-06
220,Tyler Myers,hockey|DallasStars|canucks,250,31093,160,ok,15,true,false,false,0,false,306,1,2026-08-06
221,Alexander Petrovic,hockey|DallasStars,150,9548,41,ok,0,false,false,false,0,false,176,0,2026-08-06
222,Mason Appleton,hockey|DetroitRedWings|winnipegjets,129,10893,59,ok,0,false,false,false,0,false,175,1,2026-08-06
223,J.T. Compher,hockey|DetroitRedWings,152,7778,54,ok,0,false,false,false,0,false,204,2,2026-08-06
224,Andrew Copp,hockey|DetroitRedWings,161,14039,73,ok,0,false,false,false,0,false,214,2,2026-08-06
225,Alex DeBrincat,hockey|DetroitRedWings,264,33737,93,ok,0,false,false,false,0,false,370,12,2026-08-06
226,Emmitt Finnie,hockey|DetroitRedWings,184,23422,71,ok,0,false,false,false,0,false,247,15,2026-08-06
227,Patrick Kane,hockey|DetroitRedWings,347,59223,171,ok,108,true,false,false,0,false,520,20,2026-08-06
228,Marco Kasper,hockey|DetroitRedWings,227,19978,109,ok,0,false,false,false,0,false,316,15,2026-08-06
229,Dylan Larkin,hockey|DetroitRedWings,558,81298,285,ok,0,false,false,false,0,false,723,14,2026-08-06
230,David Perron,hockey|DetroitRedWings|OttawaSenators,237,12846,112,ok,0,false,false,false,0,false,305,1,2026-08-06
231,Michael Rasmussen,hockey|DetroitRedWings,86,5882,47,ok,0,false,false,false,0,false,116,1,2026-08-06
232,Lucas Raymond,hockey|DetroitRedWings,358,47428,147,ok,0,false,false,false,0,false,487,11,2026-08-06
233,James van Riemsdyk,hockey|BlueJackets|DetroitRedWings,69,3703,29,ok,9,true,false,false,0,false,103,2,2026-08-06
234,Jacob Bernard-Docker,hockey|sabres|DetroitRedWings|OttawaSenators,77,3258,39,ok,0,false,false,false,0,false,100,0,2026-08-06
235,Ben Chiarot,hockey|DetroitRedWings,124,10904,65,ok,0,false,false,false,0,false,181,7,2026-08-06
236,Simon Edvinsson,hockey|DetroitRedWings,199,19097,89,ok,0,false,false,false,0,false,260,5,2026-08-06
237,Justin Faulk,hockey|DetroitRedWings|stlouisblues,224,14606,104,ok,0,false,false,false,0,false,308,4,2026-08-06
238,Travis Hamonic,hockey|DetroitRedWings|OttawaSenators,82,7159,60,ok,0,false,false,false,0,false,111,0,2026-08-06
239,Albert Johansson,hockey|DetroitRedWings,98,6880,41,ok,39,true,false,false,0,false,123,0,2026-08-06
240,Moritz Seider,hockey|DetroitRedWings,316,44238,147,ok,0,false,false,false,0,false,447,28,2026-08-06
241,Colton Dach,hockey|hawks|EdmontonOilers,141,6897,49,ok,20,true,false,false,0,false,163,4,2026-08-06
242,Jason Dickinson,hockey|hawks|EdmontonOilers,85,5530,43,ok,41,true,false,false,0,false,104,0,2026-08-06
243,Leon Draisaitl,hockey|EdmontonOilers,843,206273,333,ok,0,false,false,false,0,false,1227,29,2026-08-06
244,Trent Frederic,hockey|BostonBruins|EdmontonOilers,262,30313,128,ok,0,false,false,false,0,false,334,1,2026-08-06
245,Adam Henrique,hockey|EdmontonOilers,163,16958,66,ok,0,false,false,false,0,false,225,1,2026-08-06
246,Zach Hyman,hockey|EdmontonOilers,412,54004,190,ok,0,false,false,false,0,false,554,26,2026-08-06
247,Mattias Janmark,hockey|EdmontonOilers,112,7979,57,ok,0,false,false,false,0,false,150,0,2026-08-06
248,Max Jones,hockey|BostonBruins|EdmontonOilers,43,2886,25,ok,96,true,false,false,0,false,50,0,2026-08-06
249,Kasperi Kapanen,hockey|EdmontonOilers|stlouisblues,148,15068,70,ok,51,true,false,false,0,false,185,1,2026-08-06
250,Curtis Lazar,hockey|EdmontonOilers|devils,67,4725,36,ok,0,false,false,false,0,false,91,0,2026-08-06
251,Connor McDavid,hockey|EdmontonOilers,2068,516755,928,ok,0,false,false,false,0,false,3530,91,2026-08-06
252,Ryan Nugent-Hopkins,hockey|EdmontonOilers,179,22577,59,ok,0,false,false,false,0,false,260,6,2026-08-06
253,Vasily Podkolzin,hockey|EdmontonOilers,208,20734,74,ok,0,false,false,false,0,false,306,2,2026-08-06
254,Jack Roslovic,hockey|canes|EdmontonOilers,197,17799,90,ok,0,false,false,false,0,false,307,9,2026-08-06
255,Josh Samanski,hockey|EdmontonOilers,48,2842,26,ok,0,false,false,false,0,false,51,0,2026-08-06
256,Matt Savoie,hockey|EdmontonOilers,186,11089,80,ok,0,false,false,false,0,false,244,0,2026-08-06
257,Evan Bouchard,hockey|EdmontonOilers,564,66430,249,ok,0,false,false,false,0,false,798,30,2026-08-06
258,Mattias Ekholm,hockey|EdmontonOilers,258,33513,128,ok,0,false,false,false,0,false,348,3,2026-08-06
259,Ty Emberson,hockey|EdmontonOilers,68,3282,39,ok,0,false,false,false,0,false,97,0,2026-08-06
260,Connor Murphy,hockey|hawks|EdmontonOilers,247,35942,100,ok,0,false,false,false,0,false,363,1,2026-08-06
261,Darnell Nurse,hockey|EdmontonOilers,434,37671,194,ok,0,false,false,false,0,false,603,2,2026-08-06
262,Spencer Stastney,hockey|EdmontonOilers|Predators,185,5752,35,ok,0,false,false,false,0,false,200,0,2026-08-06
263,Jake Walman,hockey|EdmontonOilers|SanJoseSharks,261,41777,126,ok,0,false,false,false,0,false,358,10,2026-08-06
264,Aleksander Barkov,hockey|FloridaPanthers,538,121039,260,ok,0,false,false,false,0,false,761,41,2026-08-06
265,Sam Bennett,hockey|FloridaPanthers,595,148729,276,ok,0,false,false,false,0,false,1160,18,2026-08-06
266,Jesper Boqvist,hockey|FloridaPanthers,68,4669,19,ok,35,true,false,false,0,false,97,0,2026-08-06
267,Jonah Gadjovich,hockey|FloridaPanthers,87,9939,36,ok,0,false,false,false,0,false,125,1,2026-08-06
268,A.J. Greer,hockey|FloridaPanthers,209,32868,91,ok,0,false,false,false,0,false,323,2,2026-08-06
269,Vinnie Hinostroza,hockey|FloridaPanthers|wildhockey|Predators,138,5695,45,ok,0,false,false,false,0,false,161,0,2026-08-06
270,Luke Kunin,hockey|BlueJackets|FloridaPanthers|SanJoseSharks,57,3119,25,ok,0,false,false,false,0,false,93,0,2026-08-06
271,Anton Lundell,hockey|FloridaPanthers,223,27250,79,ok,0,false,false,false,0,false,337,25,2026-08-06
272,Eetu Luostarinen,hockey|FloridaPanthers,201,24593,70,ok,0,false,false,false,0,false,274,0,2026-08-06
273,Brad Marchand,hockey|BostonBruins|FloridaPanthers,1104,311286,486,ok,0,false,false,false,0,false,1689,16,2026-08-06
274,Tomas Nosek,hockey|FloridaPanthers,108,14468,46,ok,0,false,false,false,0,false,137,0,2026-08-06
275,Cole Reinhardt,hockey|FloridaPanthers|OttawaSenators|goldenknights,95,5037,22,ok,0,false,false,false,0,false,119,2,2026-08-06
276,Sam Reinhart,hockey|FloridaPanthers,383,46865,154,ok,0,false,false,false,0,false,616,42,2026-08-06
277,Evan Rodrigues,hockey|FloridaPanthers,200,29830,54,ok,0,false,false,false,0,false,302,4,2026-08-06
278,Mackie Samoskevich,hockey|FloridaPanthers,156,16891,39,ok,0,false,false,false,0,false,223,4,2026-08-06
279,Cole Schwindt,hockey|FloridaPanthers|goldenknights,45,3124,22,ok,0,false,false,false,0,false,58,1,2026-08-06
280,Matthew Tkachuk,hockey|FloridaPanthers,515,132080,255,ok,204,true,false,false,0,false,717,24,2026-08-06
281,Carter Verhaeghe,hockey|FloridaPanthers,240,26925,70,ok,0,false,false,false,0,false,359,20,2026-08-06
282,Uvis Balinskis,hockey|FloridaPanthers,91,6083,33,ok,0,false,false,false,0,false,126,1,2026-08-06
283,Aaron Ekblad,hockey|FloridaPanthers,380,71876,164,ok,0,false,false,false,0,false,633,11,2026-08-06
284,Gustav Forsling,hockey|FloridaPanthers,182,13795,65,ok,0,false,false,false,0,false,270,5,2026-08-06
285,Seth Jones,hockey|hawks|FloridaPanthers,142,23323,102,ok,123,true,false,false,0,false,202,11,2026-08-06
286,Dmitry Kulikov,hockey|FloridaPanthers,98,14148,48,ok,0,false,false,false,0,false,137,0,2026-08-06
287,Niko Mikkola,hockey|FloridaPanthers,214,53793,84,ok,0,false,false,false,0,false,303,1,2026-08-06
288,Donovan Sebrango,hockey|FloridaPanthers|OttawaSenators,76,3949,33,ok,0,false,false,false,0,false,102,0,2026-08-06
289,Joel Armia,hockey|losangeleskings|Habs,166,11734,86,ok,0,false,false,false,0,false,213,0,2026-08-06
290,Quinton Byfield,hockey|losangeleskings,220,10568,89,ok,0,false,false,false,0,false,328,14,2026-08-06
291,Kevin Fiala,hockey|losangeleskings,202,32052,84,ok,0,false,false,false,0,false,297,13,2026-08-06
292,Samuel Helenius,hockey|losangeleskings,79,2304,33,ok,12,true,false,false,0,false,102,0,2026-08-06
293,Mathieu Joseph,hockey|losangeleskings|stlouisblues,50,1932,19,ok,90,true,false,false,0,false,80,0,2026-08-06
294,Adrian Kempe,hockey|losangeleskings,289,17799,118,ok,0,false,false,false,0,false,410,5,2026-08-06
295,Anze Kopitar,hockey|losangeleskings,350,52357,134,ok,0,false,false,false,0,false,498,11,2026-08-06
296,Andrei Kuzmenko,hockey|CalgaryFlames|losangeleskings|Flyers,130,9246,62,ok,0,false,false,false,0,false,230,6,2026-08-06
297,Alex Laferriere,hockey|losangeleskings,106,5602,28,ok,0,false,false,false,0,false,166,10,2026-08-06
298,Scott Laughton,hockey|losangeleskings|Flyers|leafs,329,38731,187,ok,0,false,false,false,0,false,380,1,2026-08-06
299,Jeff Malott,hockey|losangeleskings,64,3041,23,ok,0,false,false,false,0,false,88,0,2026-08-06
300,Trevor Moore,hockey|losangeleskings,102,3961,39,ok,38,true,false,false,0,false,135,1,2026-08-06
301,Artemi Panarin,hockey|losangeleskings|rangers,583,52629,261,ok,0,false,false,false,0,false,968,52,2026-08-06
302,Alex Turcotte,hockey|losangeleskings,81,3939,41,ok,0,false,false,false,0,false,123,1,2026-08-06
303,Taylor Ward,hockey|losangeleskings,60,6471,30,ok,0,false,false,false,0,false,130,2,2026-08-06
304,Jared Wright,hockey|losangeleskings,24,1154,9,ok,25,true,false,false,0,false,33,0,2026-08-06
305,Mikey Anderson,hockey|losangeleskings,76,1722,27,ok,66,true,false,false,0,false,105,1,2026-08-06
306,Cody Ceci,hockey|DallasStars|losangeleskings|SanJoseSharks,163,11571,100,ok,0,false,false,false,0,false,224,1,2026-08-06
307,Brandt Clarke,hockey|losangeleskings,175,5270,59,ok,27,true,false,false,0,false,245,15,2026-08-06
308,Drew Doughty,hockey|losangeleskings,217,18903,99,ok,0,false,false,false,0,false,319,14,2026-08-06
309,Brian Dumoulin,hockey|anaheimducks|losangeleskings|devils,91,3695,39,ok,0,false,false,false,0,false,136,0,2026-08-06
310,Joel Edmundson,hockey|losangeleskings,62,1926,21,ok,0,false,false,false,0,false,99,0,2026-08-06
311,Jacob Moverare,hockey|losangeleskings,21,645,16,ok,0,false,false,false,0,false,24,0,2026-08-06
312,Nicolas Aube-Kubel,hockey|sabres|wildhockey|rangers,25,2872,19,ok,0,false,false,false,0,false,32,0,2026-08-06
313,Matt Boldy,hockey|wildhockey,577,57759,190,ok,0,false,false,false,0,false,713,28,2026-08-06
314,Bobby Brink,hockey|wildhockey|Flyers,288,15837,117,ok,0,false,false,false,0,false,357,0,2026-08-06
315,Joel Eriksson Ek,hockey|wildhockey,344,20643,89,ok,0,false,false,false,0,false,480,11,2026-08-06
316,Robby Fabbri,hockey|anaheimducks|wildhockey|stlouisblues,63,3285,33,ok,0,false,false,false,0,false,101,0,2026-08-06
317,Marcus Foligno,hockey|wildhockey,105,7723,33,ok,144,true,false,false,0,false,134,0,2026-08-06
318,Nick Foligno,hockey|hawks|wildhockey,125,17851,53,ok,145,true,false,false,0,false,148,0,2026-08-06
319,Hunter Haight,hockey|wildhockey,61,6883,34,ok,0,false,false,false,0,false,68,0,2026-08-06
320,Ryan Hartman,hockey|wildhockey,277,14890,92,ok,0,false,false,false,0,false,354,1,2026-08-06
321,Marcus Johansson,hockey|wildhockey,262,8157,41,ok,40,true,false,false,0,false,326,1,2026-08-06
322,Ben Jones,hockey|wildhockey,62,4697,34,ok,95,true,false,false,0,false,108,2,2026-08-06
323,Kirill Kaprizov,hockey|wildhockey,648,74068,231,ok,0,false,false,false,0,false,944,41,2026-08-06
324,Michael McCarron,hockey|wildhockey|Predators,312,11865,48,ok,0,false,false,false,0,false,358,0,2026-08-06
325,Nico Sturm,hockey|FloridaPanthers|wildhockey|SanJoseSharks,211,11265,85,ok,0,false,false,false,0,false,306,1,2026-08-06
326,Vladimir Tarasenko,hockey|DetroitRedWings|wildhockey,250,17307,87,ok,0,false,false,false,0,false,352,6,2026-08-06
327,Yakov Trenin,hockey|wildhockey,199,8723,67,ok,0,false,false,false,0,false,260,8,2026-08-06
328,Danila Yurov,hockey|wildhockey,263,15595,106,ok,0,false,false,false,0,false,311,3,2026-08-06
329,Mats Zuccarello,hockey|wildhockey,224,15878,65,ok,0,false,false,false,0,false,303,19,2026-08-06
330,Zach Bogosian,hockey|wildhockey,105,6937,39,ok,0,false,false,false,0,false,140,0,2026-08-06
331,Jonas Brodin,hockey|wildhockey,225,9506,78,ok,0,false,false,false,0,false,270,1,2026-08-06
332,Brock Faber,hockey|wildhockey,388,26812,140,ok,0,false,false,false,0,false,488,17,2026-08-06
333,Viking Gustafsson Nyberg,hockey|wildhockey,9,1882,6,ok,0,false,false,false,0,false,9,0,2026-08-06
334,Quinn Hughes,hockey|wildhockey|canucks,1531,259623,835,ok,334,true,false,false,0,false,1879,34,2026-08-06
335,Daemon Hunt,hockey|wildhockey,105,3982,54,ok,0,false,false,false,0,false,286,0,2026-08-06
336,Matt Kiersted,hockey|FloridaPanthers|wildhockey,20,1258,14,ok,0,false,false,false,0,false,24,0,2026-08-06
337,Carson Lambos,hockey|wildhockey,32,1370,26,ok,0,false,false,false,0,false,37,0,2026-08-06
338,Jake Middleton,hockey|wildhockey,185,14165,68,ok,0,false,false,false,0,false,259,2,2026-08-06
339,Jeff Petry,hockey|DetroitRedWings|FloridaPanthers|wildhockey,112,7990,63,ok,0,false,false,false,0,false,160,0,2026-08-06
340,David Spacek,hockey|wildhockey,65,2823,25,ok,0,false,false,false,0,false,68,0,2026-08-06
341,Jared Spurgeon,hockey|wildhockey,189,10994,69,ok,0,false,false,false,0,false,244,3,2026-08-06
342,Josh Anderson,hockey|Habs,388,38294,163,ok,65,true,false,false,0,false,456,2,2026-08-06
343,Owen Beck,hockey|Habs,165,10811,106,ok,6,false,false,false,44,true,171,0,2026-08-06
344,Zachary Bolduc,hockey|Habs|stlouisblues,531,47766,226,ok,0,false,false,false,0,false,600,11,2026-08-06
345,Cole Caufield,hockey|Habs,1122,248818,440,ok,0,false,false,false,0,false,1314,21,2026-08-06
346,Kirby Dach,hockey|Habs,461,37459,206,ok,18,true,false,false,0,false,498,3,2026-08-06
347,Phillip Danault,hockey|losangeleskings|Habs,276,37454,133,ok,0,false,false,false,0,false,319,0,2026-08-06
348,Ivan Demidov,hockey|Habs,1346,230294,462,ok,0,false,false,false,0,false,1532,35,2026-08-06
349,Jake Evans,hockey|Habs,354,28298,146,ok,13,true,false,false,0,false,394,0,2026-08-06
350,Brendan Gallagher,hockey|Habs,358,38965,140,ok,0,false,false,false,0,false,417,2,2026-08-06
351,Oliver Kapanen,hockey|Habs,427,50960,173,ok,51,true,false,false,0,false,458,1,2026-08-06
352,Patrik Laine,hockey|Habs,556,58697,283,ok,0,false,false,false,0,false,662,11,2026-08-06
353,Alex Newhook,hockey|Habs,373,34268,153,ok,0,false,false,false,0,false,416,0,2026-08-06
354,Juraj Slafkovský,hockey|Habs,695,177849,214,ok,0,false,false,false,0,false,796,13,2026-08-06
355,Nick Suzuki,hockey|Habs,1206,237870,453,ok,0,false,false,false,0,false,1385,21,2026-08-06
356,Alexandre Texier,hockey|Habs|stlouisblues,296,41234,145,ok,0,false,false,false,0,false,328,0,2026-08-06
357,Joe Veleno,hockey|hawks|DetroitRedWings|Habs,231,20931,119,ok,0,false,false,false,0,false,267,0,2026-08-06
358,Florian Xhekaj,hockey|Habs,113,17908,49,ok,269,true,false,false,0,false,119,0,2026-08-06
359,Alexandre Carrier,hockey|Habs|Predators,323,25759,138,ok,31,true,false,false,0,false,355,0,2026-08-06
360,Noah Dobson,hockey|Habs|NewYorkIslanders,717,55331,347,ok,0,false,false,false,0,false,873,18,2026-08-06
361,Adam Engstrom,hockey|Habs,137,8188,81,ok,0,false,false,false,0,false,143,0,2026-08-06
362,Kaiden Guhle,hockey|Habs,310,29479,150,ok,0,false,false,false,0,false,347,3,2026-08-06
363,Lane Hutson,hockey|Habs,988,199833,414,ok,260,true,false,false,0,false,1077,14,2026-08-06
364,Mike Matheson,hockey|Habs,485,45681,208,ok,0,false,false,false,0,false,552,5,2026-08-06
365,David Reinbacher,hockey|Habs,286,25297,147,ok,0,false,false,false,0,false,305,0,2026-08-06
366,Jayden Struble,hockey|Habs,281,21454,145,ok,0,false,false,false,0,false,315,0,2026-08-06
367,Arber Xhekaj,hockey|Habs,177,24410,67,ok,269,true,false,false,0,false,215,0,2026-08-06
369,Luke Evangelista,hockey|Predators,345,11928,45,ok,0,false,false,false,0,false,398,7,2026-08-06
370,Filip Forsberg,hockey|Predators,480,26157,95,ok,0,false,false,false,0,false,765,39,2026-08-06
371,Erik Haula,hockey|Predators|devils,395,16321,71,ok,0,false,false,false,0,false,471,1,2026-08-06
372,Tyson Jost,hockey|canes|Predators,197,3724,32,ok,0,false,false,false,0,false,227,0,2026-08-06
373,Jonathan Marchessault,hockey|Predators,243,6428,36,ok,0,false,false,false,0,false,324,11,2026-08-06
374,Ryan O'Reilly,hockey|Predators,431,17941,55,ok,0,false,false,false,0,false,611,10,2026-08-06
375,Steven Stamkos,hockey|Predators,498,25286,99,ok,0,false,false,false,0,false,752,23,2026-08-06
376,Fedor Svechkov,hockey|Predators,262,5517,27,ok,0,false,false,false,0,false,283,0,2026-08-06
377,Ozzy Wiesblatt,hockey|Predators,223,10916,17,ok,0,false,false,false,0,false,249,0,2026-08-06
378,Matthew Wood,hockey|Predators,296,6178,33,ok,36,true,false,false,0,false,320,1,2026-08-06
379,Justin Barron,hockey|Habs|Predators,150,3568,30,ok,23,true,false,false,0,false,163,0,2026-08-06
380,Nicolas Hague,hockey|Predators|goldenknights,282,10508,48,ok,0,false,false,false,0,false,342,0,2026-08-06
381,Roman Josi,hockey|Predators,415,12962,78,ok,0,false,false,false,0,false,493,25,2026-08-06
382,Nick Perbix,hockey|Predators|TampaBayLightning,223,5362,43,ok,0,false,false,false,0,false,273,1,2026-08-06
383,Brady Skjei,hockey|Predators,314,8157,28,ok,0,false,false,false,0,false,356,2,2026-08-06
384,Adam Wilsby,hockey|Predators,187,2433,15,ok,0,false,false,false,0,false,201,0,2026-08-06
385,Nick Bjugstad,hockey|devils|stlouisblues|utahmammoth|UtahHockey,89,3210,44,ok,0,false,false,false,0,false,133,0,2026-08-06
386,Jesper Bratt,hockey|devils,348,16481,101,ok,0,false,false,false,0,false,432,25,2026-08-06
387,Connor Brown,hockey|EdmontonOilers|devils,431,34550,173,ok,0,false,false,false,0,false,699,7,2026-08-06
388,Paul Cotter,hockey|devils,185,5465,39,ok,0,false,false,false,0,false,224,0,2026-08-06
389,Evgenii Dadonov,hockey|DallasStars|devils,134,10641,47,ok,0,false,false,false,0,false,170,1,2026-08-06
390,Cody Glass,hockey|devils|penguins,629,41245,152,ok,0,false,false,false,0,false,1326,4,2026-08-06
391,Arseny Gritsyuk,hockey|devils,291,20985,62,ok,0,false,false,false,0,false,330,4,2026-08-06
392,Nico Hischier,hockey|devils,394,22989,93,ok,0,false,false,false,0,false,516,18,2026-08-06
393,Jack Hughes,hockey|devils,508,153451,236,ok,477,true,false,false,0,false,720,41,2026-08-06
394,Zack MacEwen,hockey|devils|OttawaSenators,46,4716,21,ok,0,false,false,false,0,false,65,1,2026-08-06
395,Timo Meier,hockey|devils,302,13988,72,ok,0,false,false,false,0,false,399,17,2026-08-06
396,Dawson Mercer,hockey|devils,260,9553,81,ok,0,false,false,false,0,false,349,21,2026-08-06
397,Stefan Noesen,hockey|devils,124,5472,31,ok,0,false,false,false,0,false,168,5,2026-08-06
398,Maxim Tsyplakov,hockey|devils|NewYorkIslanders,93,3935,50,ok,0,false,false,false,0,false,114,1,2026-08-06
399,Dennis Cholowski,hockey|devils|NewYorkIslanders,60,2587,19,ok,0,false,false,false,0,false,68,0,2026-08-06
400,Brenden Dillon,hockey|devils,233,14463,62,ok,0,false,false,false,0,false,314,4,2026-08-06
401,Dougie Hamilton,hockey|devils,320,20448,104,ok,0,false,false,false,0,false,557,24,2026-08-06
402,Luke Hughes,hockey|devils,177,19578,84,ok,477,true,false,false,0,false,255,15,2026-08-06
403,Johnathan Kovacevic,hockey|devils,120,6461,46,ok,0,false,false,false,0,false,145,0,2026-08-06
404,Simon Nemec,hockey|devils,359,26644,124,ok,0,false,false,false,0,false,480,3,2026-08-06
405,Brett Pesce,hockey|devils,147,7850,56,ok,0,false,false,false,0,false,188,0,2026-08-06
406,Jonas Siegenthaler,hockey|devils,178,7635,36,ok,0,false,false,false,0,false,214,0,2026-08-06
407,Mathew Barzal,hockey|NewYorkIslanders,326,27824,115,ok,0,false,false,false,0,false,454,13,2026-08-06
408,Casey Cizikas,hockey|NewYorkIslanders,92,5333,30,ok,0,false,false,false,0,false,137,2,2026-08-06
409,Anthony Duclair,hockey|NewYorkIslanders,120,5843,44,ok,0,false,false,false,0,false,174,1,2026-08-06
410,Marc Gatcomb,hockey|NewYorkIslanders,76,2187,31,ok,0,false,false,false,0,false,99,1,2026-08-06
411,Emil Heineman,hockey|Habs|NewYorkIslanders,251,20260,117,ok,0,false,false,false,0,false,315,10,2026-08-06
412,Simon Holmstrom,hockey|NewYorkIslanders,175,7384,54,ok,0,false,false,false,0,false,236,1,2026-08-06
413,Bo Horvat,hockey|NewYorkIslanders,325,21402,113,ok,0,false,false,false,0,false,519,19,2026-08-06
414,Anders Lee,hockey|NewYorkIslanders,282,20388,79,ok,0,false,false,false,0,false,554,7,2026-08-06
415,Kyle MacLean,hockey|NewYorkIslanders,88,4460,35,ok,0,false,false,false,0,false,141,1,2026-08-06
416,Jean-Gabriel Pageau,hockey|NewYorkIslanders,132,5091,43,ok,0,false,false,false,0,false,194,1,2026-08-06
417,Ondrej Palat,hockey|devils|NewYorkIslanders,306,20614,128,ok,0,false,false,false,0,false,373,1,2026-08-06
418,Kyle Palmieri,hockey|NewYorkIslanders,85,4809,38,ok,0,false,false,false,0,false,134,14,2026-08-06
419,Brayden Schenn,hockey|NewYorkIslanders|stlouisblues,221,12400,103,ok,40,true,false,false,0,false,292,5,2026-08-06
420,Max Shabanov,hockey|NewYorkIslanders,113,4901,49,ok,0,false,false,false,0,false,177,7,2026-08-06
421,Adam Boqvist,hockey|FloridaPanthers|NewYorkIslanders,38,1179,25,ok,36,true,false,false,0,false,57,0,2026-08-06
422,Tony DeAngelo,hockey|NewYorkIslanders,115,4443,32,ok,0,false,false,false,0,false,182,7,2026-08-06
423,Scott Mayfield,hockey|NewYorkIslanders,135,3806,54,ok,0,false,false,false,0,false,191,0,2026-08-06
424,Adam Pelech,hockey|NewYorkIslanders,130,3682,41,ok,0,false,false,false,0,false,175,0,2026-08-06
425,Ryan Pulock,hockey|NewYorkIslanders,118,5110,44,ok,0,false,false,false,0,false,157,0,2026-08-06
426,Alexander Romanov,hockey|NewYorkIslanders,82,5270,56,ok,0,false,false,false,0,false,133,3,2026-08-06
427,Matthew Schaefer,hockey|NewYorkIslanders,764,95861,290,ok,0,false,false,false,0,false,1258,43,2026-08-06
428,Carson Soucy,hockey|NewYorkIslanders|rangers|canucks,200,10601,89,ok,0,false,false,false,0,false,246,0,2026-08-06
429,Jonny Brodzinski,hockey|rangers,80,2497,21,ok,0,false,false,false,0,false,97,0,2026-08-06
430,Jaroslav Chmelar,hockey|rangers,60,3218,15,ok,0,false,false,false,0,false,70,0,2026-08-06
431,Will Cuylle,hockey|rangers,297,15633,79,ok,0,false,false,false,0,false,379,16,2026-08-06
432,Adam Edstrom,hockey|rangers,80,4418,35,ok,0,false,false,false,0,false,121,1,2026-08-06
433,Tye Kartye,hockey|rangers|SeattleKraken,135,7584,47,ok,0,false,false,false,0,false,168,2,2026-08-06
434,Noah Laba,hockey|rangers,188,8396,49,ok,0,false,false,false,0,false,220,0,2026-08-06
435,Alexis Lafrenière,hockey|rangers,199,11283,72,ok,0,false,false,false,0,false,311,13,2026-08-06
436,J.T. Miller,hockey|rangers|canucks,316,25510,189,ok,291,true,false,false,0,false,365,2,2026-08-06
437,Gabe Perreault,hockey|rangers,169,12056,71,ok,0,false,false,false,0,false,236,6,2026-08-06
438,Taylor Raddysh,hockey|rangers|caps,114,6208,37,ok,15,true,false,false,0,false,145,0,2026-08-06
439,Matt Rempe,hockey|rangers,233,22323,67,ok,0,false,false,false,0,false,284,2,2026-08-06
440,Conor Sheary,hockey|rangers|TampaBayLightning,148,4901,51,ok,0,false,false,false,0,false,192,0,2026-08-06
441,Adam Sykora,hockey|rangers,73,4774,25,ok,0,false,false,false,0,false,87,0,2026-08-06
442,Vincent Trocheck,hockey|rangers,318,24124,107,ok,0,false,false,false,0,false,490,23,2026-08-06
443,Mika Zibanejad,hockey|rangers,318,29666,92,ok,0,false,false,false,0,false,424,15,2026-08-06
444,Will Borgen,hockey|rangers|SeattleKraken,121,4127,37,ok,0,false,false,false,0,false,161,0,2026-08-06
445,Drew Fortescue,hockey|rangers,32,2012,12,ok,0,false,false,false,0,false,34,0,2026-08-06
446,Adam Fox,hockey|rangers,438,80113,158,ok,0,false,false,false,0,false,677,16,2026-08-06
447,Vladislav Gavrikov,hockey|losangeleskings|rangers,240,12092,94,ok,0,false,false,false,0,false,341,2,2026-08-06
448,Vincent Iorio,hockey|rangers|SanJoseSharks,81,4462,44,ok,0,false,false,false,0,false,107,0,2026-08-06
449,Matthew Robertson,hockey|rangers,104,4248,37,ok,130,true,false,false,0,false,188,3,2026-08-06
450,Braden Schneider,hockey|rangers,158,9830,51,ok,0,false,false,false,0,false,236,1,2026-08-06
451,Urho Vaakanainen,hockey|anaheimducks|rangers,45,1669,20,ok,0,false,false,false,0,false,64,0,2026-08-06
452,Michael Amadio,hockey|OttawaSenators,157,5425,52,ok,0,false,false,false,0,false,204,1,2026-08-06
453,Drake Batherson,hockey|OttawaSenators,369,15015,112,ok,0,false,false,false,0,false,446,11,2026-08-06
454,Graeme Clarke,hockey|OttawaSenators,6,104,5,ok,27,true,false,false,0,false,11,0,2026-08-06
455,Nick Cousins,hockey|OttawaSenators,269,21427,85,ok,0,false,false,false,0,false,388,4,2026-08-06
456,Dylan Cozens,hockey|sabres|OttawaSenators,303,14272,103,ok,0,false,false,false,0,false,385,17,2026-08-06
457,Lars Eller,hockey|OttawaSenators|penguins|caps,148,6114,75,ok,0,false,false,false,0,false,193,0,2026-08-06
458,Warren Foegele,hockey|losangeleskings|OttawaSenators,133,9141,70,ok,0,false,false,false,0,false,186,0,2026-08-06
459,Claude Giroux,hockey|OttawaSenators,329,19492,122,ok,0,false,false,false,0,false,493,5,2026-08-06
460,Ridly Greig,hockey|OttawaSenators,278,24538,87,ok,0,false,false,false,0,false,351,2,2026-08-06
461,Stephen Halliday,hockey|OttawaSenators,93,4488,40,ok,0,false,false,false,0,false,106,0,2026-08-06
462,Hayden Hodgson,hockey|OttawaSenators,31,1605,17,ok,0,false,false,false,0,false,47,0,2026-08-06
463,Arthur Kaliyev,hockey|rangers|OttawaSenators,68,3558,39,ok,0,false,false,false,0,false,88,0,2026-08-06
464,Kurtis MacDermid,hockey|devils|OttawaSenators,75,3786,40,ok,0,false,false,false,0,false,91,0,2026-08-06
465,Shane Pinto,hockey|OttawaSenators,394,18683,135,ok,0,false,false,false,0,false,475,20,2026-08-06
466,Tim Stützle,hockey|OttawaSenators,527,36697,141,ok,0,false,false,false,0,false,652,17,2026-08-06
467,Brady Tkachuk,hockey|OttawaSenators,531,98706,203,ok,229,true,false,false,0,false,696,23,2026-08-06
468,Fabian Zetterlund,hockey|OttawaSenators|SanJoseSharks,256,10067,89,ok,0,false,false,false,0,false,309,4,2026-08-06
469,Thomas Chabot,hockey|OttawaSenators,292,23756,129,ok,0,false,false,false,0,false,346,9,2026-08-06
470,Cameron Crotty,hockey|wildhockey|OttawaSenators,13,610,10,ok,0,false,false,false,0,false,13,0,2026-08-06
471,Dennis Gilbert,hockey|sabres|OttawaSenators,65,3641,41,ok,0,false,false,false,0,false,116,0,2026-08-06
472,Nick Jensen,hockey|OttawaSenators,208,12546,89,ok,0,false,false,false,0,false,250,2,2026-08-06
473,Tyler Kleven,hockey|OttawaSenators,223,11890,91,ok,0,false,false,false,0,false,264,2,2026-08-06
474,Nikolas Matinpalo,hockey|OttawaSenators,124,8159,53,ok,0,false,false,false,0,false,146,1,2026-08-06
475,Jake Sanderson,hockey|OttawaSenators,453,34210,162,ok,0,false,false,false,0,false,552,21,2026-08-06
476,Jordan Spence,hockey|losangeleskings|OttawaSenators,320,15343,131,ok,0,false,false,false,0,false,398,3,2026-08-06
477,Lassi Thomson,hockey|OttawaSenators,38,1790,20,ok,0,false,false,false,0,false,51,2,2026-08-06
478,Carter Yakemchuk,hockey|OttawaSenators,127,7830,61,ok,0,false,false,false,0,false,140,2,2026-08-06
479,Artem Zub,hockey|OttawaSenators,212,12354,81,ok,0,false,false,false,0,false,268,3,2026-08-06
480,Rodrigo Abols,hockey|Flyers,127,5697,31,ok,0,false,false,false,0,false,149,0,2026-08-06
481,Denver Barkey,hockey|Flyers,240,16653,70,ok,0,false,false,false,0,false,250,0,2026-08-06
482,Alex Bump,hockey|Flyers,226,26790,93,ok,0,false,false,false,0,false,364,7,2026-08-06
483,Noah Cates,hockey|Flyers,242,9063,69,ok,0,false,false,false,0,false,289,1,2026-08-06
484,Sean Couturier,hockey|Flyers,220,14643,57,ok,0,false,false,false,0,false,272,5,2026-08-06
485,Christian Dvorak,hockey|Habs|Flyers,337,15834,141,ok,0,false,false,false,0,false,421,1,2026-08-06
486,Tyson Foerster,hockey|Flyers,221,17133,80,ok,0,false,false,false,0,false,251,2,2026-08-06
487,Jacob Gaucher,hockey|Flyers,29,830,8,ok,2,true,false,false,0,false,33,0,2026-08-06
488,Luke Glendening,hockey|devils|Flyers|TampaBayLightning,133,4300,37,ok,0,false,false,false,0,false,160,0,2026-08-06
489,Nikita Grebenkin,hockey|Flyers|leafs,187,7971,58,ok,0,false,false,false,0,false,214,0,2026-08-06
490,Carl Grundstrom,hockey|Flyers|SanJoseSharks,111,4850,31,ok,0,false,false,false,0,false,131,1,2026-08-06
491,Garnet Hathaway,hockey|Flyers,178,6948,58,ok,0,false,false,false,0,false,215,1,2026-08-06
492,Travis Konecny,hockey|Flyers,283,12447,88,ok,0,false,false,false,0,false,375,19,2026-08-06
493,Jett Luchanko,hockey|Flyers,165,7621,80,ok,0,false,false,false,0,false,168,1,2026-08-06
494,Porter Martone,hockey|Flyers,444,48007,188,ok,0,false,false,false,0,false,576,7,2026-08-06
495,Matvei Michkov,hockey|Flyers,689,65807,249,ok,0,false,false,false,0,false,836,32,2026-08-06
496,Owen Tippett,hockey|Flyers,281,12613,92,ok,0,false,false,false,0,false,355,8,2026-08-06
497,Garrett Wilson,hockey|Flyers,20,1276,12,ok,83,true,false,false,0,false,23,0,2026-08-06
498,Trevor Zegras,hockey|anaheimducks|Flyers,715,76695,290,ok,0,false,false,false,0,false,908,22,2026-08-06
499,Emil Andrae,hockey|Flyers,187,6464,42,ok,0,false,false,false,0,false,208,0,2026-08-06
501,Oliver Bonk,hockey|Flyers,127,7036,53,ok,0,false,false,false,0,false,138,0,2026-08-06
502,Jamie Drysdale,hockey|Flyers,256,12037,81,ok,0,false,false,false,0,false,320,5,2026-08-06
503,Helge Grans,hockey|Flyers,26,1067,15,ok,0,false,false,false,0,false,29,0,2026-08-06
504,David Jiricek,hockey|BlueJackets|wildhockey|Flyers,192,10492,103,ok,0,false,false,false,0,false,237,1,2026-08-06
505,Noah Juulsen,hockey|Flyers|canucks,129,5747,45,ok,0,false,false,false,0,false,149,0,2026-08-06
506,Hunter McDonald,hockey|Flyers,90,9924,40,ok,0,false,false,false,0,false,161,0,2026-08-06
507,Rasmus Ristolainen,hockey|Flyers,159,13942,44,ok,0,false,false,false,0,false,207,1,2026-08-06
508,Travis Sanheim,hockey|Flyers,238,14270,69,ok,0,false,false,false,0,false,302,9,2026-08-06
509,Nick Seeler,hockey|Flyers,146,4408,27,ok,0,false,false,false,0,false,174,2,2026-08-06
510,Cam York,hockey|Flyers,221,9941,65,ok,0,false,false,true,1184,false,369,8,2026-08-06
511,Noel Acciari,hockey|penguins,126,6038,47,ok,0,false,false,false,0,false,156,0,2026-08-06
512,Justin Brazeau,hockey|BostonBruins|wildhockey|penguins,180,12040,67,ok,0,false,false,false,0,false,228,4,2026-08-06
513,Egor Chinakhov,hockey|BlueJackets|penguins,274,24344,103,ok,0,false,false,false,0,false,332,4,2026-08-06
514,Sidney Crosby,hockey|penguins,1204,352689,578,ok,0,false,false,false,0,false,1938,24,2026-08-06
515,Connor Dewar,hockey|penguins|leafs,161,9720,54,ok,0,false,false,false,0,false,206,0,2026-08-06
516,Filip Hallander,hockey|penguins,78,4044,27,ok,0,false,false,false,0,false,84,0,2026-08-06
517,Kevin Hayes,hockey|penguins,207,16464,83,ok,0,false,false,false,0,false,279,1,2026-08-06
518,Ben Kindel,hockey|penguins,322,27472,126,ok,0,false,false,false,0,false,382,4,2026-08-06
519,Ville Koivunen,hockey|penguins,123,5548,43,ok,0,false,false,false,0,false,160,5,2026-08-06
520,Blake Lizotte,hockey|penguins,133,9046,45,ok,0,false,false,false,0,false,168,0,2026-08-06
521,Evgeni Malkin,hockey|penguins,501,95203,236,ok,0,false,false,false,0,false,730,18,2026-08-06
522,Anthony Mantha,hockey|CalgaryFlames|penguins,227,15233,86,ok,0,false,false,false,0,false,313,11,2026-08-06
523,Tommy Novak,hockey|Predators|penguins,176,9326,53,ok,0,false,false,false,0,false,224,1,2026-08-06
524,Rickard Rakell,hockey|penguins,212,11424,92,ok,0,false,false,false,0,false,275,10,2026-08-06
525,Bryan Rust,hockey|penguins,276,20073,112,ok,0,false,false,false,0,false,408,16,2026-08-06
526,Elmer Soderblom,hockey|DetroitRedWings|penguins,166,16556,85,ok,0,false,false,false,0,false,244,4,2026-08-06
527,Connor Clifton,hockey|sabres|penguins,133,8014,54,ok,0,false,false,false,0,false,171,2,2026-08-06
528,Samuel Girard,hockey|ColoradoAvalanche|penguins,132,18014,63,ok,0,false,false,false,0,false,179,0,2026-08-06
529,Ryan Graves,hockey|penguins,98,6162,47,ok,0,false,false,false,0,false,132,0,2026-08-06
530,Erik Karlsson,hockey|penguins,269,28040,108,ok,58,true,false,false,0,false,363,8,2026-08-06
531,Kris Letang,hockey|penguins,267,21712,131,ok,0,false,false,false,0,false,369,15,2026-08-06
532,Jake Livanavage,hockey|penguins,9,1010,8,ok,0,false,false,false,0,false,9,0,2026-08-06
533,Ryan Shea,hockey|penguins,128,6206,33,ok,19,false,false,false,65,true,168,0,2026-08-06
534,Ilya Solovyov,hockey|CalgaryFlames|ColoradoAvalanche|penguins,58,4468,35,ok,0,false,false,false,0,false,72,0,2026-08-06
535,Jack St. Ivany,hockey|penguins,45,2111,24,ok,0,false,false,false,0,false,51,1,2026-08-06
536,Parker Wotherspoon,hockey|BostonBruins|penguins,137,11736,43,ok,0,false,false,false,0,false,183,1,2026-08-06
537,Macklin Celebrini,hockey|SanJoseSharks,1409,405886,647,ok,0,false,false,false,0,false,1977,70,2026-08-06
538,Ty Dellandrea,hockey|SanJoseSharks,103,7132,43,ok,0,false,false,false,0,false,132,0,2026-08-06
539,William Eklund,hockey|SanJoseSharks,378,41989,177,ok,0,false,false,false,0,false,605,35,2026-08-06
540,Adam Gaudette,hockey|OttawaSenators|SanJoseSharks,176,15181,73,ok,0,false,false,false,0,false,226,0,2026-08-06
541,Barclay Goodrow,hockey|SanJoseSharks,147,9483,66,ok,0,false,false,false,0,false,206,0,2026-08-06
542,Collin Graf,hockey|SanJoseSharks,274,32455,122,ok,0,false,false,false,0,false,329,0,2026-08-06
543,Philipp Kurashev,hockey|hawks|SanJoseSharks,157,9506,71,ok,0,false,false,false,0,false,201,1,2026-08-06
544,Michael Misa,hockey|SanJoseSharks,551,44533,291,ok,0,false,false,false,0,false,804,29,2026-08-06
545,Zack Ostapchuk,hockey|OttawaSenators|SanJoseSharks,114,7449,51,ok,0,false,false,false,0,false,138,0,2026-08-06
546,Ryan Reaves,hockey|SanJoseSharks|leafs,204,31148,139,ok,0,false,false,false,0,false,284,2,2026-08-06
547,Pavol Regenda,hockey|SanJoseSharks,145,13584,73,ok,0,false,false,false,0,false,158,0,2026-08-06
548,Kiefer Sherwood,hockey|SanJoseSharks|canucks,524,61618,314,ok,0,false,false,false,0,false,678,19,2026-08-06
549,Will Smith,hockey|SanJoseSharks,545,65480,262,ok,175,true,false,false,0,false,736,24,2026-08-06
550,Tyler Toffoli,hockey|SanJoseSharks,213,23224,95,ok,0,false,false,false,0,false,329,5,2026-08-06
551,Alexander Wennberg,hockey|SanJoseSharks,253,25634,95,ok,0,false,false,false,0,false,322,5,2026-08-06
552,Vincent Desharnais,hockey|penguins|SanJoseSharks|canucks,136,31015,54,ok,0,false,false,false,0,false,207,0,2026-08-06
553,Sam Dickinson,hockey|SanJoseSharks,314,19363,145,ok,30,true,false,false,0,false,349,4,2026-08-06
554,Mario Ferraro,hockey|SanJoseSharks,194,10177,80,ok,0,false,false,false,0,false,278,2,2026-08-06
555,John Klingberg,hockey|EdmontonOilers|SanJoseSharks,326,32115,169,ok,0,false,false,false,0,false,412,11,2026-08-06
556,Nick Leddy,hockey|SanJoseSharks|stlouisblues,139,11020,84,ok,0,false,false,false,0,false,172,0,2026-08-06
557,Shakir Mukhamadullin,hockey|SanJoseSharks,95,5455,42,ok,0,false,false,false,0,false,129,3,2026-08-06
558,Dmitry Orlov,hockey|canes|SanJoseSharks,274,16403,116,ok,0,false,false,false,0,false,371,12,2026-08-06
559,Matty Beniers,hockey|SeattleKraken,204,12092,72,ok,0,false,false,false,0,false,273,11,2026-08-06
560,Berkly Catton,hockey|SeattleKraken,154,8778,70,ok,0,false,false,false,0,false,204,5,2026-08-06
561,Jordan Eberle,hockey|SeattleKraken,169,9614,57,ok,0,false,false,false,0,false,236,12,2026-08-06
562,Frederick Gaudreau,hockey|wildhockey|SeattleKraken,208,118128,109,ok,0,false,false,false,0,false,413,1,2026-08-06
563,Kaapo Kakko,hockey|rangers|SeattleKraken,215,17160,90,ok,0,false,false,false,0,false,253,1,2026-08-06
564,Jared McCann,hockey|SeattleKraken,159,11239,66,ok,0,false,false,false,0,false,251,8,2026-08-06
565,Bobby McMann,hockey|SeattleKraken|leafs,293,20387,149,ok,0,false,false,false,0,false,381,8,2026-08-06
566,Ben Meyers,hockey|SeattleKraken,61,2316,18,ok,0,false,false,false,0,false,85,0,2026-08-06
567,Jaden Schwartz,hockey|SeattleKraken,99,5574,46,ok,0,false,false,false,0,false,156,2,2026-08-06
568,Chandler Stephenson,hockey|SeattleKraken,139,7179,38,ok,0,false,false,false,0,false,210,6,2026-08-06
569,Eeli Tolvanen,hockey|SeattleKraken,153,10809,41,ok,0,false,false,false,0,false,206,7,2026-08-06
570,Ryan Winterton,hockey|SeattleKraken,82,5343,28,ok,0,false,false,false,0,false,100,1,2026-08-06
571,Shane Wright,hockey|SeattleKraken,108,7440,55,ok,38,true,false,false,0,false,174,2,2026-08-06
572,Vince Dunn,hockey|SeattleKraken,153,8106,56,ok,0,false,false,false,0,false,207,6,2026-08-06
573,Ryker Evans,hockey|SeattleKraken,94,3510,17,ok,17,true,false,false,0,false,116,0,2026-08-06
574,Cale Fleury,hockey|SeattleKraken,34,2804,19,ok,151,true,false,false,0,false,53,0,2026-08-06
575,Adam Larsson,hockey|SeattleKraken,202,9807,49,ok,0,false,false,false,0,false,422,8,2026-08-06
576,Ryan Lindgren,hockey|ColoradoAvalanche|rangers|SeattleKraken,175,18198,73,ok,0,false,false,false,0,false,329,14,2026-08-06
577,Joshua Mahura,hockey|SeattleKraken,30,1508,14,ok,0,false,false,false,0,false,43,0,2026-08-06
578,Brandon Montour,hockey|SeattleKraken,145,13979,57,ok,0,false,false,false,0,false,247,7,2026-08-06
579,Jamie Oleksiak,hockey|SeattleKraken,88,4125,26,ok,0,false,false,false,0,false,122,1,2026-08-06
580,Jonatan Berggren,hockey|DetroitRedWings|stlouisblues,112,5196,50,ok,0,false,false,false,0,false,147,0,2026-08-06
581,Pavel Buchnevich,hockey|stlouisblues,147,7798,47,ok,0,false,false,false,0,false,233,12,2026-08-06
582,Jonathan Drouin,hockey|ColoradoAvalanche|NewYorkIslanders|stlouisblues,178,11550,94,ok,0,false,false,false,0,false,273,2,2026-08-06
583,Dalibor Dvorsky,hockey|stlouisblues,131,7474,56,ok,0,false,false,false,0,false,180,6,2026-08-06
584,Jack Finley,hockey|stlouisblues|TampaBayLightning,93,2706,38,ok,0,false,false,false,0,false,129,1,2026-08-06
585,Dylan Holloway,hockey|stlouisblues,182,10816,93,ok,0,false,false,false,0,false,317,28,2026-08-06
586,Jordan Kyrou,hockey|stlouisblues,228,10503,107,ok,0,false,false,false,0,false,476,16,2026-08-06
587,Jake Neighbours,hockey|stlouisblues,126,7261,52,ok,0,false,false,false,0,false,189,4,2026-08-06
588,Jimmy Snuggerud,hockey|stlouisblues,165,6686,66,ok,0,false,false,false,0,false,228,19,2026-08-06
589,Oskar Sundqvist,hockey|stlouisblues,82,4063,29,ok,0,false,false,false,0,false,120,0,2026-08-06
590,Pius Suter,hockey|stlouisblues|canucks,205,13220,109,ok,0,false,false,false,0,false,318,0,2026-08-06
591,Robert Thomas,hockey|stlouisblues,247,15391,106,ok,116,false,false,false,132,true,475,19,2026-08-06
592,Alexey Toropchenko,hockey|stlouisblues,75,4328,35,ok,0,false,false,false,0,false,105,0,2026-08-06
593,Nathan Walker,hockey|stlouisblues,78,3695,38,ok,86,true,false,false,0,false,91,0,2026-08-06
594,Philip Broberg,hockey|stlouisblues,167,7788,72,ok,0,false,false,false,0,false,258,2,2026-08-06
595,Cam Fowler,hockey|anaheimducks|stlouisblues,191,22825,84,ok,0,false,false,false,0,false,697,19,2026-08-06
596,Justin Holl,hockey|DetroitRedWings|stlouisblues,68,4786,48,ok,0,false,false,false,0,false,91,0,2026-08-06
597,Matthew Kessel,hockey|stlouisblues,66,6909,41,ok,0,false,false,false,0,false,151,1,2026-08-06
598,Logan Mailloux,hockey|Habs|stlouisblues,227,13997,127,ok,0,false,false,false,0,false,283,5,2026-08-06
599,Colton Parayko,hockey|stlouisblues,170,17074,85,ok,0,false,false,false,0,false,279,6,2026-08-06
600,Tyler Tucker,hockey|stlouisblues,117,6247,52,ok,0,false,false,false,0,false,214,0,2026-08-06
601,Oliver Bjorkstrand,hockey|SeattleKraken|TampaBayLightning,157,9505,67,ok,0,false,false,false,0,false,210,8,2026-08-06
602,Anthony Cirelli,hockey|TampaBayLightning,195,12592,81,ok,0,false,false,false,0,false,288,9,2026-08-06
603,Conor Geekie,hockey|TampaBayLightning,93,12028,53,ok,28,true,false,false,0,false,103,0,2026-08-06
604,Zemgus Girgensons,hockey|TampaBayLightning,122,16211,39,ok,0,false,false,false,0,false,166,0,2026-08-06
605,Gage Goncalves,hockey|TampaBayLightning,122,4437,42,ok,0,false,false,false,0,false,161,2,2026-08-06
606,Yanni Gourde,hockey|SeattleKraken|TampaBayLightning,161,11667,66,ok,0,false,false,false,0,false,218,1,2026-08-06
607,Jake Guentzel,hockey|TampaBayLightning,295,54545,112,ok,0,false,false,false,0,false,464,11,2026-08-06
608,Brandon Hagel,hockey|TampaBayLightning,460,77405,185,ok,0,false,false,false,0,false,673,41,2026-08-06
609,Pontus Holmberg,hockey|TampaBayLightning|leafs,201,17890,95,ok,0,false,false,false,0,false,236,0,2026-08-06
610,Dominic James,hockey|TampaBayLightning,58,2595,16,ok,150,false,false,true,32,true,78,0,2026-08-06
611,Nikita Kucherov,hockey|TampaBayLightning,656,69490,221,ok,0,false,false,false,0,false,956,48,2026-08-06
612,Nick Paul,hockey|TampaBayLightning,92,4042,43,ok,288,false,false,true,41,true,137,0,2026-08-06
613,Corey Perry,hockey|EdmontonOilers|losangeleskings|TampaBayLightning,629,107154,347,ok,0,false,false,false,0,false,927,5,2026-08-06
614,Brayden Point,hockey|TampaBayLightning,147,12867,59,ok,0,false,false,true,1646,false,254,24,2026-08-06
615,Scott Sabourin,hockey|SanJoseSharks|TampaBayLightning,101,11993,64,ok,0,false,false,false,0,false,126,0,2026-08-06
616,Declan Carlile,hockey|TampaBayLightning,56,2997,22,ok,0,false,false,false,0,false,68,0,2026-08-06
617,Erik Cernak,hockey|TampaBayLightning,153,11286,64,ok,0,false,false,false,0,false,198,1,2026-08-06
618,Max Crozier,hockey|TampaBayLightning,84,3220,30,ok,0,false,false,false,0,false,103,0,2026-08-06
619,Charle-Edouard D'Astous,hockey|TampaBayLightning,118,3603,41,ok,0,false,false,false,0,false,155,0,2026-08-06
620,Victor Hedman,hockey|TampaBayLightning,221,15067,123,ok,0,false,false,false,0,false,344,46,2026-08-06
621,Emil Lilleberg,hockey|TampaBayLightning,125,4256,42,ok,0,false,false,false,0,false,156,0,2026-08-06
622,Ryan McDonagh,hockey|TampaBayLightning,111,4616,47,ok,0,false,false,false,0,false,168,5,2026-08-06
623,J.J. Moser,hockey|TampaBayLightning,202,13311,75,ok,0,false,false,false,0,false,276,0,2026-08-06
624,Darren Raddysh,hockey|TampaBayLightning,193,8659,72,ok,17,true,false,false,0,false,267,28,2026-08-06
625,Max Domi,hockey|leafs,376,70816,194,ok,0,false,false,false,0,false,495,0,2026-08-06
626,Bo Groulx,hockey|leafs,35,2530,20,ok,0,false,false,false,0,false,47,0,2026-08-06
627,Luke Haymes,hockey|leafs,16,694,12,ok,0,false,false,false,0,false,19,0,2026-08-06
628,Calle Jarnkrok,hockey|leafs,127,8645,69,ok,0,false,false,false,0,false,159,0,2026-08-06
629,Dakota Joshua,hockey|leafs|canucks,180,12638,99,ok,24,false,false,false,8,true,211,0,2026-08-06
630,Matthew Knies,hockey|leafs,480,65853,265,ok,0,false,false,false,0,false,665,21,2026-08-06
631,Steven Lorentz,hockey|leafs,138,10355,75,ok,0,false,false,false,0,false,176,0,2026-08-06
632,Matias Maccelli,hockey|leafs|utahmammoth|UtahHockey,162,10068,63,ok,0,false,false,false,0,false,221,2,2026-08-06
633,Auston Matthews,hockey|leafs,1310,228638,766,ok,0,false,false,false,0,false,1774,64,2026-08-06
634,William Nylander,hockey|leafs,633,73947,344,ok,0,false,false,false,0,false,845,23,2026-08-06
635,Nicholas Robertson,hockey|leafs,93,8097,63,ok,158,true,false,false,0,false,101,0,2026-08-06
636,John Tavares,hockey|leafs,579,54878,323,ok,0,false,false,false,0,false,798,15,2026-08-06
638,Simon Benoit,hockey|leafs,192,30429,99,ok,0,false,false,false,0,false,282,0,2026-08-06
639,Brandon Carlo,hockey|BostonBruins|leafs,215,20144,130,ok,0,false,false,false,0,false,261,1,2026-08-06
640,Oliver Ekman-Larsson,hockey|leafs,162,12864,45,ok,0,false,false,false,0,false,254,4,2026-08-06
641,Jake McCabe,hockey|leafs,188,17211,89,ok,0,false,false,false,0,false,264,6,2026-08-06
642,Philippe Myers,hockey|leafs,66,3954,29,ok,17,true,false,false,0,false,82,0,2026-08-06
643,Morgan Rielly,hockey|leafs,280,24805,142,ok,0,false,false,false,0,false,373,17,2026-08-06
644,Troy Stecher,hockey|EdmontonOilers|leafs,123,10084,62,ok,0,false,false,false,0,false,164,0,2026-08-06
645,Chris Tanev,hockey|leafs,153,18201,108,ok,32,true,false,false,0,false,173,0,2026-08-06
646,Andrew Agozzino,hockey|utahmammoth|UtahHockey,6,182,3,ok,0,false,false,false,0,false,9,0,2026-08-06
647,Daniil But,hockey|utahmammoth|UtahHockey,30,1016,13,ok,0,false,false,true,4300,false,66,0,2026-08-06
648,Michael Carcone,hockey|utahmammoth|UtahHockey,56,1233,9,ok,0,false,false,false,0,false,103,0,2026-08-06
649,Logan Cooley,hockey|utahmammoth|UtahHockey,171,27431,52,ok,0,false,false,false,0,false,450,50,2026-08-06
650,Lawson Crouse,hockey|utahmammoth|UtahHockey,62,1450,9,ok,0,false,false,false,0,false,118,2,2026-08-06
651,Dylan Guenther,hockey|utahmammoth|UtahHockey,113,6430,26,ok,0,false,false,false,0,false,192,12,2026-08-06
652,Barrett Hayton,hockey|utahmammoth|UtahHockey,54,1061,9,ok,0,false,false,false,0,false,100,6,2026-08-06
653,Clayton Keller,hockey|utahmammoth|UtahHockey,221,66621,70,ok,0,false,false,false,0,false,335,25,2026-08-06
654,Alexander Kerfoot,hockey|utahmammoth|UtahHockey,25,1178,7,ok,0,false,false,false,0,false,50,0,2026-08-06
655,Jack McBain,hockey|utahmammoth|UtahHockey,59,3491,17,ok,0,false,false,false,0,false,120,8,2026-08-06
656,Ben McCartney,hockey|utahmammoth|UtahHockey,2,30,1,ok,0,false,false,false,0,false,5,0,2026-08-06
657,Liam O'Brien,hockey|utahmammoth|UtahHockey,65,3172,26,ok,0,false,false,false,0,false,182,6,2026-08-06
658,JJ Peterka,hockey|sabres|utahmammoth|UtahHockey,193,13291,94,ok,0,false,false,false,0,false,365,8,2026-08-06
659,Kevin Rooney,hockey|CalgaryFlames|utahmammoth|UtahHockey,28,5076,20,ok,0,false,false,false,0,false,61,0,2026-08-06
660,Nick Schmaltz,hockey|utahmammoth|UtahHockey,94,4134,25,ok,0,false,false,false,0,false,190,23,2026-08-06
661,Kevin Stenlund,hockey|utahmammoth|UtahHockey,34,2460,6,ok,0,false,false,false,0,false,91,3,2026-08-06
662,Brandon Tanev,hockey|SeattleKraken|utahmammoth|UtahHockey|winnipegjets,56,8247,28,ok,37,true,false,false,0,false,93,0,2026-08-06
663,Kailer Yamamoto,hockey|utahmammoth|UtahHockey,37,1042,7,ok,0,false,false,false,0,false,74,1,2026-08-06
664,Ian Cole,hockey|utahmammoth|UtahHockey,53,2455,14,ok,97,false,false,false,439,true,99,0,2026-08-06
665,Nick DeSimone,hockey|utahmammoth|UtahHockey,23,1146,8,ok,0,false,false,false,0,false,41,0,2026-08-06
666,Sean Durzi,hockey|utahmammoth|UtahHockey,53,2460,14,ok,0,false,false,false,0,false,103,4,2026-08-06
667,Maveric Lamoureux,hockey|utahmammoth|UtahHockey,6,825,5,ok,0,false,false,false,0,false,11,1,2026-08-06
668,John Marino,hockey|utahmammoth|UtahHockey,54,2076,9,ok,0,false,false,false,0,false,106,0,2026-08-06
669,Scott Perunovich,hockey|NewYorkIslanders|stlouisblues,13,675,12,ok,0,false,false,false,0,false,16,0,2026-08-06
670,Nate Schmidt,hockey|FloridaPanthers|utahmammoth|UtahHockey,162,10735,55,ok,0,false,false,false,0,false,287,2,2026-08-06
671,Mikhail Sergachev,hockey|utahmammoth|UtahHockey,99,11787,28,ok,0,false,false,false,0,false,198,14,2026-08-06
672,Dmitri Simashev,hockey|utahmammoth|UtahHockey,21,630,10,ok,0,false,false,false,0,false,43,1,2026-08-06
673,Maksymilian Szuber,hockey|utahmammoth|UtahHockey,0,0,0,ok,0,false,false,false,0,false,1,0,2026-08-06
674,MacKenzie Weegar,hockey|CalgaryFlames|utahmammoth|UtahHockey,156,14718,77,ok,0,false,false,false,0,false,254,27,2026-08-06
675,Nils Aman,hockey|canucks,18,1346,15,ok,0,false,false,false,0,false,21,0,2026-08-06
676,Teddy Blueger,hockey|canucks,143,9708,92,ok,0,false,false,false,0,false,173,0,2026-08-06
677,Brock Boeser,hockey|canucks,414,60874,258,ok,0,false,false,false,0,false,603,7,2026-08-06
678,Filip Chytil,hockey|rangers|canucks,220,17917,158,ok,0,false,false,false,0,false,235,2,2026-08-06
679,Jake DeBrusk,hockey|canucks,222,16326,140,ok,0,false,false,false,0,false,300,8,2026-08-06
680,Curtis Douglas,hockey|TampaBayLightning|canucks,117,9666,52,ok,0,false,false,false,0,false,154,1,2026-08-06
681,Nils Hoglander,hockey|canucks,119,7974,86,ok,0,false,false,false,0,false,137,0,2026-08-06
682,Evander Kane,hockey|canucks,444,54663,282,ok,109,true,false,false,0,false,630,7,2026-08-06
683,Linus Karlsson,hockey|canucks,143,10473,75,ok,57,true,false,false,0,false,169,0,2026-08-06
684,Drew O'Connor,hockey|penguins|canucks,107,4971,55,ok,33,true,false,false,0,false,145,1,2026-08-06
685,Liam Ohgren,hockey|wildhockey|canucks,201,19301,124,ok,0,false,false,false,0,false,241,2,2026-08-06
686,Elias Pettersson,hockey|canucks,0,0,0,unmeasurable,433,true,true,false,0,false,0,0,2026-08-06
687,Aatu Räty,hockey|canucks,145,12412,100,ok,0,false,false,false,0,false,182,3,2026-08-06
688,Marco Rossi,hockey|wildhockey|canucks,444,34818,227,ok,0,false,false,false,0,false,616,17,2026-08-06
689,Max Sasson,hockey|canucks,110,10531,60,ok,0,false,false,false,0,false,134,0,2026-08-06
690,Zeev Buium,hockey|wildhockey|canucks,353,39213,187,ok,0,false,false,false,0,false,521,53,2026-08-06
691,Derek Forbort,hockey|canucks,58,3954,52,ok,0,false,false,false,0,false,62,0,2026-08-06
692,Filip Hronek,hockey|canucks,253,18768,148,ok,0,false,false,false,0,false,333,5,2026-08-06
693,Pierre-Olivier Joseph,hockey|penguins|stlouisblues|canucks,41,2231,37,ok,90,true,false,false,0,false,51,0,2026-08-06
694,Victor Mancini,hockey|rangers|canucks,118,10442,82,ok,0,false,false,false,0,false,127,0,2026-08-06
695,Elias Pettersson,hockey|canucks,0,0,0,unmeasurable,433,true,true,false,0,false,0,0,2026-08-06
696,Marcus Pettersson,hockey|penguins|canucks,94,5724,49,ok,433,true,false,false,0,false,124,0,2026-08-06
697,Tom Willander,hockey|canucks,188,15629,128,ok,0,false,false,false,0,false,233,0,2026-08-06
698,Ivan Barbashev,hockey|goldenknights,200,5575,33,ok,0,false,false,false,0,false,271,9,2026-08-06
699,Braeden Bowman,hockey|goldenknights,137,6671,36,ok,0,false,false,false,0,false,343,11,2026-08-06
700,Pavel Dorofeyev,hockey|goldenknights,221,8799,44,ok,0,false,false,false,0,false,305,14,2026-08-06
701,Nic Dowd,hockey|goldenknights|caps,189,9151,72,ok,0,false,false,false,0,false,247,1,2026-08-06
702,Jack Eichel,hockey|goldenknights,406,24383,138,ok,0,false,false,false,0,false,705,46,2026-08-06
703,Tomas Hertl,hockey|goldenknights,240,13707,59,ok,0,false,false,false,0,false,374,11,2026-08-06
704,Alexander Holtz,hockey|goldenknights,57,1332,16,ok,0,false,false,false,0,false,87,0,2026-08-06
705,Brett Howden,hockey|goldenknights,166,4955,31,ok,0,false,false,false,0,false,215,1,2026-08-06
706,William Karlsson,hockey|goldenknights,83,4072,37,ok,65,true,false,false,0,false,110,0,2026-08-06
707,Keegan Kolesar,hockey|goldenknights,144,5528,22,ok,0,false,false,false,0,false,185,0,2026-08-06
708,Tanner Laczynski,hockey|goldenknights,18,511,7,ok,0,false,false,false,0,false,28,0,2026-08-06
709,Raphael Lavoie,hockey|goldenknights,22,4978,12,ok,0,false,false,false,0,false,49,0,2026-08-06
710,Mitch Marner,hockey|leafs|goldenknights,1457,257632,815,ok,0,false,false,false,0,false,2238,67,2026-08-06
711,Jonas Rondbjerg,hockey|goldenknights,12,611,8,ok,0,false,false,false,0,false,15,0,2026-08-06
712,Brandon Saad,hockey|stlouisblues|goldenknights,127,4371,26,ok,0,false,false,false,0,false,170,2,2026-08-06
713,Colton Sissons,hockey|Predators|goldenknights,131,5097,29,ok,0,false,false,false,0,false,150,0,2026-08-06
714,Cole Smith,hockey|Predators|goldenknights,197,5220,27,ok,269,true,false,false,0,false,228,1,2026-08-06
715,Reilly Smith,hockey|rangers|goldenknights,53,8789,19,ok,236,true,false,false,0,false,70,0,2026-08-06
716,Mark Stone,hockey|goldenknights,314,38079,113,ok,0,false,false,false,0,false,616,33,2026-08-06
717,Kai Uchacz,hockey|goldenknights,9,191,7,ok,0,false,false,false,0,false,9,0,2026-08-06
718,Rasmus Andersson,hockey|CalgaryFlames|goldenknights,308,22517,116,ok,0,false,false,false,0,false,484,11,2026-08-06
719,Dylan Coghlan,hockey|goldenknights|winnipegjets,10,274,9,ok,0,false,false,false,0,false,14,0,2026-08-06
720,Jeremy Davies,hockey|goldenknights,8,367,7,ok,0,false,false,false,0,false,11,0,2026-08-06
721,Noah Hanifin,hockey|goldenknights,138,5758,33,ok,0,false,false,false,0,false,197,9,2026-08-06
722,Ben Hutton,hockey|goldenknights,90,2097,15,ok,0,false,false,false,0,false,119,0,2026-08-06
723,Kaedan Korczak,hockey|goldenknights,109,2324,20,ok,0,false,false,false,0,false,140,0,2026-08-06
724,Jeremy Lauzon,hockey|Predators|goldenknights,161,4171,34,ok,0,false,false,false,0,false,201,17,2026-08-06
725,Brayden McNabb,hockey|goldenknights,153,7721,32,ok,0,false,false,false,0,false,199,2,2026-08-06
726,Jaycob Megna,hockey|FloridaPanthers|goldenknights,10,381,7,ok,0,false,false,false,0,false,19,0,2026-08-06
727,Shea Theodore,hockey|goldenknights,221,12558,58,ok,0,false,false,false,0,false,318,22,2026-08-06
728,Anthony Beauvillier,hockey|penguins|caps,138,6912,42,ok,0,false,false,false,0,false,217,0,2026-08-06
729,Pierre-Luc Dubois,hockey|caps,135,10001,55,ok,0,false,false,false,0,false,201,12,2026-08-06
730,Brandon Duhaime,hockey|caps,132,12431,45,ok,0,false,false,false,0,false,196,0,2026-08-06
731,Ethen Frank,hockey|caps,107,4148,42,ok,139,false,false,false,109,true,132,3,2026-08-06
732,David Kampf,hockey|leafs|canucks|caps,151,11658,109,ok,0,false,false,false,0,false,192,0,2026-08-06
733,Hendrix Lapierre,hockey|caps,103,3086,42,ok,0,false,false,false,0,false,167,0,2026-08-06
734,Ryan Leonard,hockey|caps,316,20101,123,ok,0,false,false,false,0,false,476,15,2026-08-06
735,Connor McMichael,hockey|caps,198,17672,75,ok,0,false,false,false,0,false,254,3,2026-08-06
736,Ivan Miroshnichenko,hockey|caps,38,1461,20,ok,0,false,false,false,0,false,46,0,2026-08-06
737,Alex Ovechkin,hockey|caps,799,163580,348,ok,0,false,false,false,0,false,1168,10,2026-08-06
738,Aliaksei Protas,hockey|caps,113,5009,24,ok,138,true,false,false,0,false,159,4,2026-08-06
739,Ilya Protas,hockey|caps,39,2846,33,ok,138,true,false,false,0,false,44,1,2026-08-06
740,Justin Sourdif,hockey|FloridaPanthers|caps,174,10938,63,ok,0,false,false,false,0,false,219,1,2026-08-06
741,Dylan Strome,hockey|caps,156,25957,89,ok,101,true,false,false,0,false,193,8,2026-08-06
742,Tom Wilson,hockey|caps,500,100642,231,ok,79,true,false,false,0,false,750,12,2026-08-06
743,Declan Chisholm,hockey|wildhockey|caps,73,2637,36,ok,0,false,false,false,0,false,97,0,2026-08-06
744,Jakob Chychrun,hockey|caps,215,10330,77,ok,0,false,false,false,0,false,313,18,2026-08-06
745,Martin Fehérváry,hockey|caps,112,5740,41,ok,0,false,false,false,0,false,160,0,2026-08-06
746,Cole Hutson,hockey|caps,132,18404,74,ok,142,true,false,false,0,false,195,8,2026-08-06
747,Timothy Liljegren,hockey|SanJoseSharks|leafs|caps,118,7352,54,ok,0,false,false,false,0,false,145,0,2026-08-06
748,Dylan McIlrath,hockey|caps,30,1231,19,ok,0,false,false,false,0,false,42,0,2026-08-06
749,Matt Roy,hockey|caps,100,2575,32,ok,136,true,false,false,0,false,202,4,2026-08-06
750,Rasmus Sandin,hockey|caps,167,9019,50,ok,0,false,false,false,0,false,322,8,2026-08-06
751,Trevor van Riemsdyk,hockey|caps,69,1878,17,ok,9,true,false,false,0,false,100,0,2026-08-06
752,Morgan Barron,hockey|winnipegjets,167,10785,33,ok,16,true,false,false,0,false,201,2,2026-08-06
753,Nikita Chibrikov,hockey|winnipegjets,54,4400,18,ok,0,false,false,false,0,false,59,0,2026-08-06
754,Kyle Connor,hockey|winnipegjets,364,39670,131,ok,325,false,false,true,850,true,506,14,2026-08-06
755,Alex Iafallo,hockey|winnipegjets,158,8150,24,ok,0,false,false,false,0,false,200,2,2026-08-06
756,Cole Koepke,hockey|BostonBruins|winnipegjets,132,5141,15,ok,0,false,false,false,0,false,158,0,2026-08-06
757,Adam Lowry,hockey|winnipegjets,237,35187,72,ok,0,false,false,false,0,false,313,0,2026-08-06
758,Vladislav Namestnikov,hockey|winnipegjets,162,9209,28,ok,0,false,false,false,0,false,206,0,2026-08-06
759,Nino Niederreiter,hockey|winnipegjets,181,12591,26,ok,0,false,false,false,0,false,239,1,2026-08-06
760,Gustav Nyquist,hockey|wildhockey|Predators|winnipegjets,163,8780,48,ok,0,false,false,false,0,false,201,0,2026-08-06
761,Cole Perfetti,hockey|winnipegjets,217,27356,65,ok,0,false,false,false,0,false,273,8,2026-08-06
762,Isak Rosen,hockey|sabres|winnipegjets,136,12074,54,ok,0,false,false,false,0,false,204,0,2026-08-06
763,Mark Scheifele,hockey|winnipegjets,414,79707,146,ok,0,false,false,false,0,false,590,8,2026-08-06
764,Jonathan Toews,hockey|winnipegjets,259,30361,85,ok,53,true,false,false,0,false,370,1,2026-08-06
765,Gabriel Vilardi,hockey|winnipegjets,234,11843,57,ok,0,false,false,false,0,false,332,12,2026-08-06
766,Jacob Bryson,hockey|sabres|winnipegjets,117,5826,32,ok,0,false,false,false,0,false,134,0,2026-08-06
767,Dylan DeMelo,hockey|winnipegjets,171,8945,28,ok,0,false,false,false,0,false,222,1,2026-08-06
768,Haydn Fleury,hockey|winnipegjets,136,10508,24,ok,154,true,false,false,0,false,162,0,2026-08-06
769,Ville Heinola,hockey|winnipegjets,51,2735,15,ok,0,false,false,false,0,false,54,0,2026-08-06
770,Colin Miller,hockey|winnipegjets,121,6639,15,ok,138,true,false,false,0,false,139,2,2026-08-06
771,Josh Morrissey,hockey|winnipegjets,233,15745,63,ok,0,false,false,false,0,false,324,21,2026-08-06
772,Neal Pionk,hockey|winnipegjets,166,10314,34,ok,0,false,false,false,0,false,218,5,2026-08-06
773,Elias Salomonsson,hockey|winnipegjets,78,3236,15,ok,0,false,false,false,0,false,90,1,2026-08-06
774,Dylan Samberg,hockey|winnipegjets,169,10403,35,ok,0,false,false,false,0,false,202,2,2026-08-06
