player_id,full_name,nhl_player_id,wikipedia_slug_chosen,wikidata_qid,wiki_match,wd_label,wd_nhl_id,wd_birth,nhl_birth,verdict
1,Leo Carlsson,8484153,Leo_Carlsson,Q115703445,occupation,Leo Carlsson,8484153,2004,,ok_nhl_id
2,Nathan Gaucher,8483444,Nathan_Gaucher,Q112967545,occupation,Nathan Gaucher,8483444,2003,,ok_nhl_id
3,Cutter Gauthier,8483445,Cutter_Gauthier,Q81903054,occupation,Cutter Gauthier,8483445,2004,,ok_nhl_id
4,Mikael Granlund,8475798,Mikael_Granlund,Q520141,occupation,Mikael Granlund,8475798,1992,,ok_nhl_id
5,Jansen Harkins,8478424,Jansen_Harkins,Q20066440,occupation,Jansen Harkins,8478424,1997,,ok_nhl_id
6,Ross Johnston,8477527,Ross_Johnston,Q24006114,occupation,Ross Johnston,8477527,1994,,ok_nhl_id
7,Alex Killorn,8473986,Alex_Killorn,Q4719307,occupation,Alexander Killorn,8473986,1989,,ok_nhl_id
8,Chris Kreider,8475184,Chris_Kreider,Q465017,occupation,Chris Kreider,8475184,1991,,ok_nhl_id
9,Mason McTavish,8482745,Mason_McTavish,Q107684199,occupation,Mason McTavish,8482745,2003,,ok_nhl_id
10,Ryan Poehling,8480068,Ryan_Poehling,Q30538929,occupation,Ryan Poehling,8480068,1999,,ok_nhl_id
11,Beckett Sennecke,8484762,Beckett_Sennecke,Q126930004,occupation,Beckett Sennecke,8484762,2006,,ok_nhl_id
12,Troy Terry,8478873,Troy_Terry,Q21600096,occupation,Troy Terry,8478873,1997,,ok_nhl_id
13,Frank Vatrano,8478366,Frank_Vatrano,Q21484331,occupation,Frank Vatrano,8478366,1994,,ok_nhl_id
14,Jeffrey Viel,8479705,Jeffrey_Viel,Q106291776,occupation,Jeffrey Viel,8479705,1997,,ok_nhl_id
15,Tim Washe,8485512,Tim_Washe,Q133885139,occupation,Tim Washe,8485512,2001,,ok_nhl_id
16,John Carlson,8474590,John_Carlson_(ice_hockey),Q1364621,occupation,John Carlson,8474590,1990,,ok_nhl_id
17,Radko Gudas,8475462,Radko_Gudas,Q3501342,occupation,Radko Gudas,8475462,1990,,ok_nhl_id
18,Drew Helleson,8481563,Drew_Helleson,Q110553837,occupation,Drew Helleson,8481563,2001,,ok_nhl_id
19,Tyson Hinds,8482731,,,none,,,,,unverified
20,Jackson LaCombe,8481605,Jackson_LaCombe,Q108556047,occupation,Jackson LaCombe,8481605,2001,,ok_nhl_id
21,Pavel Mintyukov,8483490,Pavel_Mintyukov,Q112967556,occupation,Pavel Mintyukov,8483490,2003,,ok_nhl_id
22,Ian Moore,8482178,Ian_Moore_(ice_hockey),Q133869438,occupation,Ian Moore,8482178,2002,,ok_nhl_id
23,Jacob Trouba,8476885,Jacob_Trouba,Q3133586,occupation,Jacob Trouba,8476885,1994,,ok_nhl_id
24,Olen Zellweger,8482803,Olen_Zellweger,Q124350295,occupation,Olen Zellweger,8482803,2003,,ok_nhl_id
25,Viktor Arvidsson,8478042,Viktor_Arvidsson,Q2645491,occupation,Viktor Arvidsson,8478042,1993,,ok_nhl_id
26,Michael Eyssimont,8479591,Mikey_Eyssimont,Q111588813,occupation,Michael Eyssimont,8479591,1996,,ok_nhl_id
27,Morgan Geekie,8479987,Morgan_Geekie,Q87355712,occupation,Morgan Geekie,8479987,1998,,ok_nhl_id
28,James Hagens,8485395,James_Hagens,Q124303296,occupation,James Hagens,,2006,2006,ok_dob
29,Tanner Jeannot,8479661,Tanner_Jeannot,Q105741085,occupation,Tanner Jeannot,8479661,1997,,ok_nhl_id
30,Mark Kastelic,8480355,Mark_Kastelic,Q110751049,occupation,Mark Kastelic,8480355,1999,,ok_nhl_id
31,Marat Khusnutdinov,8482177,Marat_Khusnutdinov,Q100166282,occupation,Marat Khusnutdinov,8482177,2002,,ok_nhl_id
32,Sean Kuraly,8476374,Sean_Kuraly,Q27702898,occupation,Sean Kuraly,8476374,1993,,ok_nhl_id
33,Elias Lindholm,8477496,Elias_Lindholm,Q3050933,occupation,Elias Lindholm,8477496,1994,,ok_nhl_id
34,Fraser Minten,8483489,Fraser_Minten,Q115176275,occupation,Fraser Minten,8483489,2004,,ok_nhl_id
35,Casey Mittelstadt,8479999,Casey_Mittelstadt,Q28154979,occupation,Casey Mittelstadt,8479999,1998,,ok_nhl_id
36,David Pastrnak,8477956,David_Pastrňák,Q16224594,occupation,David Pastrňák,8477956,1996,,ok_nhl_id
37,Lukas Reichel,8482117,Lukas_Reichel,Q70006257,occupation,Lukas Reichel,8482117,2002,,ok_nhl_id
38,Alex Steeves,8482634,Alex_Steeves,Q109984157,occupation,Alex Steeves,8482634,1999,,ok_nhl_id
39,Pavel Zacha,8478401,Pavel_Zacha,Q16225756,occupation,Pavel Zacha,8478401,1997,,ok_nhl_id
40,Jonathan Aspirot,8481219,Jonathan_Aspirot,Q90428177,occupation,Jonathan Aspirot,8481219,1999,,ok_nhl_id
41,Jordan Harris,8480887,Jordan_Harris_(ice_hockey),Q111473583,occupation,Jordan Harris,8480887,2000,,ok_nhl_id
42,Henri Jokiharju,8480035,Henri_Jokiharju,Q24827212,occupation,Henri Jokiharju,8480035,1999,,ok_nhl_id
43,Hampus Lindholm,8476854,Hampus_Lindholm,Q3077684,occupation,Hampus Lindholm,8476854,1994,,ok_nhl_id
44,Mason Lohrei,8482511,Mason_Lohrei,Q112150988,occupation,Mason Lohrei,8482511,2001,,ok_nhl_id
45,Charlie McAvoy,8479325,Charlie_McAvoy,Q23926004,occupation,Charles McAvoy,8479325,1997,,ok_nhl_id
46,Andrew Peeke,8479369,Andrew_Peeke,Q77579782,occupation,Andrew Peeke,8479369,1998,,ok_nhl_id
47,Nikita Zadorov,8477507,Nikita_Zadorov,Q3341513,occupation,Nikita Zadorov,8477507,1995,,ok_nhl_id
48,Zach Benson,8484145,Zach_Benson,Q120015681,occupation,Zach Benson,8484145,2005,,ok_nhl_id
49,Sam Carrick,8475842,Sam_Carrick,Q18448664,occupation,Sam Carrick,8475842,1992,,ok_nhl_id
50,Justin Danforth,8479941,Justin_Danforth,Q16228493,occupation,Justin Danforth,8479941,1993,,ok_nhl_id
51,Josh Doan,8482659,Josh_Doan,Q107637219,occupation,Josh Doan,8482659,2002,,ok_nhl_id
52,Josh Dunne,8482623,Josh_Dunne,Q106518567,occupation,Josh Dunne,8482623,1998,,ok_nhl_id
53,Jordan Greenway,8478413,Jordan_Greenway,Q20066659,occupation,Jordan Greenway,8478413,1997,,ok_nhl_id
54,Konsta Helenius,8484797,Konsta_Helenius,Q115777734,occupation,Konsta Helenius,8484797,2006,,ok_nhl_id
55,Tyson Kozak,8482896,Tyson_Kozak,Q131397916,occupation,Tyson Kozak,8482896,2002,,ok_nhl_id
56,Peyton Krebs,8481522,Peyton_Krebs,Q64781760,occupation,Peyton Krebs,8481522,2001,,ok_nhl_id
57,Jiri Kulich,8483468,Jiří_Kulich,Q110281931,occupation,Jiří Kulich,8483468,2004,,ok_nhl_id
58,Beck Malenstyn,8479359,Beck_Malenstyn,Q75842732,occupation,Beck Malenstyn,8479359,1998,,ok_nhl_id
59,Ryan McLeod,8480802,Ryan_McLeod,Q106627447,occupation,Ryan McLeod,8480802,1999,,ok_nhl_id
60,Josh Norris,8480064,Josh_Norris,Q30542583,occupation,Josh Norris,8480064,1999,,ok_nhl_id
61,Noah Ostlund,8483500,Noah_Östlund,Q112967549,occupation,Noah Östlund,8483500,2004,,ok_nhl_id
62,Tanner Pearson,8476871,Tanner_Pearson,Q3515234,occupation,Tanner Pearson,8476871,1992,,ok_nhl_id
63,Jack Quinn,8482097,Jack_Quinn_(ice_hockey),Q100149533,occupation,Jack Quinn,8482097,2001,,ok_nhl_id
64,Tage Thompson,8479420,Tage_Thompson,Q24805735,occupation,Tage Thompson,8479420,1997,,ok_nhl_id
65,Alex Tuch,8477949,Alex_Tuch,Q17181019,occupation,Alex Tuch,8477949,1996,,ok_nhl_id
66,Jason Zucker,8475722,Jason_Zucker,Q1684008,occupation,Jason Zucker,8475722,1992,,ok_nhl_id
67,Bowen Byram,8481524,Bowen_Byram,Q64736735,occupation,Bowen Byram,8481524,2001,,ok_nhl_id
68,Rasmus Dahlin,8480839,Rasmus_Dahlin,Q27839454,occupation,Rasmus Dahlin,8480839,2000,,ok_nhl_id
69,Ryan Johnson,8481564,"Ryan_Johnson_(ice_hockey,_born_2001)",Q65030547,nhl_id,Ryan Johnson,8481564,2001,,ok_nhl_id
70,Michael Kesselring,8480891,Michael_Kesselring,Q116977379,occupation,Michael Kesselring,8480891,2000,,ok_nhl_id
71,Zach Metsa,8484305,Zach_Metsa,Q111547990,occupation,Zach Metsa,8484305,1998,,ok_nhl_id
72,Owen Power,8482671,Owen_Power,Q102226150,occupation,Owen Power,8482671,2002,,ok_nhl_id
73,Mattias Samuelsson,8480807,Mattias_Samuelsson,Q56301360,occupation,Mattias Samuelsson,8480807,2000,,ok_nhl_id
74,Luke Schenn,8474568,Luke_Schenn,Q1390315,occupation,Luke Schenn,8474568,1989,,ok_nhl_id
75,Logan Stanley,8479378,Logan_Stanley,Q24804710,occupation,Logan Stanley,8479378,1998,,ok_nhl_id
76,Conor Timmins,8479982,Conor_Timmins,Q69818578,occupation,Conor Timmins,8479982,1998,,ok_nhl_id
77,Mikael Backlund,8474150,Mikael_Backlund,Q1286038,occupation,Mikael Backlund,8474150,1989,,ok_nhl_id
78,John Beecher,8481556,John_Beecher_(ice_hockey),Q65030545,occupation,John Beecher,8481556,2001,,ok_nhl_id
79,Blake Coleman,8476399,Blake_Coleman,Q8840022,occupation,Blake Coleman,8476399,1991,,ok_nhl_id
80,Matt Coronato,8482679,Matt_Coronato,Q107630709,occupation,Matthew Coronato,8482679,2002,,ok_nhl_id
81,Joel Farabee,8480797,Joel_Farabee,Q55176953,occupation,Joel Farabee,8480797,2000,,ok_nhl_id
82,Morgan Frost,8480028,Morgan_Frost,Q30572123,occupation,Morgan Frost,8480028,1999,,ok_nhl_id
83,Matvei Gridin,8484860,Matvei_Gridin,Q126932921,occupation,Matvei Gridin,8484860,2006,,ok_nhl_id
84,Tyson Gross,8486056,Tyson_Gross,Q138774598,occupation,Tyson Gross,8486056,200,,ok_nhl_id
85,Samuel Honzek,8484180,Samuel_Honzek,Q110276609,occupation,Samuel Honzek,8484180,2004,,ok_nhl_id
86,Jonathan Huberdeau,8476456,Jonathan_Huberdeau,Q984221,occupation,Jonathan Huberdeau,8476456,1993,,ok_nhl_id
87,Rory Kerins,8482209,Rory_Kerins,Q122477016,occupation,Rory Kerins,8482209,2002,,ok_nhl_id
88,Adam Klapka,8483609,Adam_Klapka,Q118247936,occupation,Adam Klapka,8483609,2000,,ok_nhl_id
89,Ryan Lomberg,8479066,Ryan_Lomberg,Q47505541,occupation,Ryan Lomberg,8479066,1994,,ok_nhl_id
90,Victor Olofsson,8478109,Victor_Olofsson,Q16224490,occupation,Victor Olofsson,8478109,1995,,ok_nhl_id
91,Martin Pospisil,8481028,Martin_Pospíšil_(ice_hockey),Q98605613,occupation,Martin Pospíšil,8481028,1999,,ok_nhl_id
92,Yegor Sharangovich,8481068,Yegor_Sharangovich,Q29788539,occupation,Yegor Sharangovich,8481068,1998,,ok_nhl_id
93,Ryan Strome,8476458,Ryan_Strome,Q984027,occupation,Ryan Strome,8476458,1993,,ok_nhl_id
94,Aydar Suniev,8484234,Aydar_Suniev,Q133895581,occupation,Aydar Suniev,8484234,2004,,ok_nhl_id
95,Connor Zary,8482074,Connor_Zary,Q100150920,occupation,Connor Zary,8482074,2001,,ok_nhl_id
96,Kevin Bahl,8480860,Kevin_Bahl,Q79885347,occupation,Kevin Bahl,8480860,2000,,ok_nhl_id
97,Jake Bean,8479402,Jake_Bean,Q23880275,occupation,Jake Bean,8479402,1998,,ok_nhl_id
98,Hunter Brzustewicz,8484150,Hunter_Brzustewicz,Q81902087,occupation,Hunter Brzustewicz,8484150,2004,,ok_nhl_id
99,Joel Hanley,8477810,Joel_Hanley,Q23728749,occupation,Joel Hanley,8477810,1991,,ok_nhl_id
100,Yan Kuznetsov,8482165,Yan_Kuznetsov,Q122477025,occupation,Yan Kuznetsov,8482165,2002,,ok_nhl_id
101,Olli Maatta,8476874,Olli_Määttä,Q3351500,occupation,Olli Määttä,8476874,1994,,ok_nhl_id
102,Brayden Pachal,8481167,Brayden_Pachal,Q110810885,occupation,Brayden Pachal,8481167,1999,,ok_nhl_id
103,Zayne Parekh,8484768,Zayne_Parekh,Q124809440,occupation,Zayne Parekh,8484768,2006,,ok_nhl_id
104,Zach Whitecloud,8480727,Zach_Whitecloud,Q51954829,occupation,Zach Whitecloud,8480727,1996,,ok_nhl_id
105,Abram Wiebe,8483709,,,none,,,,,unverified
106,Sebastian Aho,8478427,Sebastian_Aho,Q16158994,occupation,Sebastian Aho,8478427,1997,,ok_nhl_id
107,Jackson Blake,8482809,Jackson_Blake,Q125102952,occupation,Jackson Blake,8482809,2003,,ok_nhl_id
108,William Carrier,8477478,William_Carrier,Q16200683,occupation,William Carrier,8477478,1994,,ok_nhl_id
109,Nicolas Deslauriers,8475235,Nicolas_Deslauriers,Q15964625,occupation,Nicolas Deslauriers,8475235,1991,,ok_nhl_id
110,Nikolaj Ehlers,8477940,Nikolaj_Ehlers,Q15823679,occupation,Nikolaj Ehlers,8477940,1996,,ok_nhl_id
111,Taylor Hall,8475791,Taylor_Hall,Q721993,occupation,Taylor Hall,8475791,1991,,ok_nhl_id
112,Mark Jankowski,8476873,Mark_Jankowski,Q59402,occupation,Mark Jankowski,8476873,1994,,ok_nhl_id
113,Seth Jarvis,8482093,Seth_Jarvis,Q100149493,occupation,Seth Jarvis,8482093,2002,,ok_nhl_id
114,Jesperi Kotkaniemi,8480829,Jesperi_Kotkaniemi,Q39400296,occupation,Jesperi Kotkaniemi,8480829,2000,,ok_nhl_id
115,Jordan Martinook,8476921,Jordan_Martinook,Q16229653,occupation,Jordan Martinook,8476921,1992,,ok_nhl_id
116,Eric Robinson,8480762,Eric_Robinson_(ice_hockey),Q52702779,occupation,Eric Robinson,8480762,1995,,ok_nhl_id
117,Jordan Staal,8473533,Jordan_Staal,Q447270,occupation,Jordan Staal,8473533,1988,,ok_nhl_id
118,Logan Stankoven,8482702,Logan_Stankoven,Q112801080,occupation,Logan Stankoven,8482702,2003,,ok_nhl_id
119,Andrei Svechnikov,8480830,Andrei_Svechnikov,Q34489864,occupation,Andrei Svechnikov,8480830,2000,,ok_nhl_id
120,Jalen Chatfield,8478970,Jalen_Chatfield,Q104975388,occupation,Jalen Chatfield,8478970,1996,,ok_nhl_id
121,Shayne Gostisbehere,8476906,Shayne_Gostisbehere,Q16228901,occupation,Shayne Gostisbehere,8476906,1993,,ok_nhl_id
122,K'Andre Miller,8480817,K'Andre_Miller,Q55183451,occupation,K'Andre Miller,8480817,2000,,ok_nhl_id
123,Alexander Nikishin,8482100,Alexander_Nikishin,Q89889168,occupation,Alexander Nikishin,8482100,2001,,ok_nhl_id
124,Mike Reilly,8476422,Mike_Reilly_(ice_hockey),Q16224772,occupation,Mike Reilly,8476422,1993,,ok_nhl_id
125,Jaccob Slavin,8476958,Jaccob_Slavin,Q21045691,occupation,Jaccob Slavin,8476958,1994,,ok_nhl_id
126,Sean Walker,8480336,Sean_Walker_(ice_hockey),Q57758280,occupation,Sean Walker,8480336,1994,,ok_nhl_id
127,Connor Bedard,8484144,Connor_Bedard,Q102425753,occupation,Connor Bedard,8484144,2005,,ok_nhl_id
128,Tyler Bertuzzi,8477479,Tyler_Bertuzzi,Q24006730,occupation,Tyler Bertuzzi,8477479,1995,,ok_nhl_id
129,Sacha Boisvert,8484793,Sacha_Boisvert,Q126934335,occupation,Sacha Boisvert,8484793,2006,,ok_nhl_id
130,Andre Burakovsky,8477444,André_Burakovsky,Q13581457,occupation,Andre Burakovsky,8477444,1995,,ok_nhl_id
131,Ryan Donato,8477987,Ryan_Donato,Q17385847,occupation,Ryan Donato,8477987,1996,,ok_nhl_id
132,Anton Frondell,8485391,Anton_Frondell,Q125964662,occupation,Anton Frondell,8485391,2007,,ok_nhl_id
133,Ryan Greene,8483450,Ryan_Greene_(ice_hockey),Q133892630,occupation,Ryan Greene,8483450,2003,,ok_nhl_id
134,Sam Lafferty,8478043,Sam_Lafferty,Q70098297,occupation,Sam Lafferty,8478043,1995,,ok_nhl_id
135,Nick Lardis,8484185,Nick_Lardis,Q137381676,occupation,Nick Lardis,8484185,2005,,ok_nhl_id
136,Andrew Mangiapane,8478233,Andrew_Mangiapane,Q20745013,occupation,Andrew Mangiapane,8478233,1996,,ok_nhl_id
137,Ilya Mikheyev,8481624,Ilya_Mikheyev,Q25388037,occupation,Ilya Mikheyev,8481624,1994,,ok_nhl_id
138,Oliver Moore,8484197,Oliver_Moore,Q120015682,occupation,Oliver Moore,8484197,2005,,ok_nhl_id
139,Frank Nazar,8483493,Frank_Nazar,Q81905716,occupation,Frank Nazar,8483493,2004,,ok_nhl_id
140,Landon Slaggert,8482172,Landon_Slaggert,Q124823562,occupation,Landon Slaggert,8482172,2002,,ok_nhl_id
141,Teuvo Teravainen,8476882,Teuvo_Teräväinen,Q3519286,occupation,Teuvo Teräväinen,8476882,1994,,ok_nhl_id
142,Dominic Toninato,8476952,Dominic_Toninato,Q43349759,occupation,Dominic Toninato,8476952,1994,,ok_nhl_id
143,Louis Crevier,8481806,Louis_Crevier,Q123671144,occupation,Louis Crevier,8481806,2001,,ok_nhl_id
144,Ethan Del Mastro,8482807,Ethan_Del_Mastro,Q125462680,occupation,Ethan Del Mastro,8482807,2003,,ok_nhl_id
145,Matt Grzelcyk,8476891,Matt_Grzelcyk,Q19564299,occupation,Matt Grzelcyk,8476891,1994,,ok_nhl_id
146,Wyatt Kaiser,8482176,Wyatt_Kaiser,Q117215047,occupation,Wyatt Kaiser,8482176,2002,,ok_nhl_id
147,Kevin Korchinski,8483466,Kevin_Korchinski,Q112967557,occupation,Kevin Korchinski,8483466,2004,,ok_nhl_id
148,Artyom Levshunov,8484783,Artyom_Levshunov,Q122980144,occupation,Artyom Levshunov,8484783,2005,,ok_nhl_id
149,Sam Rinzel,8483506,Sam_Rinzel,Q112967559,occupation,Sam Rinzel,8483506,2004,,ok_nhl_id
150,Alex Vlasic,8481568,Alex_Vlasic,Q111310415,occupation,Alex Vlasic,8481568,2001,,ok_nhl_id
151,Zakhar Bardakov,8482947,Zakhar_Bardakov,Q105437939,occupation,Zakhar Bardakov,8482947,2001,,ok_nhl_id
152,Ross Colton,8479525,Ross_Colton,Q105672753,occupation,Ross Colton,8479525,1996,,ok_nhl_id
153,Jack Drury,8480835,Jack_Drury,Q88018838,occupation,Jack Drury,8480835,2000,,ok_nhl_id
154,Nazem Kadri,8475172,Nazem_Kadri,Q1852981,occupation,Nazem Kadri,8475172,1990,,ok_nhl_id
155,Parker Kelly,8480448,Parker_Kelly,Q106824020,occupation,Parker Kelly,8480448,1999,,ok_nhl_id
156,Joel Kiviranta,8481641,Joel_Kiviranta,Q16299903,occupation,Joel Kiviranta,8481641,1996,,ok_nhl_id
157,Gabriel Landeskog,8476455,Gabriel_Landeskog,Q715421,occupation,Gabriel Landeskog,8476455,1992,,ok_nhl_id
158,Artturi Lehkonen,8477476,Artturi_Lehkonen,Q2365562,occupation,Artturi Lehkonen,8477476,1995,,ok_nhl_id
159,Nathan MacKinnon,8477492,Nathan_MacKinnon,Q1966594,occupation,Nathan MacKinnon,8477492,1995,,ok_nhl_id
160,Martin Necas,8480039,Martin_Nečas,Q28057077,occupation,Martin Nečas,8480039,1999,,ok_nhl_id
161,Brock Nelson,8475754,Brock_Nelson,Q2925902,occupation,Brock Nelson,8475754,1991,,ok_nhl_id
162,Valeri Nichushkin,8477501,Valeri_Nichushkin,Q2365750,occupation,Valeri Nichushkin,8477501,1995,,ok_nhl_id
163,Logan O'Connor,8481186,Logan_O'Connor,Q60823183,occupation,Logan O'Connor,8481186,1996,,ok_nhl_id
164,Nicolas Roy,8478462,Nicolas_Roy,Q16224877,occupation,Nicolas Roy,8478462,1997,,ok_nhl_id
165,Jack Ahcan,8482072,Jack_Ahcan,Q106034953,occupation,Jack Ahcan,8482072,1997,,ok_nhl_id
166,Nick Blankenburg,8483565,Nick_Blankenburg,Q111598719,occupation,Nick Blankenburg,8483565,1998,,ok_nhl_id
167,Brent Burns,8470613,Brent_Burns,Q909711,occupation,Brent Burns,8470613,1985,,ok_nhl_id
168,Brett Kulak,8476967,Brett_Kulak,Q16229397,occupation,Brett Kulak,8476967,1994,,ok_nhl_id
169,Cale Makar,8480069,Cale_Makar,Q29342308,occupation,Cale Makar,8480069,1998,,ok_nhl_id
170,Sam Malinski,8484258,Sam_Malinski,Q117787535,occupation,Sam Malinski,8484258,1998,,ok_nhl_id
171,Josh Manson,8476312,Josh_Manson,Q16229630,occupation,Josh Manson,8476312,1991,,ok_nhl_id
172,Devon Toews,8478038,Devon_Toews,Q60063280,occupation,Devon Toews,8478038,1994,,ok_nhl_id
173,Charlie Coyle,8475745,Charlie_Coyle,Q547607,occupation,Charlie Coyle,8475745,1992,,ok_nhl_id
174,Adam Fantilli,8484166,Adam_Fantilli,Q114924131,occupation,Adam Fantilli,8484166,2004,,ok_nhl_id
175,Conor Garland,8478856,Conor_Garland,Q20090755,occupation,Conor Garland,8478856,1996,,ok_nhl_id
176,Danton Heinen,8478046,Danton_Heinen,Q27282857,occupation,Danton Heinen,8478046,1995,,ok_nhl_id
177,Boone Jenner,8476432,Boone_Jenner,Q4943642,occupation,Boone Jenner,8476432,1993,,ok_nhl_id
178,Kent Johnson,8482660,Kent_Johnson_(ice_hockey),Q107980587,occupation,Kent Johnson,8482660,2002,,ok_nhl_id
179,Isac Lundeström,8480806,Isac_Lundeström,Q23869474,occupation,Isac Lundeström,8480806,1999,,ok_nhl_id
180,Kirill Marchenko,8480893,Kirill_Marchenko,Q56651259,occupation,Kirill Marchenko,8480893,2000,,ok_nhl_id
181,Mason Marchment,8478975,Mason_Marchment,Q80720760,occupation,Mason Marchment,8478975,1995,,ok_nhl_id
182,Sean Monahan,8477497,Sean_Monahan,Q13581433,occupation,Sean Monahan,8477497,1994,,ok_nhl_id
183,Mathieu Olivier,8479671,Mathieu_Olivier,Q60485104,occupation,Mathieu Olivier,8479671,1997,,ok_nhl_id
184,Cole Sillinger,8482705,Cole_Sillinger,Q102077303,occupation,Cole Sillinger,8482705,2003,,ok_nhl_id
185,Dmitri Voronkov,8481716,Dmitri_Voronkov,Q64853164,occupation,Dmitri Voronkov,8481716,2000,,ok_nhl_id
186,Miles Wood,8477425,Miles_Wood,Q23809781,occupation,Miles Wood,8477425,1995,,ok_nhl_id
187,Jake Christiansen,8481161,Jake_Christiansen_(ice_hockey),Q110460125,occupation,Jake Christiansen,8481161,1999,,ok_nhl_id
188,Dante Fabbro,8479371,Dante_Fabbro,Q22005702,occupation,Dante Fabbro,8479371,1998,,ok_nhl_id
189,Erik Gudbranson,8475790,Erik_Gudbranson,Q1353957,occupation,Erik Gudbranson,8475790,1992,,ok_nhl_id
190,Denton Mateychuk,8483485,Denton_Mateychuk,Q81905280,occupation,Denton Mateychuk,8483485,2004,,ok_nhl_id
191,Ivan Provorov,8478500,Ivan_Provorov,Q19972647,occupation,Ivan Provorov,8478500,1997,,ok_nhl_id
192,Damon Severson,8476923,Damon_Severson,Q18247523,occupation,Damon Severson,8476923,1994,,ok_nhl_id
193,Brendan Smith,8474090,Brendan_Smith_(ice_hockey),Q2907301,occupation,Brendan Smith,8474090,1989,,ok_nhl_id
194,Zach Werenski,8478460,Zach_Werenski,Q19662630,occupation,Zach Werenski,8478460,1997,,ok_nhl_id
195,Egor Zamula,8481178,Egor_Zamula,Q105062111,occupation,Egor Zamula,8481178,2000,,ok_nhl_id
196,Nathan Bastian,8479414,Nathan_Bastian,Q60706036,occupation,Nathan Bastian,8479414,1997,,ok_nhl_id
197,Jamie Benn,8473994,Jamie_Benn,Q1064791,occupation,Jamie Benn,8473994,1989,,ok_nhl_id
198,Colin Blackwell,8476278,Colin_Blackwell,Q60823259,occupation,Colin Blackwell,8476278,1993,,ok_nhl_id
199,Mavrik Bourque,8482145,Mavrik_Bourque,Q100166499,occupation,Mavrik Bourque,8482145,2002,,ok_nhl_id
200,Michael Bunting,8478047,Michael_Bunting,Q59696575,occupation,Michael Bunting,8478047,1995,,ok_nhl_id
201,Oskar Bäck,8480840,Oskar_Bäck,Q60404235,occupation,Oskar Bäck,8480840,2000,,ok_nhl_id
202,Matt Duchene,8475168,Matt_Duchene,Q717078,occupation,Matt Duchene,8475168,1991,,ok_nhl_id
203,Adam Erne,8477454,Adam_Erne,Q28122508,occupation,Adam Erne,8477454,1995,,ok_nhl_id
204,Radek Faksa,8476889,Radek_Faksa,Q3416408,occupation,Radek Faksa,8476889,1994,,ok_nhl_id
205,Roope Hintz,8478449,Roope_Hintz,Q16229047,occupation,Roope Hintz,8478449,1996,,ok_nhl_id
206,Justin Hryckowian,8484829,Justin_Hryckowian,Q131598130,occupation,Justin Hryckowian,8484829,2001,,ok_nhl_id
207,Arttu Hyry,8484938,Arttu_Hyry,Q101184366,occupation,Arttu Hyry,8484938,2001,,ok_nhl_id
208,Wyatt Johnston,8482740,Wyatt_Johnston,Q107677619,occupation,Wyatt Johnston,8482740,2003,,ok_nhl_id
209,Mikko Rantanen,8478420,Mikko_Rantanen,Q11882784,occupation,Mikko Rantanen,8478420,1996,,ok_nhl_id
210,Jason Robertson,8480027,Jason_Robertson,Q83617451,occupation,Jason Robertson,8480027,1999,,ok_nhl_id
211,Tyler Seguin,8475794,Tyler_Seguin,Q772640,occupation,Tyler Seguin,8475794,1992,,ok_nhl_id
212,Sam Steel,8479351,Sam_Steel,Q24805711,occupation,Sam Steel,8479351,1998,,ok_nhl_id
213,Lian Bichsel,8483425,Lian_Bichsel,Q81901906,occupation,Lian Bichsel,8483425,2004,,ok_nhl_id
214,Kyle Capobianco,8478476,Kyle_Capobianco,Q21706800,occupation,Kyle Capobianco,8478476,1997,,ok_nhl_id
215,Thomas Harley,8481581,Thomas_Harley_(ice_hockey),Q65030543,occupation,Thomas Harley,8481581,2001,,ok_nhl_id
216,Miro Heiskanen,8480036,Miro_Heiskanen,Q24827214,occupation,Miro Heiskanen,8480036,1999,,ok_nhl_id
217,Esa Lindell,8476902,Esa_Lindell,Q11858583,occupation,Esa Lindell,8476902,1994,,ok_nhl_id
218,Nils Lundkvist,8480878,Nils_Lundkvist,Q52482603,occupation,Nils Lundkvist,8480878,2000,,ok_nhl_id
219,Ilya Lyubushkin,8480950,Ilya_Lyubushkin,Q16229578,occupation,Ilya Lyubushkin,8480950,1994,,ok_nhl_id
220,Tyler Myers,8474574,Tyler_Myers,Q1365229,occupation,Tyler Myers,8474574,1990,,ok_nhl_id
221,Alexander Petrovic,8475755,Alex_Petrovic,Q4717623,occupation,Alex Petrovic,8475755,1992,,ok_nhl_id
222,Mason Appleton,8478891,Mason_Appleton,Q51883528,occupation,Mason Appleton,8478891,1996,,ok_nhl_id
223,J.T. Compher,8477456,J._T._Compher,Q16728159,occupation,J. T. Compher,8477456,1995,,ok_nhl_id
224,Andrew Copp,8477429,Andrew_Copp,Q19800096,occupation,Andrew Copp,8477429,1994,,ok_nhl_id
225,Alex DeBrincat,8479337,Alex_DeBrincat,Q21621150,occupation,Alex DeBrincat,8479337,1997,,ok_nhl_id
226,Emmitt Finnie,8484471,Emmitt_Finnie,Q136463467,occupation,Emmitt Finnie,8484471,2005,,ok_nhl_id
227,Patrick Kane,8474141,Patrick_Kane,Q335876,occupation,Patrick Kane,8474141,1988,,ok_nhl_id
228,Marco Kasper,8483464,Marco_Kasper,Q110273344,occupation,Marco Kasper,8483464,2004,,ok_nhl_id
229,Dylan Larkin,8477946,Dylan_Larkin,Q17180725,occupation,Dylan Larkin,8477946,1996,,ok_nhl_id
230,David Perron,8474102,David_Perron,Q354570,occupation,David Perron,8474102,1988,,ok_nhl_id
231,Michael Rasmussen,8479992,Michael_Rasmussen_(ice_hockey),Q27922520,occupation,Michael Rasmussen,8479992,1999,,ok_nhl_id
232,Lucas Raymond,8482078,Lucas_Raymond,Q60248316,occupation,Lucas Raymond,8482078,2002,,ok_nhl_id
233,James van Riemsdyk,8474037,James_van_Riemsdyk,Q27502,occupation,James van Riemsdyk,8474037,1989,,ok_nhl_id
234,Jacob Bernard-Docker,8480879,Jacob_Bernard-Docker,Q55183457,occupation,Jacob Bernard-Docker,8480879,2000,,ok_nhl_id
235,Ben Chiarot,8475279,Ben_Chiarot,Q15131093,occupation,Ben Chiarot,8475279,1991,,ok_nhl_id
236,Simon Edvinsson,8482762,Simon_Edvinsson,Q104451267,occupation,Simon Edvinsson,8482762,2003,,ok_nhl_id
237,Justin Faulk,8475753,Justin_Faulk,Q187535,occupation,Justin Faulk,8475753,1992,,ok_nhl_id
238,Travis Hamonic,8474612,Travis_Hamonic,Q762612,occupation,Travis Hamonic,8474612,1990,,ok_nhl_id
239,Albert Johansson,8481607,Albert_Johansson,Q64808406,occupation,Albert Johansson,8481607,2001,,ok_nhl_id
240,Moritz Seider,8481542,Moritz_Seider,Q61037528,occupation,Moritz Seider,8481542,2001,,ok_nhl_id
241,Colton Dach,8482703,Colton_Dach,Q120638015,occupation,Colton Dach,8482703,2003,,ok_nhl_id
242,Jason Dickinson,8477450,Jason_Dickinson,Q13581459,occupation,Jason Dickinson,8477450,1995,,ok_nhl_id
243,Leon Draisaitl,8477934,Leon_Draisaitl,Q15012236,occupation,Leon Draisaitl,8477934,1995,,ok_nhl_id
244,Trent Frederic,8479365,Trent_Frederic,Q24804873,occupation,Trent Frederic,8479365,1998,,ok_nhl_id
245,Adam Henrique,8474641,Adam_Henrique,Q324136,occupation,Adam Henrique,8474641,1990,,ok_nhl_id
246,Zach Hyman,8475786,Zach_Hyman,Q19878924,occupation,Zach Hyman,8475786,1992,,ok_nhl_id
247,Mattias Janmark,8477406,Mattias_Janmark,Q6791770,occupation,Mattias Janmark-Nylén,8477406,1992,,ok_nhl_id
248,Max Jones,8479368,Max_Jones_(ice_hockey),Q21621612,occupation,Max Jones,8479368,1998,,ok_nhl_id
249,Kasperi Kapanen,8477953,Kasperi_Kapanen,Q11870266,occupation,joonas koivu,8477953,1996,,ok_nhl_id
250,Curtis Lazar,8477508,Curtis_Lazar,Q5195806,occupation,Curtis Lazar,8477508,1995,,ok_nhl_id
251,Connor McDavid,8478402,Connor_McDavid,Q2806736,occupation,Connor McDavid,8478402,1997,,ok_nhl_id
252,Ryan Nugent-Hopkins,8476454,Ryan_Nugent-Hopkins,Q715578,occupation,Ryan Nugent-Hopkins,8476454,1993,,ok_nhl_id
253,Vasily Podkolzin,8481617,Vasily_Podkolzin,Q58755513,occupation,Vasili Podkolzin,8481617,2001,,ok_nhl_id
254,Jack Roslovic,8478458,Jack_Roslovic,Q20727776,occupation,Jack Roslovic,8478458,1997,,ok_nhl_id
255,Josh Samanski,8484509,Josh_Samanski,Q115593838,occupation,Josh Samanski,8484509,2002,,ok_nhl_id
256,Matt Savoie,8483512,Matthew_Savoie_(ice_hockey),Q81906752,nhl_id,Matthew Savoie,8483512,2004,,ok_nhl_id
257,Evan Bouchard,8480803,Evan_Bouchard,Q50347957,occupation,Evan Bouchard,8480803,1999,,ok_nhl_id
258,Mattias Ekholm,8475218,Mattias_Ekholm,Q3062859,occupation,Mattias Ekholm,8475218,1990,,ok_nhl_id
259,Ty Emberson,8480834,Ty_Emberson,Q123003338,occupation,Ty Emberson,8480834,2000,,ok_nhl_id
260,Connor Murphy,8476473,Connor_Murphy,Q2993498,occupation,Connor Murphy,8476473,1993,,ok_nhl_id
261,Darnell Nurse,8477498,Darnell_Nurse,Q13486477,occupation,Darnell Nurse,8477498,1995,,ok_nhl_id
262,Spencer Stastney,8481056,Spencer_Stastney,Q117379235,occupation,Spencer Stastney,8481056,2000,,ok_nhl_id
263,Jake Walman,8478013,Jake_Walman,Q81066813,occupation,Jake Walman,8478013,1996,,ok_nhl_id
264,Aleksander Barkov,8477493,Aleksander_Barkov,Q620356,occupation,Aleksander Barkov,8477493,1995,,ok_nhl_id
265,Sam Bennett,8477935,Sam_Bennett_(ice_hockey),Q16212438,occupation,Sam Bennett,8477935,1996,,ok_nhl_id
266,Jesper Boqvist,8480003,Jesper_Boqvist,Q29359317,occupation,Jesper Boqvist,8480003,1998,,ok_nhl_id
267,Jonah Gadjovich,8479981,Jonah_Gadjovich,Q106879987,occupation,Jonah Gadjovich,8479981,1998,,ok_nhl_id
268,A.J. Greer,8478421,A._J._Greer,Q27841034,occupation,A.J. Greer,8478421,1996,,ok_nhl_id
269,Vinnie Hinostroza,8476994,Vinnie_Hinostroza,Q20090912,occupation,Vinnie Hinostroza,8476994,1994,,ok_nhl_id
270,Luke Kunin,8479316,Luke_Kunin,Q24797868,occupation,Luke Kunin,8479316,1997,,ok_nhl_id
271,Anton Lundell,8482113,Anton_Lundell,Q56402315,occupation,Anton Lundell,8482113,2001,,ok_nhl_id
272,Eetu Luostarinen,8480185,Eetu_Luostarinen,Q28028703,occupation,Eetu Luostarinen,8480185,1998,,ok_nhl_id
273,Brad Marchand,8473419,Brad_Marchand,Q80733,occupation,Brad Marchand,8473419,1988,,ok_nhl_id
274,Tomas Nosek,8477931,Tomáš_Nosek,Q7820627,occupation,Tomáš Nosek,8477931,1992,,ok_nhl_id
275,Cole Reinhardt,8481133,Cole_Reinhardt,Q111536206,occupation,Cole Reinhardt,8481133,2000,,ok_nhl_id
276,Sam Reinhart,8477933,Sam_Reinhart,Q15952002,occupation,Sam Reinhart,8477933,1995,,ok_nhl_id
277,Evan Rodrigues,8478542,Evan_Rodrigues,Q21622571,occupation,Evan Rodrigues,8478542,1993,,ok_nhl_id
278,Mackie Samoskevich,8482713,Mackie_Samoskevich,Q107629892,occupation,Mackie Samoskevich,8482713,2002,,ok_nhl_id
279,Cole Schwindt,8481655,Cole_Schwindt,Q110160733,occupation,Cole Schwindt,8481655,2001,,ok_nhl_id
280,Matthew Tkachuk,8479314,Matthew_Tkachuk,Q21064031,occupation,Matthew Tkachuk,8479314,1997,,ok_nhl_id
281,Carter Verhaeghe,8477409,Carter_Verhaeghe,Q63248066,occupation,Carter Verhaeghe,8477409,1995,,ok_nhl_id
282,Uvis Balinskis,8484304,Uvis_Balinskis,Q29913994,occupation,Uvis Balinskis,8484304,1996,,ok_nhl_id
283,Aaron Ekblad,8477932,Aaron_Ekblad,Q4661992,occupation,Aaron Ekblad,8477932,1996,,ok_nhl_id
284,Gustav Forsling,8478055,Gustav_Forsling,Q18238939,occupation,Gustav Forsling,8478055,1996,,ok_nhl_id
285,Seth Jones,8477495,Seth_Jones,Q4014741,occupation,Seth Jones,8477495,1994,,ok_nhl_id
286,Dmitry Kulikov,8475179,Dmitry_Kulikov_(ice_hockey),Q977337,occupation,Dmitri Kulikov,8475179,1990,,ok_nhl_id
287,Niko Mikkola,8478859,Niko_Mikkola,Q5493915,occupation,Niko Mikkola,8478859,1996,,ok_nhl_id
288,Donovan Sebrango,8482131,Donovan_Sebrango,Q113945974,occupation,Donovan Sebrango,8482131,2002,,ok_nhl_id
289,Joel Armia,8476469,Joel_Armia,Q979188,occupation,Joel Armia,8476469,1993,,ok_nhl_id
290,Quinton Byfield,8482124,Quinton_Byfield,Q66472667,occupation,Quinton Byfield,8482124,2002,,ok_nhl_id
291,Kevin Fiala,8477942,Kevin_Fiala,Q15989104,occupation,Kevin Fiala,8477942,1996,,ok_nhl_id
292,Samuel Helenius,8482726,Samuel_Helenius,Q100775889,occupation,Samuel Helenius,8482726,2002,,ok_nhl_id
293,Mathieu Joseph,8478472,Mathieu_Joseph,Q56876976,occupation,Mathieu Joseph,8478472,1997,,ok_nhl_id
294,Adrian Kempe,8477960,Adrian_Kempe,Q15619153,occupation,Adrian Kempe,8477960,1996,,ok_nhl_id
295,Anze Kopitar,8471685,Anže_Kopitar,Q375787,occupation,Anže Kopitar,8471685,1987,,ok_nhl_id
296,Andrei Kuzmenko,8483808,Andrei_Kuzmenko,Q20744952,occupation,Andrei Kuzmenko,8483808,1996,,ok_nhl_id
297,Alex Laferriere,8482155,Alex_Laferriere,Q123022909,occupation,Alex Laferriere,8482155,2001,,ok_nhl_id
298,Scott Laughton,8476872,Scott_Laughton,Q3476249,occupation,Scott Laughton,8476872,1994,,ok_nhl_id
299,Jeff Malott,8482408,Jeff_Malott,Q111320459,occupation,Jeff Malott,8482408,1996,,ok_nhl_id
300,Trevor Moore,8479675,Trevor_Moore_(ice_hockey),Q60194335,occupation,Trevor Moore,8479675,1995,,ok_nhl_id
301,Artemi Panarin,8478550,Artemi_Panarin,Q593699,occupation,Artemi Panarin,8478550,1991,,ok_nhl_id
302,Alex Turcotte,8481532,Alex_Turcotte,Q61748311,occupation,Alex Turcotte,8481532,2001,,ok_nhl_id
303,Taylor Ward,8483406,Taylor_Ward_(ice_hockey),Q133896106,occupation,Taylor Ward,8483406,1998,,ok_nhl_id
304,Jared Wright,8483756,Jared_Wright_(ice_hockey),Q138565548,occupation,Jared Wright,8483756,2002,,ok_nhl_id
305,Mikey Anderson,8479998,Mikey_Anderson,Q86746353,occupation,Mikey Anderson,8479998,1999,,ok_nhl_id
306,Cody Ceci,8476879,Cody_Ceci,Q2981716,occupation,Cody Ceci,8476879,1993,,ok_nhl_id
307,Brandt Clarke,8482730,Brandt_Clarke,Q107638205,occupation,Brandt Clarke,8482730,2003,,ok_nhl_id
308,Drew Doughty,8474563,Drew_Doughty,Q706924,occupation,Drew Doughty,8474563,1989,,ok_nhl_id
309,Brian Dumoulin,8475208,Brian_Dumoulin,Q4963628,occupation,Brian Dumoulin,8475208,1991,,ok_nhl_id
310,Joel Edmundson,8476441,Joel_Edmundson,Q21079893,occupation,Joel Edmundson,8476441,1993,,ok_nhl_id
311,Jacob Moverare,8479421,Jacob_Moverare,Q22279303,occupation,Jacob Moverare,8479421,1998,,ok_nhl_id
312,Nicolas Aube-Kubel,8477979,Nicolas_Aubé-Kubel,Q57990345,occupation,Nicolas Aubé-Kubel,8477979,1996,,ok_nhl_id
313,Matt Boldy,8481557,Matt_Boldy,Q64781754,occupation,Matt Boldy,8481557,2001,,ok_nhl_id
314,Bobby Brink,8481553,Bobby_Brink,Q111526026,occupation,Bobby Brink,8481553,2001,,ok_nhl_id
315,Joel Eriksson Ek,8478493,Joel_Eriksson_Ek,Q19957723,occupation,Joel Eriksson Ek,8478493,1997,,ok_nhl_id
316,Robby Fabbri,8477952,Robby_Fabbri,Q16864070,occupation,Robby Fabbri,8477952,1996,,ok_nhl_id
317,Marcus Foligno,8475220,Marcus_Foligno,Q246404,occupation,Marcus Foligno,8475220,1991,,ok_nhl_id
318,Nick Foligno,8473422,Nick_Foligno,Q943363,occupation,Nick Foligno,8473422,1987,,ok_nhl_id
319,Hunter Haight,8483452,Hunter_Haight,Q136470517,occupation,Hunter Haight,8483452,2004,,ok_nhl_id
320,Ryan Hartman,8477451,Ryan_Hartman,Q13581452,occupation,Ryan Hartman,8477451,1994,,ok_nhl_id
321,Marcus Johansson,8475149,"Marcus_Johansson_(ice_hockey,_born_1990)",Q1859905,nhl_id,Marcus Johansson,8475149,1990,,ok_nhl_id
322,Ben Jones,8480259,Ben_Jones_(ice_hockey),Q109660586,occupation,Ben Jones,8480259,1999,,ok_nhl_id
323,Kirill Kaprizov,8478864,Kirill_Kaprizov,Q20164618,occupation,Kirill Kaprizov,8478864,1997,,ok_nhl_id
324,Michael McCarron,8477446,Michael_McCarron,Q13580957,occupation,Michael McCarron,8477446,1995,,ok_nhl_id
325,Nico Sturm,8481477,Nico_Sturm,Q62794466,occupation,Nico Sturm,8481477,1995,,ok_nhl_id
326,Vladimir Tarasenko,8475765,Vladimir_Tarasenko,Q715587,occupation,Vladimir Tarasenko,8475765,1991,,ok_nhl_id
327,Yakov Trenin,8478508,Yakov_Trenin,Q24352194,occupation,Yakov Trenin,8478508,1997,,ok_nhl_id
328,Danila Yurov,8483525,Danila_Yurov,Q110282106,occupation,Danila Yurov,8483525,2003,,ok_nhl_id
329,Mats Zuccarello,8475692,Mats_Zuccarello,Q252043,occupation,Mats Zuccarello,8475692,1987,,ok_nhl_id
330,Zach Bogosian,8474567,Zach_Bogosian,Q139302,occupation,Zach Bogosian,8474567,1990,,ok_nhl_id
331,Jonas Brodin,8476463,Jonas_Brodin,Q1702919,occupation,Jonas Brodin,8476463,1993,,ok_nhl_id
332,Brock Faber,8482122,Brock_Faber,Q110973348,occupation,Brock Faber,8482122,2002,,ok_nhl_id
333,Viking Gustafsson Nyberg,8486166,Viking_Gustafsson_Nyberg,Q135893027,occupation,Viking Gustafsson Nyberg,,2003,2003,ok_dob
334,Quinn Hughes,8480800,Quinn_Hughes,Q47492979,occupation,Quinn Hughes,8480800,1999,,ok_nhl_id
335,Daemon Hunt,8482094,Daemon_Hunt,Q123231079,occupation,Daemon Hunt,8482094,2002,,ok_nhl_id
336,Matt Kiersted,8482641,Matt_Kiersted,Q106364527,occupation,Matt Kiersted,8482641,1998,,ok_nhl_id
337,Carson Lambos,8482781,Carson_Lambos,Q105293487,occupation,Carson Lambos,8482781,2003,,ok_nhl_id
338,Jake Middleton,8478136,Jake_Middleton,Q60463976,occupation,Jacob Middleton,8478136,1996,,ok_nhl_id
339,Jeff Petry,8473507,Jeff_Petry,Q550890,occupation,Jeff Petry,8473507,1987,,ok_nhl_id
340,David Spacek,8483766,David_Špaček,Q114350612,occupation,David Špaček,8483766,2003,,ok_nhl_id
341,Jared Spurgeon,8474716,Jared_Spurgeon,Q550849,occupation,Jared Spurgeon,8474716,1989,,ok_nhl_id
342,Josh Anderson,8476981,Josh_Anderson_(ice_hockey),Q18921336,occupation,Josh Anderson,8476981,1994,,ok_nhl_id
343,Owen Beck,8483424,Owen_Beck_(ice_hockey),Q114056232,occupation,Owen Beck,8483424,2004,,ok_nhl_id
344,Zachary Bolduc,8482737,Zachary_Bolduc,Q107671161,occupation,Zachary Bolduc,8482737,2003,,ok_nhl_id
345,Cole Caufield,8481540,Cole_Caufield,Q62287650,occupation,Cole Caufield,8481540,2001,,ok_nhl_id
346,Kirby Dach,8481523,Kirby_Dach,Q61755215,occupation,Kirby Dach,8481523,2001,,ok_nhl_id
347,Phillip Danault,8476479,Phillip_Danault,Q3381073,occupation,Phillip Danault,8476479,1993,,ok_nhl_id
348,Ivan Demidov,8484984,Ivan_Demidov,Q115325153,occupation,Ivan Demidov,8484984,2005,,ok_nhl_id
349,Jake Evans,8478133,Jake_Evans_(ice_hockey),Q84527727,occupation,Jake Evans,8478133,1996,,ok_nhl_id
350,Brendan Gallagher,8475848,Brendan_Gallagher,Q2924426,occupation,Brendan Gallagher,8475848,1992,,ok_nhl_id
351,Oliver Kapanen,8482775,Oliver_Kapanen,Q108586045,occupation,Oliver Kapanen,8482775,2003,,ok_nhl_id
352,Patrik Laine,8479339,Patrik_Laine,Q17382085,occupation,Patrik Laine,8479339,1998,,ok_nhl_id
353,Alex Newhook,8481618,Alex_Newhook,Q64781759,occupation,Alex Newhook,8481618,2001,,ok_nhl_id
354,Juraj Slafkovský,8483515,Juraj_Slafkovský,Q107074729,occupation,Juraj Slafkovský,8483515,2004,,ok_nhl_id
355,Nick Suzuki,8480018,Nick_Suzuki,Q29287706,occupation,Nick Suzuki,8480018,1999,,ok_nhl_id
356,Alexandre Texier,8480074,Alexandre_Texier,Q30729474,occupation,Alexandre Texier,8480074,1999,,ok_nhl_id
357,Joe Veleno,8480813,Joe_Veleno,Q20973749,occupation,Joseph Veleno,8480813,2000,,ok_nhl_id
358,Florian Xhekaj,8484403,Florian_Xhekaj,Q120129774,occupation,Florian Xhekaj,8484403,2004,,ok_nhl_id
359,Alexandre Carrier,8478851,Alexandre_Carrier,Q28466396,occupation,Alexandre Carrier,8478851,1996,,ok_nhl_id
360,Noah Dobson,8480865,Noah_Dobson,Q52063145,occupation,Noah Dobson,8480865,2000,,ok_nhl_id
361,Adam Engstrom,8483686,Adam_Engström,Q135438271,occupation,Adam Engström,8483686,2003,,ok_nhl_id
362,Kaiden Guhle,8482087,Kaiden_Guhle,Q99744351,occupation,Kaiden Guhle,8482087,2002,,ok_nhl_id
363,Lane Hutson,8483457,Lane_Hutson,Q81903752,occupation,Lane Hutson,8483457,2004,,ok_nhl_id
364,Mike Matheson,8476875,Mike_Matheson,Q3313431,occupation,Mike Matheson,8476875,1994,,ok_nhl_id
365,David Reinbacher,8484220,David_Reinbacher,Q116769129,occupation,David Reinbacher,8484220,2004,,ok_nhl_id
366,Jayden Struble,8481593,Jayden_Struble,Q123527598,occupation,Jayden Struble,8481593,2001,,ok_nhl_id
367,Arber Xhekaj,8482964,Arber_Xhekaj,Q114631109,occupation,Arber Xhekaj,8482964,2001,,ok_nhl_id
368,Ross Colton,8479525,Ross_Colton,Q105672753,occupation,Ross Colton,8479525,1996,,ok_nhl_id
369,Luke Evangelista,8482146,Luke_Evangelista,Q116947087,occupation,Luke Evangelista,8482146,2002,,ok_nhl_id
370,Filip Forsberg,8476887,Filip_Forsberg,Q1413527,occupation,Filip Forsberg,8476887,1994,,ok_nhl_id
371,Erik Haula,8475287,Erik_Haula,Q11858149,occupation,Erik Haula,8475287,1991,,ok_nhl_id
372,Tyson Jost,8479370,Tyson_Jost,Q22005703,occupation,Tyson Jost,8479370,1998,,ok_nhl_id
373,Jonathan Marchessault,8476539,Jonathan_Marchessault,Q3183311,occupation,Jonathan Marchessault,8476539,1990,,ok_nhl_id
374,Ryan O'Reilly,8475158,Ryan_O'Reilly,Q861211,occupation,Ryan O'Reilly,8475158,1991,,ok_nhl_id
375,Steven Stamkos,8474564,Steven_Stamkos,Q520397,occupation,Steven Stamkos,8474564,1990,,ok_nhl_id
376,Fedor Svechkov,8482768,Fedor_Svechkov,Q107640761,occupation,Fyodor Svechkov,8482768,2003,,ok_nhl_id
377,Ozzy Wiesblatt,8482103,Ozzy_Wiesblatt,Q100189128,occupation,Ozzy Wiesblatt,8482103,2002,,ok_nhl_id
378,Matthew Wood,8484241,Matthew_Wood_(ice_hockey),Q120064321,occupation,Matthew Wood,8484241,2005,,ok_nhl_id
379,Justin Barron,8482111,Justin_Barron,Q100166662,occupation,Justin Barron,8482111,2001,,ok_nhl_id
380,Nicolas Hague,8479980,Nicolas_Hague,Q28090632,occupation,Nicolas Hague,8479980,1998,,ok_nhl_id
381,Roman Josi,8474600,Roman_Josi,Q440285,occupation,Roman Josi,8474600,1990,,ok_nhl_id
382,Nick Perbix,8480246,Nick_Perbix,Q110810900,occupation,Nick Perbix,8480246,1998,,ok_nhl_id
383,Brady Skjei,8476869,Brady_Skjei,Q2923509,occupation,Brady Skjei,8476869,1994,,ok_nhl_id
384,Adam Wilsby,8482482,Adam_Wilsby,Q67558595,occupation,Adam Wilsby,8482482,2000,,ok_nhl_id
385,Nick Bjugstad,8475760,Nick_Bjugstad,Q3047621,occupation,Nick Bjugstad,8475760,1992,,ok_nhl_id
386,Jesper Bratt,8479407,Jesper_Bratt,Q30229860,occupation,Jesper Bratt,8479407,1998,,ok_nhl_id
387,Connor Brown,8477015,Connor_Brown_(ice_hockey),Q16209503,occupation,Connor Brown,8477015,1994,,ok_nhl_id
388,Paul Cotter,8481032,Paul_Cotter,Q109521040,occupation,Paul Cotter,8481032,1999,,ok_nhl_id
389,Evgenii Dadonov,8474149,Evgenii_Dadonov,Q209947,occupation,Evgenii Dadonov,8474149,1989,,ok_nhl_id
390,Cody Glass,8479996,Cody_Glass,Q28869018,occupation,Cody Glass,8479996,1999,,ok_nhl_id
391,Arseny Gritsyuk,8481721,Arseni_Gritsyuk,Q110279142,occupation,Arseni Gritsyuk,8481721,2001,,ok_nhl_id
392,Nico Hischier,8480002,Nico_Hischier,Q23817773,occupation,Nico Hischier,8480002,1999,,ok_nhl_id
393,Jack Hughes,8481559,Jack_Hughes,Q55614777,occupation,Jack Hughes,8481559,2001,,ok_nhl_id
394,Zack MacEwen,8479772,Zack_MacEwen,Q61699318,occupation,Zack MacEwen,8479772,1996,,ok_nhl_id
395,Timo Meier,8478414,Timo_Meier,Q20392160,occupation,Timo Meier,8478414,1996,,ok_nhl_id
396,Dawson Mercer,8482110,Dawson_Mercer,Q99744349,occupation,Dawson Mercer,8482110,2001,,ok_nhl_id
397,Stefan Noesen,8476474,Stefan_Noesen,Q524005,occupation,Stefan Noesen,8476474,1993,,ok_nhl_id
398,Maxim Tsyplakov,8484958,Maxim_Tsyplakov,Q108923123,occupation,Maxim Tsyplakov,8484958,1998,,ok_nhl_id
399,Dennis Cholowski,8479395,Dennis_Cholowski,Q24790832,occupation,Dennis Cholowski,8479395,1998,,ok_nhl_id
400,Brenden Dillon,8475455,Brenden_Dillon,Q4558770,occupation,Brenden Dillon,8475455,1990,,ok_nhl_id
401,Dougie Hamilton,8476462,Dougie_Hamilton,Q522687,occupation,Dougie Hamilton,8476462,1993,,ok_nhl_id
402,Luke Hughes,8482684,Luke_Hughes_(ice_hockey),Q107636885,occupation,Luke Hughes,8482684,2003,,ok_nhl_id
403,Johnathan Kovacevic,8480192,Johnathan_Kovacevic,Q110726950,occupation,Johnathan Kovacevic,8480192,1997,,ok_nhl_id
404,Simon Nemec,8483495,Šimon_Nemec,Q106943350,occupation,Šimon Nemec,8483495,2004,,ok_nhl_id
405,Brett Pesce,8477488,Brett_Pesce,Q21278883,occupation,Brett Pesce,8477488,1994,,ok_nhl_id
406,Jonas Siegenthaler,8478399,Jonas_Siegenthaler,Q16990473,occupation,Jonas Siegenthaler,8478399,1997,,ok_nhl_id
407,Mathew Barzal,8478445,Mathew_Barzal,Q17385625,occupation,Mathew Barzal,8478445,1997,,ok_nhl_id
408,Casey Cizikas,8475231,Casey_Cizikas,Q2940973,occupation,Casey Cizikas,8475231,1991,,ok_nhl_id
409,Anthony Duclair,8477407,Anthony_Duclair,Q16228616,occupation,Anthony Duclair,8477407,1995,,ok_nhl_id
410,Marc Gatcomb,8483553,Marc_Gatcomb,Q131764819,occupation,Marc Gatcomb,8483553,1999,,ok_nhl_id
411,Emil Heineman,8482476,Emil_Heineman,Q100159282,occupation,Emil Heineman,8482476,2001,,ok_nhl_id
412,Simon Holmstrom,8481601,Simon_Holmström,Q57293781,occupation,Simon Holmström,8481601,2001,,ok_nhl_id
413,Bo Horvat,8477500,Bo_Horvat,Q13581453,occupation,Bo Horvat,8477500,1995,,ok_nhl_id
414,Anders Lee,8475314,Anders_Lee,Q4753855,occupation,Anders Lee,8475314,1990,,ok_nhl_id
415,Kyle MacLean,8481237,Kyle_MacLean,Q124322319,occupation,Kyle MacLean,8481237,1999,,ok_nhl_id
416,Jean-Gabriel Pageau,8476419,Jean-Gabriel_Pageau,Q12860187,occupation,Jean-Gabriel Pageau,8476419,1992,,ok_nhl_id
417,Ondrej Palat,8476292,Ondřej_Palát,Q6381284,occupation,Ondřej Palát,8476292,1991,,ok_nhl_id
418,Kyle Palmieri,8475151,Kyle_Palmieri,Q526935,occupation,Kyle Palmieri,8475151,1991,,ok_nhl_id
419,Brayden Schenn,8475170,Brayden_Schenn,Q902941,occupation,Brayden Schenn,8475170,1991,,ok_nhl_id
420,Max Shabanov,8485702,Maxim_Shabanov,Q123035720,occupation,Maxim Shabanov,8485702,2000,,ok_nhl_id
421,Adam Boqvist,8480871,Adam_Boqvist,Q40592571,occupation,Adam Boqvist,8480871,2000,,ok_nhl_id
422,Tony DeAngelo,8477950,Tony_DeAngelo,Q16228519,occupation,Anthony DeAngelo,8477950,1995,,ok_nhl_id
423,Scott Mayfield,8476429,Scott_Mayfield,Q6380406,occupation,Scott Mayfield,8476429,1992,,ok_nhl_id
424,Adam Pelech,8476917,Adam_Pelech,Q16229469,occupation,Adam Pelech,8476917,1994,,ok_nhl_id
425,Ryan Pulock,8477506,Ryan_Pulock,Q7384450,occupation,Ryan Pulock,8477506,1994,,ok_nhl_id
426,Alexander Romanov,8481014,"Alexander_Romanov_(ice_hockey,_born_2000)",Q56723122,nhl_id,Alexander Romanov,8481014,2000,,ok_nhl_id
427,Matthew Schaefer,8485366,Matthew_Schaefer,Q130416868,occupation,Matthew Schaefer,8485366,2007,,ok_nhl_id
428,Carson Soucy,8477369,Carson_Soucy,Q51403345,occupation,Carson Soucy,8477369,1994,,ok_nhl_id
429,Jonny Brodzinski,8477380,Jonny_Brodzinski,Q20087670,occupation,Jonny Brodzinski,8477380,1993,,ok_nhl_id
430,Jaroslav Chmelar,8482877,Jaroslav_Chmelař,Q120638131,nhl_id,Jaroslav Chmelař,8482877,2003,,ok_nhl_id
431,Will Cuylle,8482157,Will_Cuylle,Q112133947,occupation,Will Cuylle,8482157,2002,,ok_nhl_id
432,Adam Edstrom,8481726,Adam_Edström,Q64853087,occupation,Adam Edström,8481726,2000,,ok_nhl_id
433,Tye Kartye,8481789,Tye_Kartye,Q117865206,occupation,Tye Kartye,8481789,2001,,ok_nhl_id
434,Noah Laba,8483690,Noah_Laba,Q125521759,occupation,Noah Laba,8483690,2003,,ok_nhl_id
435,Alexis Lafrenière,8482109,Alexis_Lafrenière,Q52012798,occupation,Alexis Lafrenière,8482109,2001,,ok_nhl_id
436,J.T. Miller,8476468,J._T._Miller,Q540422,occupation,J. T. Miller,8476468,1993,,ok_nhl_id
437,Gabe Perreault,8484210,Gabe_Perreault,Q120073173,occupation,Gabe Perreault,8484210,2005,,ok_nhl_id
438,Taylor Raddysh,8479390,Taylor_Raddysh,Q28160427,occupation,Taylor Raddysh,8479390,1998,,ok_nhl_id
439,Matt Rempe,8482460,Matt_Rempe,Q124515704,occupation,Matt Rempe,8482460,2002,,ok_nhl_id
440,Conor Sheary,8477839,Conor_Sheary,Q21774096,occupation,Conor Sheary,8477839,1992,,ok_nhl_id
441,Adam Sykora,8483669,Adam_Sýkora,Q81907417,occupation,Adam Sýkora,8483669,2004,,ok_nhl_id
442,Vincent Trocheck,8476389,Vincent_Trocheck,Q7932086,occupation,Vincent Trocheck,8476389,1993,,ok_nhl_id
443,Mika Zibanejad,8476459,Mika_Zibanejad,Q1859388,occupation,Mika Zibanejad,8476459,1993,,ok_nhl_id
444,Will Borgen,8478840,Will_Borgen,Q47067563,occupation,Will Borgen,8478840,1996,,ok_nhl_id
445,Drew Fortescue,8484169,Drew_Fortescue,Q124098758,occupation,Drew Fortescue,8484169,2005,,ok_nhl_id
446,Adam Fox,8479323,Adam_Fox,Q60735944,occupation,Adam Fox,8479323,1998,,ok_nhl_id
447,Vladislav Gavrikov,8478882,Vladislav_Gavrikov,Q20066382,occupation,Vladislav Gavrikov,8478882,1995,,ok_nhl_id
448,Vincent Iorio,8482861,Vincent_Iorio,Q116972089,occupation,Vincent Iorio,8482861,2002,,ok_nhl_id
449,Matthew Robertson,8481525,Matthew_Robertson,Q114586313,occupation,Matthew Robertson,8481525,2001,,ok_nhl_id
450,Braden Schneider,8482073,Braden_Schneider,Q99744350,occupation,Braden Schneider,8482073,2001,,ok_nhl_id
451,Urho Vaakanainen,8480001,Urho_Vaakanainen,Q22917015,occupation,Urho Vaakanainen,8480001,1999,,ok_nhl_id
452,Michael Amadio,8478020,Michael_Amadio,Q42422430,occupation,Michael Amadio,8478020,1996,,ok_nhl_id
453,Drake Batherson,8480208,Drake_Batherson,Q58767012,occupation,Drake Batherson,8480208,1998,,ok_nhl_id
454,Graeme Clarke,8481578,Graeme_Clarke,Q123352915,occupation,Graeme Clarke,8481578,2001,,ok_nhl_id
455,Nick Cousins,8476393,Nick_Cousins,Q19611265,occupation,Nick Cousins,8476393,1993,,ok_nhl_id
456,Dylan Cozens,8481528,Dylan_Cozens,Q65030083,occupation,Dylan Cozens,8481528,2001,,ok_nhl_id
457,Lars Eller,8474189,Lars_Eller,Q427363,occupation,Lars Eller,8474189,1989,,ok_nhl_id
458,Warren Foegele,8477998,Warren_Foegele,Q51010020,occupation,Warren Foegele,8477998,1996,,ok_nhl_id
459,Claude Giroux,8473512,Claude_Giroux,Q940193,occupation,Claude Giroux,8473512,1988,,ok_nhl_id
460,Ridly Greig,8482092,Ridly_Greig,Q100177658,occupation,Ridly Greig,8482092,2002,,ok_nhl_id
461,Stephen Halliday,8483676,Stephen_Halliday_(ice_hockey),Q134294475,occupation,Stephen Halliday,8483676,2002,,ok_nhl_id
462,Hayden Hodgson,8478173,Hayden_Hodgson,Q111362302,occupation,Hayden Hodgson,8478173,1996,,ok_nhl_id
463,Arthur Kaliyev,8481560,Arthur_Kaliyev,Q64781802,occupation,Arthur Kaliyev,8481560,2001,,ok_nhl_id
464,Kurtis MacDermid,8477073,Kurtis_MacDermid,Q41719374,occupation,Kurtis MacDermid,8477073,1994,,ok_nhl_id
465,Shane Pinto,8481596,Shane_Pinto,Q64853340,occupation,Shane Pinto,8481596,2000,,ok_nhl_id
466,Tim Stützle,8482116,Tim_Stützle,Q70008386,occupation,Tim Stützle,8482116,2002,,ok_nhl_id
467,Brady Tkachuk,8480801,Brady_Tkachuk,Q47091197,occupation,Brady Tkachuk,8480801,1999,,ok_nhl_id
468,Fabian Zetterlund,8480188,Fabian_Zetterlund,Q27049206,occupation,Fabian Zetterlund,8480188,1999,,ok_nhl_id
469,Thomas Chabot,8478469,Thomas_Chabot,Q20070752,occupation,Thomas Chabot,8478469,1997,,ok_nhl_id
470,Cameron Crotty,8480075,Cameron_Crotty,Q125141169,occupation,Cameron Crotty,8480075,1999,,ok_nhl_id
471,Dennis Gilbert,8478502,Dennis_Gilbert_(ice_hockey),Q20676428,occupation,Dennis Gilbert,8478502,1996,,ok_nhl_id
472,Nick Jensen,8475324,Nick_Jensen,Q16229145,occupation,Nick Jensen,8475324,1990,,ok_nhl_id
473,Tyler Kleven,8482095,Tyler_Kleven,Q117349974,occupation,Tyler Kleven,8482095,2002,,ok_nhl_id
474,Nikolas Matinpalo,8484321,Nikolas_Matinpalo,Q61103628,occupation,Nikolas Matinpalo,8484321,1998,,ok_nhl_id
475,Jake Sanderson,8482105,Jake_Sanderson,Q99744353,occupation,Jake Sanderson,8482105,2002,,ok_nhl_id
476,Jordan Spence,8481606,Jordan_Spence_(ice_hockey),Q104591119,occupation,Jordan Spence,8481606,2001,,ok_nhl_id
477,Lassi Thomson,8481575,Lassi_Thomson,Q64781761,occupation,Lassi Thomson,8481575,2000,,ok_nhl_id
478,Carter Yakemchuk,8484759,Carter_Yakemchuk,Q126936261,occupation,Carter Yakemchuk,8484759,2005,,ok_nhl_id
479,Artem Zub,8482245,Artem_Zub,Q29788672,occupation,Artyom Zub,8482245,1995,,ok_nhl_id
480,Rodrigo Abols,8479022,Rodrigo_Ābols,Q19356871,occupation,Rodrigo Abols,8479022,1996,,ok_nhl_id
481,Denver Barkey,8484142,Denver_Barkey,Q130548141,occupation,Denver Barkey,8484142,2005,,ok_nhl_id
482,Alex Bump,8483731,Alex_Bump,Q133500284,occupation,Alex Bump,8483731,2003,,ok_nhl_id
483,Noah Cates,8480220,Noah_Cates,Q110552680,occupation,Noah Cates,8480220,1999,,ok_nhl_id
484,Sean Couturier,8476461,Sean_Couturier,Q1860056,occupation,Sean Couturier,8476461,1992,,ok_nhl_id
485,Christian Dvorak,8477989,Christian_Dvorak,Q22681273,occupation,Christian Dvorak,8477989,1996,,ok_nhl_id
486,Tyson Foerster,8482159,Tyson_Foerster,Q100187048,occupation,Tyson Foerster,8482159,2002,,ok_nhl_id
487,Jacob Gaucher,8481848,Jacob_Gaucher,Q132126484,occupation,Jacob Gaucher,8481848,2001,,ok_nhl_id
488,Luke Glendening,8476822,Luke_Glendening,Q15081068,occupation,Luke Glendening,8476822,1989,,ok_nhl_id
489,Nikita Grebenkin,8483733,Nikita_Grebenkin,Q120920350,occupation,Nikita Grebyonkin,8483733,2003,,ok_nhl_id
490,Carl Grundstrom,8479336,Carl_Grundström,Q20631146,occupation,Carl Grundström,8479336,1997,,ok_nhl_id
491,Garnet Hathaway,8477903,Garnet_Hathaway,Q20656991,occupation,Garnet Hathaway,8477903,1991,,ok_nhl_id
492,Travis Konecny,8478439,Travis_Konecny,Q16229347,occupation,Travis Konecny,8478439,1997,,ok_nhl_id
493,Jett Luchanko,8484779,Jett_Luchanko,Q126932754,occupation,Jett Luchanko,8484779,2006,,ok_nhl_id
494,Porter Martone,8485406,Porter_Martone,Q130211542,occupation,Porter Martone,8485406,2006,,ok_nhl_id
495,Matvei Michkov,8484387,Matvei_Michkov,Q81905428,occupation,Matvei Michkov,8484387,2004,,ok_nhl_id
496,Owen Tippett,8480015,Owen_Tippett,Q26207541,occupation,Owen Tippett,8480015,1999,,ok_nhl_id
497,Garrett Wilson,8475253,Garrett_Wilson_(ice_hockey),Q16089798,occupation,Garrett Wilson,8475253,1991,,ok_nhl_id
498,Trevor Zegras,8481533,Trevor_Zegras,Q64781751,occupation,Trevor Zegras,8481533,2001,,ok_nhl_id
499,Emil Andrae,8482126,Emil_Andrae,Q88670439,occupation,Emil Andrae,8482126,2002,,ok_nhl_id
500,Simon Benoit,8481122,Simon_Benoit,Q90828989,occupation,Simon Benoit,8481122,1998,,ok_nhl_id
501,Oliver Bonk,8484148,Oliver_Bonk,Q120068593,occupation,Oliver Bonk,8484148,2005,,ok_nhl_id
502,Jamie Drysdale,8482142,Jamie_Drysdale,Q80677472,occupation,Jamie Drysdale,8482142,2002,,ok_nhl_id
503,Helge Grans,8482169,Helge_Grans,Q85989235,occupation,Helge Grans,8482169,2002,,ok_nhl_id
504,David Jiricek,8483460,David_Jiříček,Q101429563,occupation,David Jiříček,8483460,2003,,ok_nhl_id
505,Noah Juulsen,8478454,Noah_Juulsen,Q20652530,occupation,Noah Juulsen,8478454,1997,,ok_nhl_id
506,Hunter McDonald,8483760,Hunter_McDonald,Q137829787,occupation,Hunter McDonald,8483760,2002,,ok_nhl_id
507,Rasmus Ristolainen,8477499,Rasmus_Ristolainen,Q3077970,occupation,Rasmus Ristolainen,8477499,1994,,ok_nhl_id
508,Travis Sanheim,8477948,Travis_Sanheim,Q17180909,occupation,Travis Sanheim,8477948,1996,,ok_nhl_id
509,Nick Seeler,8476372,Nick_Seeler,Q49139375,occupation,Nick Seeler,8476372,1993,,ok_nhl_id
510,Cam York,8481546,Cam_York,Q64781756,occupation,Cam York,8481546,2001,,ok_nhl_id
511,Noel Acciari,8478569,Noel_Acciari,Q20675813,occupation,Noel Acciari,8478569,1991,,ok_nhl_id
512,Justin Brazeau,8479638,Justin_Brazeau,Q124622990,occupation,Justin Brazeau,8479638,1998,,ok_nhl_id
513,Egor Chinakhov,8482475,Egor_Chinakhov,Q100150011,occupation,Egor Chinakhov,8482475,2001,,ok_nhl_id
514,Sidney Crosby,8471675,Sidney_Crosby,Q311280,occupation,Sidney Crosby,8471675,1987,,ok_nhl_id
515,Connor Dewar,8480980,Connor_Dewar,Q89882950,occupation,Connor Dewar,8480980,1999,,ok_nhl_id
516,Filip Hallander,8480842,Filip_Hållander,Q53912891,occupation,Filip Hållander,8480842,2000,,ok_nhl_id
517,Kevin Hayes,8475763,Kevin_Hayes,Q3195713,occupation,Kevin Hayes,8475763,1992,,ok_nhl_id
518,Ben Kindel,8485414,Ben_Kindel,Q135106803,occupation,Benjamin Kindel,8485414,2007,,ok_nhl_id
519,Ville Koivunen,8482758,Ville_Koivunen,Q108114408,occupation,Ville Koivunen,8482758,2003,,ok_nhl_id
520,Blake Lizotte,8481481,Blake_Lizotte,Q62932839,occupation,Blake Lizotte,8481481,1997,,ok_nhl_id
521,Evgeni Malkin,8471215,Evgeni_Malkin,Q314433,occupation,Evgeni Malkin,8471215,1986,,ok_nhl_id
522,Anthony Mantha,8477511,Anthony_Mantha,Q13580947,occupation,Anthony Mantha,8477511,1994,,ok_nhl_id
523,Tommy Novak,8478438,Tommy_Novak,Q20707370,occupation,Tommy Novak,8478438,1997,,ok_nhl_id
524,Rickard Rakell,8476483,Rickard_Rakell,Q1731789,occupation,Rickard Rakell,8476483,1993,,ok_nhl_id
525,Bryan Rust,8475810,Bryan_Rust,Q18637940,occupation,Bryan Rust,8475810,1992,,ok_nhl_id
526,Elmer Soderblom,8481725,Elmer_Söderblom,Q104179563,occupation,Elmer Söderblom,8481725,2001,,ok_nhl_id
527,Connor Clifton,8477365,Connor_Clifton,Q58837108,occupation,Connor Clifton,8477365,1995,,ok_nhl_id
528,Samuel Girard,8479398,Sam_Girard,Q41874508,occupation,Samuel Girard,8479398,1998,,ok_nhl_id
529,Ryan Graves,8477435,Ryan_Graves_(ice_hockey),Q50365958,occupation,Ryan Graves,8477435,1995,,ok_nhl_id
530,Erik Karlsson,8474578,Erik_Karlsson,Q929159,occupation,Erik Karlsson,8474578,1990,,ok_nhl_id
531,Kris Letang,8471724,Kris_Letang,Q1376409,occupation,Kris Letang,8471724,1987,,ok_nhl_id
532,Jake Livanavage,8486169,Jake_Livanavage,Q133930914,occupation,Jake Livanavage,8486169,2004,,ok_nhl_id
533,Ryan Shea,8478854,Ryan_Shea,Q108301337,occupation,Ryan Shea,8478854,1997,,ok_nhl_id
534,Ilya Solovyov,8482470,Ilya_Solovyov,Q107136932,occupation,Ilya Solovyov,8482470,2000,,ok_nhl_id
535,Jack St. Ivany,8481030,Jack_St._Ivany,Q125116639,occupation,Jack St. Ivany,8481030,1999,,ok_nhl_id
536,Parker Wotherspoon,8478450,Parker_Wotherspoon,Q21683687,occupation,Parker Wotherspoon,8478450,1997,,ok_nhl_id
537,Macklin Celebrini,8484801,Macklin_Celebrini,Q116369841,occupation,Macklin Celebrini,8484801,2006,,ok_nhl_id
538,Ty Dellandrea,8480848,Ty_Dellandrea,Q55183445,occupation,Ty Dellandrea,8480848,2000,,ok_nhl_id
539,William Eklund,8482667,William_Eklund,Q104473429,occupation,William Eklund,8482667,2002,,ok_nhl_id
540,Adam Gaudette,8478874,Adam_Gaudette,Q28935407,occupation,Adam Gaudette,8478874,1996,,ok_nhl_id
541,Barclay Goodrow,8476624,Barclay_Goodrow,Q18391246,occupation,Barclay Goodrow,8476624,1993,,ok_nhl_id
542,Collin Graf,8484911,Collin_Graf,Q117468322,occupation,Collin Graf,8484911,2002,,ok_nhl_id
543,Philipp Kurashev,8480798,Philipp_Kurashev,Q60284256,occupation,Philipp Kurashev,8480798,1999,,ok_nhl_id
544,Michael Misa,8485402,Michael_Misa,Q120143115,occupation,Michael Misa,8485402,2007,,ok_nhl_id
545,Zack Ostapchuk,8482859,Zack_Ostapchuk,Q124828144,occupation,Zack Ostapchuk,8482859,2003,,ok_nhl_id
546,Ryan Reaves,8471817,Ryan_Reaves,Q2178104,occupation,Ryan Reaves,8471817,1987,,ok_nhl_id
547,Pavol Regenda,8483630,Pavol_Regenda,Q110933819,occupation,Pavol Regenda,8483630,1999,,ok_nhl_id
548,Kiefer Sherwood,8480748,Kiefer_Sherwood,Q56876110,occupation,Kiefer Sherwood,8480748,1995,,ok_nhl_id
549,Will Smith,8484227,Will_Smith_(ice_hockey),Q120015664,occupation,Will Smith,8484227,2005,,ok_nhl_id
550,Tyler Toffoli,8475726,Tyler_Toffoli,Q3546040,occupation,Tyler Toffoli,8475726,1992,,ok_nhl_id
551,Alexander Wennberg,8477505,Alexander_Wennberg,Q4720354,occupation,Alexander Wennberg,8477505,1994,,ok_nhl_id
552,Vincent Desharnais,8479576,Vincent_Desharnais,Q116178534,occupation,Vincent Desharnais,8479576,1996,,ok_nhl_id
553,Sam Dickinson,8484806,Sam_Dickinson_(ice_hockey),Q124634454,occupation,Sam Dickinson,8484806,2006,,ok_nhl_id
554,Mario Ferraro,8479983,Mario_Ferraro,Q69524804,occupation,Mario Ferraro,8479983,1998,,ok_nhl_id
555,John Klingberg,8475906,John_Klingberg,Q527382,occupation,John Klingberg,8475906,1992,,ok_nhl_id
556,Nick Leddy,8475181,Nick_Leddy,Q1985505,occupation,Nick Leddy,8475181,1991,,ok_nhl_id
557,Shakir Mukhamadullin,8482166,Shakir_Mukhamadullin,Q98961212,occupation,Shakir Mukhamadullin,8482166,2002,,ok_nhl_id
558,Dmitry Orlov,8475200,Dmitry_Orlov_(ice_hockey),Q1232790,occupation,Dmitry Orlov,8475200,1991,,ok_nhl_id
559,Matty Beniers,8482665,Matty_Beniers,Q107035397,occupation,Matty Beniers,8482665,2002,,ok_nhl_id
560,Berkly Catton,8484800,Berkly_Catton,Q124260524,occupation,Berkly Catton,8484800,2006,,ok_nhl_id
561,Jordan Eberle,8474586,Jordan_Eberle,Q975074,occupation,Jordan Eberle,8474586,1990,,ok_nhl_id
562,Frederick Gaudreau,8477919,Frédérick_Gaudreau,Q27530137,occupation,Frédérick Gaudreau,8477919,1993,,ok_nhl_id
563,Kaapo Kakko,8481554,Kaapo_Kakko,Q45835153,occupation,Kaapo Kakko,8481554,2001,,ok_nhl_id
564,Jared McCann,8477955,Jared_McCann,Q16229703,occupation,Jared McCann,8477955,1996,,ok_nhl_id
565,Bobby McMann,8482259,Bobby_McMann,Q116176450,occupation,Bobby McMann,8482259,1996,,ok_nhl_id
566,Ben Meyers,8483570,Ben_Meyers,Q110932966,occupation,Ben Meyers,8483570,1998,,ok_nhl_id
567,Jaden Schwartz,8475768,Jaden_Schwartz,Q3160420,occupation,Jaden Schwartz,8475768,1992,,ok_nhl_id
568,Chandler Stephenson,8476905,Chandler_Stephenson,Q21192284,occupation,Chandler Stephenson,8476905,1994,,ok_nhl_id
569,Eeli Tolvanen,8480009,Eeli_Tolvanen,Q23906048,occupation,Eeli Tolvanen,8480009,1999,,ok_nhl_id
570,Ryan Winterton,8482751,Ryan_Winterton,Q123394071,occupation,Ryan Winterton,8482751,2003,,ok_nhl_id
571,Shane Wright,8483524,Shane_Wright,Q105731667,occupation,Shane Wright,8483524,2004,,ok_nhl_id
572,Vince Dunn,8478407,Vince_Dunn,Q41611395,occupation,Vince Dunn,8478407,1996,,ok_nhl_id
573,Ryker Evans,8482858,Ryker_Evans,Q112144287,occupation,Ryker Evans,8482858,2001,,ok_nhl_id
574,Cale Fleury,8479985,Cale_Fleury,Q69412866,occupation,Cale Fleury,8479985,1998,,ok_nhl_id
575,Adam Larsson,8476457,Adam_Larsson,Q350284,occupation,Adam Larsson,8476457,1992,,ok_nhl_id
576,Ryan Lindgren,8479324,Ryan_Lindgren,Q24827237,occupation,Ryan Lindgren,8479324,1998,,ok_nhl_id
577,Joshua Mahura,8479372,Josh_Mahura,Q58883801,occupation,Josh Mahura,8479372,1998,,ok_nhl_id
578,Brandon Montour,8477986,Brandon_Montour,Q23799452,occupation,Brandon Montour,8477986,1994,,ok_nhl_id
579,Jamie Oleksiak,8476467,Jamie_Oleksiak,Q3161564,occupation,Jamie Oleksiak,8476467,1992,,ok_nhl_id
580,Jonatan Berggren,8481013,Jonatan_Berggren,Q52154379,occupation,Jonatan Berggren,8481013,2000,,ok_nhl_id
581,Pavel Buchnevich,8477402,Pavel_Buchnevich,Q3372929,occupation,Pavel Buchnevich,8477402,1995,,ok_nhl_id
582,Jonathan Drouin,8477494,Jonathan_Drouin,Q1572118,occupation,Jonathan Drouin,8477494,1995,,ok_nhl_id
583,Dalibor Dvorsky,8484164,Dalibor_Dvorský,Q109335919,occupation,Dalibor Dvorsky,8484164,2005,,ok_nhl_id
584,Jack Finley,8482090,Jack_Finley,Q120401898,occupation,Jack Finley,8482090,2002,,ok_nhl_id
585,Dylan Holloway,8482077,Dylan_Holloway,Q100166692,occupation,Dylan Holloway,8482077,2001,,ok_nhl_id
586,Jordan Kyrou,8479385,Jordan_Kyrou,Q47088002,occupation,Jordan Kyrou,8479385,1998,,ok_nhl_id
587,Jake Neighbours,8482089,Jake_Neighbours,Q100166664,occupation,Jake Neighbours,8482089,2002,,ok_nhl_id
588,Jimmy Snuggerud,8483516,Jimmy_Snuggerud,Q81907130,occupation,Jimmy Snuggerud,8483516,2004,,ok_nhl_id
589,Oskar Sundqvist,8476897,Oskar_Sundqvist,Q6381123,occupation,Oskar Sundqvist,8476897,1994,,ok_nhl_id
590,Pius Suter,8480459,Pius_Suter,Q17305227,occupation,Pius Suter,8480459,1996,,ok_nhl_id
591,Robert Thomas,8480023,Robert_Thomas_(ice_hockey),Q30689603,occupation,Robert Thomas,8480023,1999,,ok_nhl_id
592,Alexey Toropchenko,8480281,Alexey_Toropchenko,Q99761947,occupation,Alexey Toropchenko,8480281,1999,,ok_nhl_id
593,Nathan Walker,8477573,Nathan_Walker,Q984365,occupation,Nathan Walker,8477573,1994,,ok_nhl_id
594,Philip Broberg,8481598,Philip_Broberg,Q64764843,occupation,Philip Broberg,8481598,2001,,ok_nhl_id
595,Cam Fowler,8475764,Cam_Fowler,Q1027905,occupation,Cam Fowler,8475764,1991,,ok_nhl_id
596,Justin Holl,8475718,Justin_Holl,Q47527934,occupation,Justin Holl,8475718,1992,,ok_nhl_id
597,Matthew Kessel,8482516,Matthew_Kessel,Q124391190,occupation,Matthew Kessel,8482516,2000,,ok_nhl_id
598,Logan Mailloux,8482733,Logan_Mailloux,Q107632114,occupation,Logan Mailloux,8482733,2003,,ok_nhl_id
599,Colton Parayko,8476892,Colton_Parayko,Q16204018,occupation,Colton Parayko,8476892,1993,,ok_nhl_id
600,Tyler Tucker,8481006,Tyler_Tucker,Q115249555,occupation,Tyler Tucker,8481006,2000,,ok_nhl_id
601,Oliver Bjorkstrand,8477416,Oliver_Bjorkstrand,Q1439741,occupation,Oliver Bjorkstrand,8477416,1995,,ok_nhl_id
602,Anthony Cirelli,8478519,Anthony_Cirelli,Q50300676,occupation,Anthony Cirelli,8478519,1997,,ok_nhl_id
603,Conor Geekie,8483447,Conor_Geekie,Q81903067,occupation,Conor Geekie,8483447,2004,,ok_nhl_id
604,Zemgus Girgensons,8476878,Zemgus_Girgensons,Q3078663,occupation,Zemgus Girgensons,8476878,1994,,ok_nhl_id
605,Gage Goncalves,8482201,Gage_Goncalves,Q124258303,occupation,Gage Goncalves,8482201,2001,,ok_nhl_id
606,Yanni Gourde,8476826,Yanni_Gourde,Q3571720,occupation,Yanni Gourde,8476826,1991,,ok_nhl_id
607,Jake Guentzel,8477404,Jake_Guentzel,Q27902006,occupation,Jake Guentzel,8477404,1994,,ok_nhl_id
608,Brandon Hagel,8479542,Brandon_Hagel,Q87544687,occupation,Brandon Hagel,8479542,1998,,ok_nhl_id
609,Pontus Holmberg,8480995,Pontus_Holmberg,Q53869727,occupation,Pontus Holmberg,8480995,1999,,ok_nhl_id
610,Dominic James,8483752,Dominic_James_(ice_hockey),Q136746484,occupation,Dominic James,8483752,2002,,ok_nhl_id
611,Nikita Kucherov,8476453,Nikita_Kucherov,Q1693680,occupation,Nikita Kucherov,8476453,1993,,ok_nhl_id
612,Nick Paul,8477426,Nick_Paul,Q22891534,occupation,Nick Paul,8477426,1995,,ok_nhl_id
613,Corey Perry,8470621,Corey_Perry,Q948963,occupation,Corey Perry,8470621,1985,,ok_nhl_id
614,Brayden Point,8478010,Brayden_Point,Q17183570,occupation,Brayden Point,8478010,1996,,ok_nhl_id
615,Scott Sabourin,8477149,Scott_Sabourin,Q16224923,occupation,Scott Sabourin,8477149,1992,,ok_nhl_id
616,Declan Carlile,8483398,Declan_Carlile,Q124151607,occupation,Declan Carlile,8483398,2000,,ok_nhl_id
617,Erik Cernak,8478416,Erik_Černák,Q15613791,occupation,Erik Černák,8478416,1997,,ok_nhl_id
618,Max Crozier,8481719,Max_Crozier,Q124285797,occupation,Max Crozier,8481719,2000,,ok_nhl_id
619,Charle-Edouard D'Astous,8480426,Charle-Edouard_D'Astous,Q116942773,occupation,Charles-Édouard D'Astous,8480426,1998,,ok_nhl_id
620,Victor Hedman,8475167,Victor_Hedman,Q728924,occupation,Victor Hedman,8475167,1990,,ok_nhl_id
621,Emil Lilleberg,8482929,Emil_Lilleberg,Q90910550,occupation,Emil Lilleberg,8482929,2001,,ok_nhl_id
622,Ryan McDonagh,8474151,Ryan_McDonagh,Q2094838,occupation,Ryan McDonagh,8474151,1989,,ok_nhl_id
623,J.J. Moser,8482655,J._J._Moser,Q63457572,occupation,J.J. Moser,8482655,2000,,ok_nhl_id
624,Darren Raddysh,8478178,Darren_Raddysh,Q98755073,occupation,Darren Raddysh,8478178,1996,,ok_nhl_id
625,Max Domi,8477503,Max_Domi,Q13581451,occupation,Max Domi,8477503,1995,,ok_nhl_id
626,Bo Groulx,8480870,Benoit-Olivier_Groulx,Q50377306,nhl_id,Benoit-Olivier Groulx,8480870,2000,,ok_nhl_id
627,Luke Haymes,8485467,,,none,,,,,unverified
628,Calle Jarnkrok,8475714,Calle_Järnkrok,Q961358,occupation,Calle Järnkrok,8475714,1991,,ok_nhl_id
629,Dakota Joshua,8478057,Dakota_Joshua,Q19519917,occupation,Dakota Joshua,8478057,1996,,ok_nhl_id
630,Matthew Knies,8482720,Matthew_Knies,Q110984252,occupation,Matthew Knies,8482720,2002,,ok_nhl_id
631,Steven Lorentz,8478904,Steven_Lorentz,Q105104970,occupation,Steven Lorentz,8478904,1996,,ok_nhl_id
632,Matias Maccelli,8481711,Matias_Maccelli,Q70335829,occupation,Matias Maccelli,8481711,2000,,ok_nhl_id
633,Auston Matthews,8479318,Auston_Matthews,Q20090644,occupation,Auston Matthews,8479318,1997,,ok_nhl_id
634,William Nylander,8477939,William_Nylander,Q14614517,occupation,William Nylander,8477939,1996,,ok_nhl_id
635,Nicholas Robertson,8481582,Nicholas_Robertson_(ice_hockey),Q98066183,occupation,Nicholas Robertson,8481582,2001,,ok_nhl_id
636,John Tavares,8475166,John_Tavares,Q537353,occupation,John Tavares,8475166,1990,,ok_nhl_id
637,Emil Andrae,8482126,Emil_Andrae,Q88670439,occupation,Emil Andrae,8482126,2002,,ok_nhl_id
638,Simon Benoit,8481122,Simon_Benoit,Q90828989,occupation,Simon Benoit,8481122,1998,,ok_nhl_id
639,Brandon Carlo,8478443,Brandon_Carlo,Q20067419,occupation,Brandon Carlo,8478443,1996,,ok_nhl_id
640,Oliver Ekman-Larsson,8475171,Oliver_Ekman-Larsson,Q1390668,occupation,Oliver Ekman-Larsson,8475171,1991,,ok_nhl_id
641,Jake McCabe,8476931,Jake_McCabe,Q16054878,occupation,Jake McCabe,8476931,1993,,ok_nhl_id
642,Philippe Myers,8479026,Philippe_Myers,Q56658449,occupation,Philippe Myers,8479026,1997,,ok_nhl_id
643,Morgan Rielly,8476853,Morgan_Rielly,Q552306,occupation,Morgan Rielly,8476853,1994,,ok_nhl_id
644,Troy Stecher,8479442,Troy_Stecher,Q27571839,occupation,Troy Stecher,8479442,1994,,ok_nhl_id
645,Chris Tanev,8475690,Christopher_Tanev,Q1086998,occupation,Christopher Tanev,8475690,1989,,ok_nhl_id
646,Andrew Agozzino,8475461,Andrew_Agozzino,Q4756183,occupation,Andrew Agozzino,8475461,1991,,ok_nhl_id
647,Daniil But,8484388,Daniil_But,Q120067880,occupation,Daniil But,8484388,2005,,ok_nhl_id
648,Michael Carcone,8479619,Michael_Carcone,Q110304604,occupation,Michael Carcone,8479619,1996,,ok_nhl_id
649,Logan Cooley,8483431,Logan_Cooley,Q112967578,occupation,Logan Cooley,8483431,2004,,ok_nhl_id
650,Lawson Crouse,8478474,Lawson_Crouse,Q18763985,occupation,Lawson Crouse,8478474,1997,,ok_nhl_id
651,Dylan Guenther,8482699,Dylan_Guenther,Q108030630,occupation,Dylan Guenther,8482699,2003,,ok_nhl_id
652,Barrett Hayton,8480849,Barrett_Hayton,Q51777580,occupation,Barrett Hayton,8480849,2000,,ok_nhl_id
653,Clayton Keller,8479343,Clayton_Keller,Q22278556,occupation,Clayton Keller,8479343,1998,,ok_nhl_id
654,Alexander Kerfoot,8477021,Alexander_Kerfoot,Q41455254,occupation,Alex Kerfoot,8477021,1994,,ok_nhl_id
655,Jack McBain,8480855,Jack_McBain,Q110876482,occupation,Jack McBain,8480855,2000,,ok_nhl_id
656,Ben McCartney,8481827,Ben_McCartney,Q109448153,occupation,Ben McCartney,8481827,2001,,ok_nhl_id
657,Liam O'Brien,8477070,Liam_O'Brien_(ice_hockey),Q18228540,occupation,Liam O'Brien,8477070,1994,,ok_nhl_id
658,JJ Peterka,8482175,JJ_Peterka,Q80808677,occupation,John-Jason Peterka,8482175,2002,,ok_nhl_id
659,Kevin Rooney,8479291,Kevin_Rooney_(ice_hockey),Q28865575,occupation,Kevin Rooney,8479291,1993,,ok_nhl_id
660,Nick Schmaltz,8477951,Nick_Schmaltz,Q17180924,occupation,Nick Schmaltz,8477951,1996,,ok_nhl_id
661,Kevin Stenlund,8478831,Kevin_Stenlund,Q20709999,occupation,Kevin Stenlund,8478831,1996,,ok_nhl_id
662,Brandon Tanev,8479293,Brandon_Tanev,Q23918693,occupation,Brandon Tanev,8479293,1991,,ok_nhl_id
663,Kailer Yamamoto,8479977,Kailer_Yamamoto,Q24827223,occupation,Kailer Yamamoto,8479977,1998,,ok_nhl_id
664,Ian Cole,8474013,Ian_Cole,Q1655486,occupation,Ian Cole,8474013,1989,,ok_nhl_id
665,Nick DeSimone,8480084,Nick_DeSimone,Q115133336,occupation,Nick DeSimone,8480084,1994,,ok_nhl_id
666,Sean Durzi,8480434,Sean_Durzi,Q109735832,occupation,Sean Durzi,8480434,1998,,ok_nhl_id
667,Maveric Lamoureux,8483472,Maveric_Lamoureux,Q112967564,occupation,Maveric Lamoureux,8483472,2004,,ok_nhl_id
668,John Marino,8478507,John_Marino,Q70152038,occupation,John Marino,8478507,1997,,ok_nhl_id
669,Scott Perunovich,8481059,Scott_Perunovich,Q62082495,occupation,Scott Perunovich,8481059,1998,,ok_nhl_id
670,Nate Schmidt,8477220,Nate_Schmidt,Q15142783,occupation,Nate Schmidt,8477220,1991,,ok_nhl_id
671,Mikhail Sergachev,8479410,Mikhail_Sergachev,Q21622801,occupation,Mikhail Sergachev,8479410,1998,,ok_nhl_id
672,Dmitri Simashev,8484386,Dmitriy_Simashev,Q120067858,occupation,Dmitriy Simashev,8484386,2005,,ok_nhl_id
673,Maksymilian Szuber,8483763,Maksymilian_Szuber,Q111901366,occupation,Maksymilian Szuber,8483763,2002,,ok_nhl_id
674,MacKenzie Weegar,8477346,MacKenzie_Weegar,Q29246743,occupation,MacKenzie Weegar,8477346,1994,,ok_nhl_id
675,Nils Aman,8482496,Nils_Åman,Q100251382,occupation,Nils Åman,8482496,2000,,ok_nhl_id
676,Teddy Blueger,8476927,Teddy_Blueger,Q15407916,occupation,Teodors Bļugers,8476927,1994,,ok_nhl_id
677,Brock Boeser,8478444,Brock_Boeser,Q20090315,occupation,Brock Boeser,8478444,1997,,ok_nhl_id
678,Filip Chytil,8480078,Filip_Chytil,Q30582528,occupation,Filip Chytil,8480078,1999,,ok_nhl_id
679,Jake DeBrusk,8478498,Jake_DeBrusk,Q20536540,occupation,Jake DeBrusk,8478498,1996,,ok_nhl_id
680,Curtis Douglas,8480876,Curtis_Douglas,Q136470461,occupation,Curtis Douglas,8480876,2000,,ok_nhl_id
681,Nils Hoglander,8481535,Nils_Höglander,Q54828774,occupation,Nils Höglander,8481535,2000,,ok_nhl_id
682,Evander Kane,8475169,Evander_Kane,Q976515,occupation,Evander Kane,8475169,1991,,ok_nhl_id
683,Linus Karlsson,8481024,Linus_Karlsson_(ice_hockey),Q55364020,occupation,Linus Karlsson,8481024,1999,,ok_nhl_id
684,Drew O'Connor,8482055,Drew_O'Connor,Q105083026,occupation,Drew O'Connor,8482055,1998,,ok_nhl_id
685,Liam Ohgren,8483499,Liam_Öhgren,Q112960703,occupation,Liam Öhgren,8483499,2004,,ok_nhl_id
686,Elias Pettersson,8480012,Elias_Pettersson,Q28057083,occupation,Elias Pettersson,8480012,1998,,ok_nhl_id
687,Aatu Räty,8482691,Aatu_Räty,Q70335876,occupation,Aatu Räty,8482691,2002,,ok_nhl_id
688,Marco Rossi,8482079,Marco_Rossi_(ice_hockey),Q44086008,occupation,Marco Rossi,8482079,2001,,ok_nhl_id
689,Max Sasson,8484136,Max_Sasson,Q131316613,occupation,Max Sasson,8484136,2000,,ok_nhl_id
690,Zeev Buium,8484798,Zeev_Buium,Q124098765,occupation,Zeev Buium,8484798,2005,,ok_nhl_id
691,Derek Forbort,8475762,Derek_Forbort,Q3023724,occupation,Derek Forbort,8475762,1992,,ok_nhl_id
692,Filip Hronek,8479425,Filip_Hronek,Q20057354,occupation,Filip Hronek,8479425,1997,,ok_nhl_id
693,Pierre-Olivier Joseph,8480058,Pierre-Olivier_Joseph,Q30596054,occupation,Pierre-Olivier Joseph,8480058,1999,,ok_nhl_id
694,Victor Mancini,8483768,Victor_Mancini,Q130470301,occupation,Victor Mancini,8483768,2002,,ok_nhl_id
695,Elias Pettersson,8483678,"Elias_Pettersson_(ice_hockey,_born_2004)",Q114003684,nhl_id,Elias Pettersson,8483678,2004,,ok_nhl_id
696,Marcus Pettersson,8477969,Marcus_Pettersson,Q16224651,occupation,Marcus Pettersson,8477969,1996,,ok_nhl_id
697,Tom Willander,8484240,Tom_Willander,Q119997633,occupation,Tom Willander,8484240,2005,,ok_nhl_id
698,Ivan Barbashev,8477964,Ivan_Barbashev,Q16147074,occupation,Ivan Barbashev,8477964,1995,,ok_nhl_id
699,Braeden Bowman,8483890,Braeden_Bowman,Q136785645,occupation,Braeden Bowman,8483890,2003,,ok_nhl_id
700,Pavel Dorofeyev,8481604,Pavel_Dorofeyev,Q60677539,occupation,Pavel Dorofeyev,8481604,2000,,ok_nhl_id
701,Nic Dowd,8475343,Nic_Dowd,Q16228586,occupation,Nic Dowd,8475343,1990,,ok_nhl_id
702,Jack Eichel,8478403,Jack_Eichel,Q17285387,occupation,Jack Eichel,8478403,1996,,ok_nhl_id
703,Tomas Hertl,8476881,Tomáš_Hertl,Q2257856,occupation,Tomáš Hertl,8476881,1993,,ok_nhl_id
704,Alexander Holtz,8482125,Alexander_Holtz,Q63375795,occupation,Alexander Holtz,8482125,2002,,ok_nhl_id
705,Brett Howden,8479353,Brett_Howden,Q24805730,occupation,Brett Howden,8479353,1998,,ok_nhl_id
706,William Karlsson,8476448,William_Karlsson,Q2577203,occupation,William Karlsson,8476448,1993,,ok_nhl_id
707,Keegan Kolesar,8478434,Keegan_Kolesar,Q81764726,occupation,Keegan Kolesar,8478434,1997,,ok_nhl_id
708,Tanner Laczynski,8479550,Tanner_Laczynski,Q106359276,occupation,Tanner Laczynski,8479550,1997,,ok_nhl_id
709,Raphael Lavoie,8481534,Raphaël_Lavoie,Q98744669,occupation,Raphaël Lavoie,8481534,2000,,ok_nhl_id
710,Mitch Marner,8478483,Mitch_Marner,Q19896071,occupation,Mitchell Marner,8478483,1997,,ok_nhl_id
711,Jonas Rondbjerg,8480007,Jonas_Røndbjerg,Q23845870,occupation,Jonas Røndbjerg,8480007,1999,,ok_nhl_id
712,Brandon Saad,8476438,Brandon_Saad,Q389490,occupation,Brandon Saad,8476438,1992,,ok_nhl_id
713,Colton Sissons,8476925,Colton_Sissons,Q15705565,occupation,Colton Sissons,8476925,1993,,ok_nhl_id
714,Cole Smith,8482062,Cole_Smith_(ice_hockey),Q104828654,occupation,Cole Smith,8482062,1995,,ok_nhl_id
715,Reilly Smith,8475191,Reilly_Smith,Q4588453,occupation,Reilly Smith,8475191,1991,,ok_nhl_id
716,Mark Stone,8475913,Mark_Stone,Q473524,occupation,Mark Stone,8475913,1992,,ok_nhl_id
717,Kai Uchacz,8485251,Kai_Uchacz,Q138013097,occupation,Kai Uchacz,,2003,2003,ok_dob
718,Rasmus Andersson,8478397,Rasmus_Andersson,Q16150336,occupation,Rasmus Andersson,8478397,1996,,ok_nhl_id
719,Dylan Coghlan,8479639,Dylan_Coghlan,Q105332801,occupation,Dylan Coghlan,8479639,1998,,ok_nhl_id
720,Jeremy Davies,8479602,Jérémy_Davies,Q105844188,occupation,Jérémy Davies,8479602,1996,,ok_nhl_id
721,Noah Hanifin,8478396,Noah_Hanifin,Q17386014,occupation,Noah Hanifin,8478396,1997,,ok_nhl_id
722,Ben Hutton,8477018,Ben_Hutton,Q16229096,occupation,Ben Hutton,8477018,1993,,ok_nhl_id
723,Kaedan Korczak,8481527,Kaedan_Korczak,Q104591090,occupation,Kaedan Korczak,8481527,2001,,ok_nhl_id
724,Jeremy Lauzon,8478468,Jérémy_Lauzon,Q58002269,occupation,Jérémy Lauzon,8478468,1997,,ok_nhl_id
725,Brayden McNabb,8475188,Brayden_McNabb,Q944469,occupation,Brayden McNabb,8475188,1991,,ok_nhl_id
726,Jaycob Megna,8477034,Jaycob_Megna,Q16229748,occupation,Jaycob Megna,8477034,1992,,ok_nhl_id
727,Shea Theodore,8477447,Shea_Theodore,Q13581460,occupation,Shea Theodore,8477447,1995,,ok_nhl_id
728,Anthony Beauvillier,8478463,Anthony_Beauvillier,Q20065960,occupation,Anthony Beauvillier,8478463,1997,,ok_nhl_id
729,Pierre-Luc Dubois,8479400,Pierre-Luc_Dubois,Q21621212,occupation,Pierre-Luc Dubois,8479400,1998,,ok_nhl_id
730,Brandon Duhaime,8479520,Brandon_Duhaime,Q108913705,occupation,Brandon Duhaime,8479520,1997,,ok_nhl_id
731,Ethen Frank,8483573,Ethen_Frank,Q113415535,occupation,Ethen Frank,8483573,1998,,ok_nhl_id
732,David Kampf,8480144,David_Kämpf,Q16229225,occupation,David Kämpf,8480144,1995,,ok_nhl_id
733,Hendrix Lapierre,8482148,Hendrix_Lapierre,Q100150917,occupation,Hendrix Lapierre,8482148,2002,,ok_nhl_id
734,Ryan Leonard,8484186,Ryan_Leonard_(ice_hockey),Q120056851,occupation,Ryan Leonard,8484186,2005,,ok_nhl_id
735,Connor McMichael,8481580,Connor_McMichael,Q64781753,occupation,Connor McMichael,8481580,2001,,ok_nhl_id
736,Ivan Miroshnichenko,8483491,Ivan_Miroshnichenko_(ice_hockey),Q81905462,occupation,Ivan Miroshnichenko,8483491,2004,,ok_nhl_id
737,Alex Ovechkin,8471214,Alexander_Ovechkin,Q311374,occupation,Alexander Ovechkin,8471214,1985,,ok_nhl_id
738,Aliaksei Protas,8481656,Aliaksei_Protas,Q105949105,occupation,Aliaksei Protas,8481656,2001,,ok_nhl_id
739,Ilya Protas,8484999,Ilya_Protas,Q126951602,occupation,Ilya Protas,8484999,2006,,ok_nhl_id
740,Justin Sourdif,8482088,Justin_Sourdif,Q123091694,occupation,Justin Sourdif,8482088,2002,,ok_nhl_id
741,Dylan Strome,8478440,Dylan_Strome,Q17388804,occupation,Dylan Strome,8478440,1997,,ok_nhl_id
742,Tom Wilson,8476880,Tom_Wilson_(ice_hockey),Q542781,occupation,Tom Wilson,8476880,1994,,ok_nhl_id
743,Declan Chisholm,8480990,Declan_Chisholm,Q110552291,occupation,Declan Chisholm,8480990,2000,,ok_nhl_id
744,Jakob Chychrun,8479345,Jakob_Chychrun,Q16240150,occupation,Jakob Chychrun,8479345,1998,,ok_nhl_id
745,Martin Fehérváry,8480796,Martin_Fehérváry,Q22116861,occupation,Martin Fehérváry,8480796,1999,,ok_nhl_id
746,Cole Hutson,8484873,Cole_Hutson,Q126855093,occupation,Cole Hutson,8484873,2006,,ok_nhl_id
747,Timothy Liljegren,8480043,Timothy_Liljegren,Q22959336,occupation,Timothy Liljegren,8480043,1999,,ok_nhl_id
748,Dylan McIlrath,8475795,Dylan_McIlrath,Q980125,occupation,Dylan McIlrath,8475795,1992,,ok_nhl_id
749,Matt Roy,8478911,Matt_Roy_(ice_hockey),Q61750232,occupation,Matt Roy,8478911,1995,,ok_nhl_id
750,Rasmus Sandin,8480873,Rasmus_Sandin,Q43177791,occupation,Rasmus Sandin,8480873,2000,,ok_nhl_id
751,Trevor van Riemsdyk,8477845,Trevor_van_Riemsdyk,Q16225498,occupation,Trevor van Riemsdyk,8477845,1991,,ok_nhl_id
752,Morgan Barron,8480289,Morgan_Barron,Q98099029,occupation,Morgan Barron,8480289,1998,,ok_nhl_id
753,Nikita Chibrikov,8482787,Nikita_Chibrikov,Q107691526,occupation,Nikita Chibrikov,8482787,2003,,ok_nhl_id
754,Kyle Connor,8478398,Kyle_Connor,Q20067704,occupation,Kyle Connor,8478398,1996,,ok_nhl_id
755,Alex Iafallo,8480113,Alex_Iafallo,Q41719381,occupation,Alex Iafallo,8480113,1993,,ok_nhl_id
756,Cole Koepke,8481043,Cole_Koepke,Q108527818,occupation,Cole Koepke,8481043,1998,,ok_nhl_id
757,Adam Lowry,8476392,Adam_Lowry,Q4679424,occupation,Adam Lowry,8476392,1993,,ok_nhl_id
758,Vladislav Namestnikov,8476480,Vladislav_Namestnikov,Q1339462,occupation,Vladislav Namestnikov,8476480,1992,,ok_nhl_id
759,Nino Niederreiter,8475799,Nino_Niederreiter,Q688768,occupation,Nino Niederreiter,8475799,1992,,ok_nhl_id
760,Gustav Nyquist,8474679,Gustav_Nyquist,Q128328,occupation,Gustav Nyquist,8474679,1989,,ok_nhl_id
761,Cole Perfetti,8482149,Cole_Perfetti,Q99744352,occupation,Cole Perfetti,8482149,2002,,ok_nhl_id
762,Isak Rosen,8482765,Isak_Rosén,Q107629898,occupation,Isak Rosén,8482765,2003,,ok_nhl_id
763,Mark Scheifele,8476460,Mark_Scheifele,Q982252,occupation,Mark Scheifele,8476460,1993,,ok_nhl_id
764,Jonathan Toews,8473604,Jonathan_Toews,Q528240,occupation,Jonathan Toews,8473604,1988,,ok_nhl_id
765,Gabriel Vilardi,8480014,Gabriel_Vilardi,Q26251709,occupation,Gabriel Vilardi,8480014,1999,,ok_nhl_id
766,Jacob Bryson,8480196,Jacob_Bryson,Q105659049,occupation,Jacob Bryson,8480196,1997,,ok_nhl_id
767,Dylan DeMelo,8476331,Dylan_DeMelo,Q15727578,occupation,Dylan DeMelo,8476331,1993,,ok_nhl_id
768,Haydn Fleury,8477938,Haydn_Fleury,Q16228754,occupation,Haydn Fleury,8477938,1996,,ok_nhl_id
769,Ville Heinola,8481572,Ville_Heinola,Q56402321,occupation,Ville Heinola,8481572,2001,,ok_nhl_id
770,Colin Miller,8476525,"Colin_Miller_(ice_hockey,_born_1992)",Q16229782,nhl_id,Colin Miller,8476525,1992,,ok_nhl_id
771,Josh Morrissey,8477504,Josh_Morrissey,Q13581454,occupation,Josh Morrissey,8477504,1995,,ok_nhl_id
772,Neal Pionk,8480145,Neal_Pionk,Q48568980,occupation,Neal Pionk,8480145,1995,,ok_nhl_id
773,Elias Salomonsson,8483510,Elias_Salomonsson,Q112998981,occupation,Elias Salomonsson,8483510,2004,,ok_nhl_id
774,Dylan Samberg,8480049,Dylan_Samberg,Q110552007,occupation,Dylan Samberg,8480049,1999,,ok_nhl_id
