player_id,full_name,wikipedia_slug_tried,wikipedia_slug_chosen,wikidata_qid,wiki_match,wiki_12mo,fetch_date,window_start,window_end,n_redirect_titles,redirect_views_12mo,redirect_share
1,Leo Carlsson,Leo_Carlsson,Leo_Carlsson,Q115703445,occupation,71385,2026-07-22,20250418,20260417,0,0,0.000000
2,Nathan Gaucher,Nathan_Gaucher,Nathan_Gaucher,Q112967545,occupation,8052,2026-07-22,20250418,20260417,0,0,0.000000
3,Cutter Gauthier,Cutter_Gauthier,Cutter_Gauthier,Q81903054,occupation,142749,2026-07-22,20250418,20260417,4,110,0.000771
4,Mikael Granlund,Mikael_Granlund,Mikael_Granlund,Q520141,occupation,102398,2026-07-22,20250418,20260417,0,0,0.000000
5,Jansen Harkins,Jansen_Harkins,Jansen_Harkins,Q20066440,occupation,11914,2026-07-22,20250418,20260417,0,0,0.000000
6,Ross Johnston,Ross_Johnston,Ross_Johnston,Q24006114,occupation,17791,2026-07-22,20250418,20260417,0,0,0.000000
7,Alex Killorn,Alex_Killorn,Alex_Killorn,Q4719307,occupation,31301,2026-07-22,20250418,20260417,3,1258,0.040190
8,Chris Kreider,Chris_Kreider,Chris_Kreider,Q465017,occupation,102885,2026-07-22,20250418,20260417,3,166,0.001613
9,Mason McTavish,Mason_McTavish,Mason_McTavish,Q107684199,occupation,97735,2026-07-22,20250418,20260417,1,83,0.000849
10,Ryan Poehling,Ryan_Poehling,Ryan_Poehling,Q30538929,occupation,51150,2026-07-22,20250418,20260417,1,200,0.003910
11,Beckett Sennecke,Beckett_Sennecke,Beckett_Sennecke,Q126930004,occupation,98168,2026-07-22,20250418,20260417,1,78,0.000795
12,Troy Terry,Troy_Terry,Troy_Terry,Q21600096,occupation,30628,2026-07-22,20250418,20260417,1,28,0.000914
13,Frank Vatrano,Frank_Vatrano,Frank_Vatrano,Q21484331,occupation,23769,2026-07-22,20250418,20260417,2,116,0.004880
14,Jeffrey Viel,Jeffrey_Viel,Jeffrey_Viel,Q106291776,occupation,17493,2026-07-22,20250418,20260417,1,107,0.006117
15,Tim Washe,Tim_Washe,Tim_Washe,Q133885139,occupation,9113,2026-07-22,20250418,20260417,1,182,0.019971
16,John Carlson,John_Carlson,John_Carlson_(ice_hockey),Q1364621,occupation,88802,2026-07-22,20250418,20260417,0,0,0.000000
17,Radko Gudas,Radko_Gudas,Radko_Gudas,Q3501342,occupation,149288,2026-07-22,20250418,20260417,0,0,0.000000
18,Drew Helleson,Drew_Helleson,Drew_Helleson,Q110553837,occupation,11011,2026-07-22,20250418,20260417,1,65,0.005903
19,Tyson Hinds,Tyson_Hinds,,,none,,2026-06-23,20250418,20260417,,,
20,Jackson LaCombe,Jackson_LaCombe,Jackson_LaCombe,Q108556047,occupation,89302,2026-07-22,20250418,20260417,1,605,0.006775
21,Pavel Mintyukov,Pavel_Mintyukov,Pavel_Mintyukov,Q112967556,occupation,17789,2026-07-22,20250418,20260417,1,36,0.002024
22,Ian Moore,Ian_Moore,Ian_Moore_(ice_hockey),Q133869438,occupation,9881,2026-07-22,20250418,20260417,0,0,0.000000
23,Jacob Trouba,Jacob_Trouba,Jacob_Trouba,Q3133586,occupation,70852,2026-07-22,20250418,20260417,1,90,0.001270
24,Olen Zellweger,Olen_Zellweger,Olen_Zellweger,Q124350295,occupation,33435,2026-07-22,20250418,20260417,0,0,0.000000
25,Viktor Arvidsson,Viktor_Arvidsson,Viktor_Arvidsson,Q2645491,occupation,58102,2026-07-22,20250418,20260417,1,69,0.001188
26,Michael Eyssimont,Michael_Eyssimont,Mikey_Eyssimont,Q111588813,occupation,35401,2026-07-22,20250418,20260417,3,1290,0.036440
27,Morgan Geekie,Morgan_Geekie,Morgan_Geekie,Q87355712,occupation,123805,2026-07-22,20250418,20260417,0,0,0.000000
28,James Hagens,James_Hagens,James_Hagens,Q124303296,occupation,174750,2026-07-22,20250418,20260417,0,0,0.000000
29,Tanner Jeannot,Tanner_Jeannot,Tanner_Jeannot,Q105741085,occupation,50348,2026-07-22,20250418,20260417,0,0,0.000000
30,Mark Kastelic,Mark_Kastelic,Mark_Kastelic,Q110751049,occupation,30459,2026-07-22,20250418,20260417,0,0,0.000000
31,Marat Khusnutdinov,Marat_Khusnutdinov,Marat_Khusnutdinov,Q100166282,occupation,46030,2026-07-22,20250418,20260417,2,240,0.005214
32,Sean Kuraly,Sean_Kuraly,Sean_Kuraly,Q27702898,occupation,39864,2026-07-22,20250418,20260417,1,48,0.001204
33,Elias Lindholm,Elias_Lindholm,Elias_Lindholm,Q3050933,occupation,58111,2026-07-22,20250418,20260417,0,0,0.000000
34,Fraser Minten,Fraser_Minten,Fraser_Minten,Q115176275,occupation,97758,2026-07-22,20250418,20260417,1,256,0.002619
35,Casey Mittelstadt,Casey_Mittelstadt,Casey_Mittelstadt,Q28154979,occupation,57157,2026-07-22,20250418,20260417,0,0,0.000000
36,David Pastrnak,David_Pastrnak,David_Pastrňák,Q16224594,occupation,192278,2026-07-22,20250418,20260417,4,3071,0.015972
37,Lukas Reichel,Lukas_Reichel,Lukas_Reichel,Q70006257,occupation,85472,2026-07-22,20250418,20260417,0,0,0.000000
38,Alex Steeves,Alex_Steeves,Alex_Steeves,Q109984157,occupation,41043,2026-07-22,20250418,20260417,0,0,0.000000
39,Pavel Zacha,Pavel_Zacha,Pavel_Zacha,Q16225756,occupation,40825,2026-07-22,20250418,20260417,0,0,0.000000
40,Jonathan Aspirot,Jonathan_Aspirot,Jonathan_Aspirot,Q90428177,occupation,14705,2026-07-22,20250418,20260417,1,107,0.007276
41,Jordan Harris,Jordan_Harris,Jordan_Harris_(ice_hockey),Q111473583,occupation,49687,2026-07-22,20250418,20260417,0,0,0.000000
42,Henri Jokiharju,Henri_Jokiharju,Henri_Jokiharju,Q24827212,occupation,24898,2026-07-22,20250418,20260417,1,119,0.004780
43,Hampus Lindholm,Hampus_Lindholm,Hampus_Lindholm,Q3077684,occupation,38070,2026-07-22,20250418,20260417,0,0,0.000000
44,Mason Lohrei,Mason_Lohrei,Mason_Lohrei,Q112150988,occupation,40653,2026-07-22,20250418,20260417,1,60,0.001476
45,Charlie McAvoy,Charlie_McAvoy,Charlie_McAvoy,Q23926004,occupation,218307,2026-07-22,20250418,20260417,2,630,0.002886
46,Andrew Peeke,Andrew_Peeke,Andrew_Peeke,Q77579782,occupation,18994,2026-07-22,20250418,20260417,1,32,0.001685
47,Nikita Zadorov,Nikita_Zadorov,Nikita_Zadorov,Q3341513,occupation,81416,2026-07-22,20250418,20260417,0,0,0.000000
48,Zach Benson,Zach_Benson,Zach_Benson,Q120015681,occupation,41367,2026-07-22,20250418,20260417,1,317,0.007663
49,Sam Carrick,Sam_Carrick,Sam_Carrick,Q18448664,occupation,42371,2026-07-22,20250418,20260417,0,0,0.000000
50,Justin Danforth,Justin_Danforth,Justin_Danforth,Q16228493,occupation,14741,2026-07-22,20250418,20260417,0,0,0.000000
51,Josh Doan,Josh_Doan,Josh_Doan,Q107637219,occupation,105984,2026-07-22,20250418,20260417,0,0,0.000000
52,Josh Dunne,Josh_Dunne,Josh_Dunne,Q106518567,occupation,28510,2026-07-22,20250418,20260417,0,0,0.000000
53,Jordan Greenway,Jordan_Greenway,Jordan_Greenway,Q20066659,occupation,24993,2026-07-22,20250418,20260417,0,0,0.000000
54,Konsta Helenius,Konsta_Helenius,Konsta_Helenius,Q115777734,occupation,29735,2026-07-22,20250418,20260417,0,0,0.000000
55,Tyson Kozak,Tyson_Kozak,Tyson_Kozak,Q131397916,occupation,11082,2026-07-22,20250418,20260417,0,0,0.000000
56,Peyton Krebs,Peyton_Krebs,Peyton_Krebs,Q64781760,occupation,24162,2026-07-22,20250418,20260417,0,0,0.000000
57,Jiri Kulich,Jiri_Kulich,Jiří_Kulich,Q110281931,occupation,17596,2026-07-22,20250418,20260417,1,417,0.023699
58,Beck Malenstyn,Beck_Malenstyn,Beck_Malenstyn,Q75842732,occupation,18832,2026-07-22,20250418,20260417,1,68,0.003611
59,Ryan McLeod,Ryan_McLeod,Ryan_McLeod,Q106627447,occupation,53251,2026-07-22,20250418,20260417,0,0,0.000000
60,Josh Norris,Josh_Norris,Josh_Norris,Q30542583,occupation,47514,2026-07-22,20250418,20260417,1,297,0.006251
61,Noah Ostlund,Noah_Ostlund,Noah_Östlund,Q112967549,occupation,16653,2026-07-22,20250418,20260417,1,889,0.053384
62,Tanner Pearson,Tanner_Pearson,Tanner_Pearson,Q3515234,occupation,35962,2026-07-22,20250418,20260417,0,0,0.000000
63,Jack Quinn,Jack_Quinn,Jack_Quinn_(ice_hockey),Q100149533,occupation,44371,2026-07-22,20250418,20260417,0,0,0.000000
64,Tage Thompson,Tage_Thompson,Tage_Thompson,Q24805735,occupation,327360,2026-07-22,20250418,20260417,0,0,0.000000
65,Alex Tuch,Alex_Tuch,Alex_Tuch,Q17181019,occupation,76601,2026-07-22,20250418,20260417,0,0,0.000000
66,Jason Zucker,Jason_Zucker,Jason_Zucker,Q1684008,occupation,51776,2026-07-22,20250418,20260417,0,0,0.000000
67,Bowen Byram,Bowen_Byram,Bowen_Byram,Q64736735,occupation,55898,2026-07-22,20250418,20260417,0,0,0.000000
68,Rasmus Dahlin,Rasmus_Dahlin,Rasmus_Dahlin,Q27839454,occupation,108495,2026-07-22,20250418,20260417,1,273,0.002516
69,Ryan Johnson,Ryan_Johnson,"Ryan_Johnson_(ice_hockey,_born_2001)",Q65030547,nhl_id,12249,2026-07-22,20250418,20260417,0,0,0.000000
70,Michael Kesselring,Michael_Kesselring,Michael_Kesselring,Q116977379,occupation,49350,2026-07-22,20250418,20260417,1,99,0.002006
71,Zach Metsa,Zach_Metsa,Zach_Metsa,Q111547990,occupation,24907,2026-07-22,20250418,20260417,0,0,0.000000
72,Owen Power,Owen_Power,Owen_Power,Q102226150,occupation,91248,2026-07-22,20250418,20260417,0,0,0.000000
73,Mattias Samuelsson,Mattias_Samuelsson,Mattias_Samuelsson,Q56301360,occupation,32921,2026-07-22,20250418,20260417,0,0,0.000000
74,Luke Schenn,Luke_Schenn,Luke_Schenn,Q1390315,occupation,126877,2026-07-22,20250418,20260417,1,67,0.000528
75,Logan Stanley,Logan_Stanley,Logan_Stanley,Q24804710,occupation,63868,2026-07-22,20250418,20260417,1,68,0.001065
76,Conor Timmins,Conor_Timmins,Conor_Timmins,Q69818578,occupation,28329,2026-07-22,20250418,20260417,1,63,0.002224
77,Mikael Backlund,Mikael_Backlund,Mikael_Backlund,Q1286038,occupation,35365,2026-07-22,20250418,20260417,0,0,0.000000
78,John Beecher,John_Beecher,John_Beecher_(ice_hockey),Q65030545,occupation,28824,2026-07-22,20250418,20260417,2,3065,0.106335
79,Blake Coleman,Blake_Coleman,Blake_Coleman,Q8840022,occupation,37651,2026-07-22,20250418,20260417,0,0,0.000000
80,Matt Coronato,Matt_Coronato,Matt_Coronato,Q107630709,occupation,27934,2026-07-22,20250418,20260417,1,6475,0.231796
81,Joel Farabee,Joel_Farabee,Joel_Farabee,Q55176953,occupation,24869,2026-07-22,20250418,20260417,1,53,0.002131
82,Morgan Frost,Morgan_Frost,Morgan_Frost,Q30572123,occupation,24913,2026-07-22,20250418,20260417,0,0,0.000000
83,Matvei Gridin,Matvei_Gridin,Matvei_Gridin,Q126932921,occupation,23514,2026-07-22,20250418,20260417,0,0,0.000000
84,Tyson Gross,Tyson_Gross,Tyson_Gross,Q138774598,occupation,1692,2026-07-22,20250418,20260417,0,0,0.000000
85,Samuel Honzek,Samuel_Honzek,Samuel_Honzek,Q110276609,occupation,11244,2026-07-22,20250418,20260417,2,192,0.017076
86,Jonathan Huberdeau,Jonathan_Huberdeau,Jonathan_Huberdeau,Q984221,occupation,67162,2026-07-22,20250418,20260417,3,137,0.002040
87,Rory Kerins,Rory_Kerins,Rory_Kerins,Q122477016,occupation,4248,2026-07-22,20250418,20260417,0,0,0.000000
88,Adam Klapka,Adam_Klapka,Adam_Klapka,Q118247936,occupation,31398,2026-07-22,20250418,20260417,0,0,0.000000
89,Ryan Lomberg,Ryan_Lomberg,Ryan_Lomberg,Q47505541,occupation,35524,2026-07-22,20250418,20260417,0,0,0.000000
90,Victor Olofsson,Victor_Olofsson,Victor_Olofsson,Q16224490,occupation,35369,2026-07-22,20250418,20260417,1,68,0.001923
91,Martin Pospisil,Martin_Pospisil,Martin_Pospíšil_(ice_hockey),Q98605613,occupation,17747,2026-07-22,20250418,20260417,3,166,0.009354
92,Yegor Sharangovich,Yegor_Sharangovich,Yegor_Sharangovich,Q29788539,occupation,14869,2026-07-22,20250418,20260417,1,80,0.005380
93,Ryan Strome,Ryan_Strome,Ryan_Strome,Q984027,occupation,52606,2026-07-22,20250418,20260417,0,0,0.000000
94,Aydar Suniev,Aydar_Suniev,Aydar_Suniev,Q133895581,occupation,5478,2026-07-22,20250418,20260417,1,47,0.008580
95,Connor Zary,Connor_Zary,Connor_Zary,Q100150920,occupation,15120,2026-07-22,20250418,20260417,0,0,0.000000
96,Kevin Bahl,Kevin_Bahl,Kevin_Bahl,Q79885347,occupation,27555,2026-07-22,20250418,20260417,0,0,0.000000
97,Jake Bean,Jake_Bean,Jake_Bean,Q23880275,occupation,18494,2026-07-22,20250418,20260417,0,0,0.000000
98,Hunter Brzustewicz,Hunter_Brzustewicz,Hunter_Brzustewicz,Q81902087,occupation,16216,2026-07-22,20250418,20260417,1,63,0.003885
99,Joel Hanley,Joel_Hanley,Joel_Hanley,Q23728749,occupation,11785,2026-07-22,20250418,20260417,1,22,0.001867
100,Yan Kuznetsov,Yan_Kuznetsov,Yan_Kuznetsov,Q122477025,occupation,13882,2026-07-22,20250418,20260417,0,0,0.000000
101,Olli Maatta,Olli_Maatta,Olli_Määttä,Q3351500,occupation,44437,2026-07-22,20250418,20260417,2,571,0.012850
102,Brayden Pachal,Brayden_Pachal,Brayden_Pachal,Q110810885,occupation,10897,2026-07-22,20250418,20260417,0,0,0.000000
103,Zayne Parekh,Zayne_Parekh,Zayne_Parekh,Q124809440,occupation,261374,2026-07-22,20250418,20260417,1,157,0.000601
104,Zach Whitecloud,Zach_Whitecloud,Zach_Whitecloud,Q51954829,occupation,85053,2026-07-22,20250418,20260417,0,0,0.000000
105,Abram Wiebe,Abram_Wiebe,,,none,,2026-06-23,20250418,20260417,,,
106,Sebastian Aho,Sebastian_Aho,Sebastian_Aho,Q16158994,occupation,112465,2026-07-22,20250418,20260417,3,108949,0.968737
107,Jackson Blake,Jackson_Blake,Jackson_Blake,Q125102952,occupation,57063,2026-07-22,20250418,20260417,0,0,0.000000
108,William Carrier,William_Carrier,William_Carrier,Q16200683,occupation,23874,2026-07-22,20250418,20260417,3,4418,0.185055
109,Nicolas Deslauriers,Nicolas_Deslauriers,Nicolas_Deslauriers,Q15964625,occupation,40192,2026-07-22,20250418,20260417,3,195,0.004852
110,Nikolaj Ehlers,Nikolaj_Ehlers,Nikolaj_Ehlers,Q15823679,occupation,113590,2026-07-22,20250418,20260417,1,270,0.002377
111,Taylor Hall,Taylor_Hall,Taylor_Hall,Q721993,occupation,177464,2026-07-22,20250418,20260417,7,791,0.004457
112,Mark Jankowski,Mark_Jankowski,Mark_Jankowski,Q59402,occupation,23634,2026-07-22,20250418,20260417,1,68,0.002877
113,Seth Jarvis,Seth_Jarvis,Seth_Jarvis,Q100149493,occupation,188803,2026-07-22,20250418,20260417,0,0,0.000000
114,Jesperi Kotkaniemi,Jesperi_Kotkaniemi,Jesperi_Kotkaniemi,Q39400296,occupation,47699,2026-07-22,20250418,20260417,1,0,0.000000
115,Jordan Martinook,Jordan_Martinook,Jordan_Martinook,Q16229653,occupation,21305,2026-07-22,20250418,20260417,3,141,0.006618
116,Eric Robinson,Eric_Robinson,Eric_Robinson_(ice_hockey),Q52702779,occupation,17771,2026-07-22,20250418,20260417,0,0,0.000000
117,Jordan Staal,Jordan_Staal,Jordan_Staal,Q447270,occupation,129686,2026-07-22,20250418,20260417,2,96,0.000740
118,Logan Stankoven,Logan_Stankoven,Logan_Stankoven,Q112801080,occupation,77187,2026-07-22,20250418,20260417,1,53,0.000687
119,Andrei Svechnikov,Andrei_Svechnikov,Andrei_Svechnikov,Q34489864,occupation,82572,2026-07-22,20250418,20260417,1,19,0.000230
120,Jalen Chatfield,Jalen_Chatfield,Jalen_Chatfield,Q104975388,occupation,39188,2026-07-22,20250418,20260417,0,0,0.000000
121,Shayne Gostisbehere,Shayne_Gostisbehere,Shayne_Gostisbehere,Q16228901,occupation,66376,2026-07-22,20250418,20260417,1,247,0.003721
122,K'Andre Miller,K'Andre_Miller,K'Andre_Miller,Q55183451,occupation,75775,2026-07-22,20250418,20260417,2,176,0.002323
123,Alexander Nikishin,Alexander_Nikishin,Alexander_Nikishin,Q89889168,occupation,38887,2026-07-22,20250418,20260417,0,0,0.000000
124,Mike Reilly,Mike_Reilly,Mike_Reilly_(ice_hockey),Q16224772,occupation,18387,2026-07-22,20250418,20260417,0,0,0.000000
125,Jaccob Slavin,Jaccob_Slavin,Jaccob_Slavin,Q21045691,occupation,110996,2026-07-22,20250418,20260417,1,194,0.001748
126,Sean Walker,Sean_Walker,Sean_Walker_(ice_hockey),Q57758280,occupation,24627,2026-07-22,20250418,20260417,0,0,0.000000
127,Connor Bedard,Connor_Bedard,Connor_Bedard,Q102425753,occupation,529316,2026-07-22,20250418,20260417,2,780,0.001474
128,Tyler Bertuzzi,Tyler_Bertuzzi,Tyler_Bertuzzi,Q24006730,occupation,112639,2026-07-22,20250418,20260417,0,0,0.000000
129,Sacha Boisvert,Sacha_Boisvert,Sacha_Boisvert,Q126934335,occupation,26664,2026-07-22,20250418,20260417,0,0,0.000000
130,Andre Burakovsky,Andre_Burakovsky,André_Burakovsky,Q13581457,occupation,54787,2026-07-22,20250418,20260417,4,1715,0.031303
131,Ryan Donato,Ryan_Donato,Ryan_Donato,Q17385847,occupation,42196,2026-07-22,20250418,20260417,0,0,0.000000
132,Anton Frondell,Anton_Frondell,Anton_Frondell,Q125964662,occupation,96072,2026-07-22,20250418,20260417,1,131,0.001364
133,Ryan Greene,Ryan_Greene,Ryan_Greene_(ice_hockey),Q133892630,occupation,21731,2026-07-22,20250418,20260417,2,281,0.012931
134,Sam Lafferty,Sam_Lafferty,Sam_Lafferty,Q70098297,occupation,22030,2026-07-22,20250418,20260417,0,0,0.000000
135,Nick Lardis,Nick_Lardis,Nick_Lardis,Q137381676,occupation,12289,2026-07-22,20250418,20260417,1,101,0.008219
136,Andrew Mangiapane,Andrew_Mangiapane,Andrew_Mangiapane,Q20745013,occupation,96047,2026-07-22,20250418,20260417,0,0,0.000000
137,Ilya Mikheyev,Ilya_Mikheyev,Ilya_Mikheyev,Q25388037,occupation,30789,2026-07-22,20250418,20260417,4,685,0.022248
138,Oliver Moore,Oliver_Moore,Oliver_Moore,Q120015682,occupation,29680,2026-07-22,20250418,20260417,1,385,0.012972
139,Frank Nazar,Frank_Nazar,Frank_Nazar,Q81905716,occupation,107321,2026-07-22,20250418,20260417,1,124,0.001155
140,Landon Slaggert,Landon_Slaggert,Landon_Slaggert,Q124823562,occupation,10603,2026-07-22,20250418,20260417,0,0,0.000000
141,Teuvo Teravainen,Teuvo_Teravainen,Teuvo_Teräväinen,Q3519286,occupation,42818,2026-07-22,20250418,20260417,1,827,0.019314
142,Dominic Toninato,Dominic_Toninato,Dominic_Toninato,Q43349759,occupation,12599,2026-07-22,20250418,20260417,1,93,0.007382
143,Louis Crevier,Louis_Crevier,Louis_Crevier,Q123671144,occupation,18861,2026-07-22,20250418,20260417,0,0,0.000000
144,Ethan Del Mastro,Ethan_Del_Mastro,Ethan_Del_Mastro,Q125462680,occupation,8184,2026-07-22,20250418,20260417,0,0,0.000000
145,Matt Grzelcyk,Matt_Grzelcyk,Matt_Grzelcyk,Q19564299,occupation,34210,2026-07-22,20250418,20260417,2,269,0.007863
146,Wyatt Kaiser,Wyatt_Kaiser,Wyatt_Kaiser,Q117215047,occupation,15954,2026-07-22,20250418,20260417,0,0,0.000000
147,Kevin Korchinski,Kevin_Korchinski,Kevin_Korchinski,Q112967557,occupation,22769,2026-07-22,20250418,20260417,0,0,0.000000
148,Artyom Levshunov,Artyom_Levshunov,Artyom_Levshunov,Q122980144,occupation,63043,2026-07-22,20250418,20260417,2,135,0.002141
149,Sam Rinzel,Sam_Rinzel,Sam_Rinzel,Q112967559,occupation,22963,2026-07-22,20250418,20260417,1,69,0.003005
150,Alex Vlasic,Alex_Vlasic,Alex_Vlasic,Q111310415,occupation,47651,2026-07-22,20250418,20260417,0,0,0.000000
151,Zakhar Bardakov,Zakhar_Bardakov,Zakhar_Bardakov,Q105437939,occupation,13365,2026-07-22,20250418,20260417,1,58,0.004340
152,Ross Colton,Ross_Colton,Ross_Colton,Q105672753,occupation,23784,2026-07-22,20250418,20260417,0,0,0.000000
153,Jack Drury,Jack_Drury,Jack_Drury,Q88018838,occupation,56810,2026-07-22,20250418,20260417,0,0,0.000000
154,Nazem Kadri,Nazem_Kadri,Nazem_Kadri,Q1852981,occupation,209282,2026-07-22,20250418,20260417,0,0,0.000000
155,Parker Kelly,Parker_Kelly,Parker_Kelly,Q106824020,occupation,22846,2026-07-22,20250418,20260417,0,0,0.000000
156,Joel Kiviranta,Joel_Kiviranta,Joel_Kiviranta,Q16299903,occupation,19531,2026-07-22,20250418,20260417,1,43,0.002202
157,Gabriel Landeskog,Gabriel_Landeskog,Gabriel_Landeskog,Q715421,occupation,261607,2026-07-22,20250418,20260417,3,1324,0.005061
158,Artturi Lehkonen,Artturi_Lehkonen,Artturi_Lehkonen,Q2365562,occupation,37329,2026-07-22,20250418,20260417,1,190,0.005090
159,Nathan MacKinnon,Nathan_MacKinnon,Nathan_MacKinnon,Q1966594,occupation,498114,2026-07-22,20250418,20260417,4,2528,0.005075
160,Martin Necas,Martin_Necas,Martin_Nečas,Q28057077,occupation,83604,2026-07-22,20250418,20260417,2,948,0.011339
161,Brock Nelson,Brock_Nelson,Brock_Nelson,Q2925902,occupation,313011,2026-07-22,20250418,20260417,0,0,0.000000
162,Valeri Nichushkin,Valeri_Nichushkin,Valeri_Nichushkin,Q2365750,occupation,51553,2026-07-22,20250418,20260417,3,290,0.005625
163,Logan O'Connor,Logan_O'Connor,Logan_O'Connor,Q60823183,occupation,22365,2026-07-22,20250418,20260417,1,118,0.005276
164,Nicolas Roy,Nicolas_Roy,Nicolas_Roy,Q16224877,occupation,173844,2026-07-22,20250418,20260417,0,0,0.000000
165,Jack Ahcan,Jack_Ahcan,Jack_Ahcan,Q106034953,occupation,8703,2026-07-22,20250418,20260417,0,0,0.000000
166,Nick Blankenburg,Nick_Blankenburg,Nick_Blankenburg,Q111598719,occupation,17124,2026-07-22,20250418,20260417,0,0,0.000000
167,Brent Burns,Brent_Burns,Brent_Burns,Q909711,occupation,244546,2026-07-22,20250418,20260417,0,0,0.000000
168,Brett Kulak,Brett_Kulak,Brett_Kulak,Q16229397,occupation,62740,2026-07-22,20250418,20260417,0,0,0.000000
169,Cale Makar,Cale_Makar,Cale_Makar,Q29342308,occupation,377994,2026-07-22,20250418,20260417,0,0,0.000000
170,Sam Malinski,Sam_Malinski,Sam_Malinski,Q117787535,occupation,24563,2026-07-22,20250418,20260417,0,0,0.000000
171,Josh Manson,Josh_Manson,Josh_Manson,Q16229630,occupation,37993,2026-07-22,20250418,20260417,0,0,0.000000
172,Devon Toews,Devon_Toews,Devon_Toews,Q60063280,occupation,141973,2026-07-22,20250418,20260417,0,0,0.000000
173,Charlie Coyle,Charlie_Coyle,Charlie_Coyle,Q547607,occupation,89972,2026-07-22,20250418,20260417,0,0,0.000000
174,Adam Fantilli,Adam_Fantilli,Adam_Fantilli,Q114924131,occupation,80289,2026-07-22,20250418,20260417,1,96,0.001196
175,Conor Garland,Conor_Garland,Conor_Garland,Q20090755,occupation,67634,2026-07-22,20250418,20260417,0,0,0.000000
176,Danton Heinen,Danton_Heinen,Danton_Heinen,Q27282857,occupation,24293,2026-07-22,20250418,20260417,1,346,0.014243
177,Boone Jenner,Boone_Jenner,Boone_Jenner,Q4943642,occupation,43000,2026-07-22,20250418,20260417,0,0,0.000000
178,Kent Johnson,Kent_Johnson,Kent_Johnson_(ice_hockey),Q107980587,occupation,31758,2026-07-22,20250418,20260417,0,0,0.000000
179,Isac Lundeström,Isac_Lundeström,Isac_Lundeström,Q23869474,occupation,12622,2026-07-22,20250418,20260417,3,432,0.034226
180,Kirill Marchenko,Kirill_Marchenko,Kirill_Marchenko,Q56651259,occupation,26107,2026-07-22,20250418,20260417,0,0,0.000000
181,Mason Marchment,Mason_Marchment,Mason_Marchment,Q80720760,occupation,117398,2026-07-22,20250418,20260417,0,0,0.000000
182,Sean Monahan,Sean_Monahan,Sean_Monahan,Q13581433,occupation,69817,2026-07-22,20250418,20260417,0,0,0.000000
183,Mathieu Olivier,Mathieu_Olivier,Mathieu_Olivier,Q60485104,occupation,60189,2026-07-22,20250418,20260417,0,0,0.000000
184,Cole Sillinger,Cole_Sillinger,Cole_Sillinger,Q102077303,occupation,288029,2026-07-22,20250418,20260417,0,0,0.000000
185,Dmitri Voronkov,Dmitri_Voronkov,Dmitri_Voronkov,Q64853164,occupation,18900,2026-07-22,20250418,20260417,0,0,0.000000
186,Miles Wood,Miles_Wood,Miles_Wood,Q23809781,occupation,30424,2026-07-22,20250418,20260417,0,0,0.000000
187,Jake Christiansen,Jake_Christiansen,Jake_Christiansen_(ice_hockey),Q110460125,occupation,6105,2026-07-22,20250418,20260417,1,249,0.040786
188,Dante Fabbro,Dante_Fabbro,Dante_Fabbro,Q22005702,occupation,20621,2026-07-22,20250418,20260417,0,0,0.000000
189,Erik Gudbranson,Erik_Gudbranson,Erik_Gudbranson,Q1353957,occupation,29205,2026-07-22,20250418,20260417,1,44,0.001507
190,Denton Mateychuk,Denton_Mateychuk,Denton_Mateychuk,Q81905280,occupation,19276,2026-07-22,20250418,20260417,1,56,0.002905
191,Ivan Provorov,Ivan_Provorov,Ivan_Provorov,Q19972647,occupation,55340,2026-07-22,20250418,20260417,1,90,0.001626
192,Damon Severson,Damon_Severson,Damon_Severson,Q18247523,occupation,11475,2026-07-22,20250418,20260417,0,0,0.000000
193,Brendan Smith,Brendan_Smith,Brendan_Smith_(ice_hockey),Q2907301,occupation,31183,2026-07-22,20250418,20260417,0,0,0.000000
194,Zach Werenski,Zach_Werenski,Zach_Werenski,Q19662630,occupation,190514,2026-07-22,20250418,20260417,2,1349,0.007081
195,Egor Zamula,Egor_Zamula,Egor_Zamula,Q105062111,occupation,21541,2026-07-22,20250418,20260417,1,411,0.019080
196,Nathan Bastian,Nathan_Bastian,Nathan_Bastian,Q60706036,occupation,21419,2026-07-22,20250418,20260417,0,0,0.000000
197,Jamie Benn,Jamie_Benn,Jamie_Benn,Q1064791,occupation,144624,2026-07-22,20250418,20260417,1,36,0.000249
198,Colin Blackwell,Colin_Blackwell,Colin_Blackwell,Q60823259,occupation,30464,2026-07-22,20250418,20260417,0,0,0.000000
199,Mavrik Bourque,Mavrik_Bourque,Mavrik_Bourque,Q100166499,occupation,57735,2026-07-22,20250418,20260417,0,0,0.000000
200,Michael Bunting,Michael_Bunting,Michael_Bunting,Q59696575,occupation,34077,2026-07-22,20250418,20260417,0,0,0.000000
201,Oskar Bäck,Oskar_Bäck,Oskar_Bäck,Q60404235,occupation,10768,2026-07-22,20250418,20260417,0,0,0.000000
202,Matt Duchene,Matt_Duchene,Matt_Duchene,Q717078,occupation,95253,2026-07-22,20250418,20260417,2,104,0.001092
203,Adam Erne,Adam_Erne,Adam_Erne,Q28122508,occupation,15789,2026-07-22,20250418,20260417,1,90,0.005700
204,Radek Faksa,Radek_Faksa,Radek_Faksa,Q3416408,occupation,30240,2026-07-22,20250418,20260417,1,84,0.002778
205,Roope Hintz,Roope_Hintz,Roope_Hintz,Q16229047,occupation,47885,2026-07-22,20250418,20260417,0,0,0.000000
206,Justin Hryckowian,Justin_Hryckowian,Justin_Hryckowian,Q131598130,occupation,38424,2026-07-22,20250418,20260417,1,101,0.002629
207,Arttu Hyry,Arttu_Hyry,Arttu_Hyry,Q101184366,occupation,7357,2026-07-22,20250418,20260417,0,0,0.000000
208,Wyatt Johnston,Wyatt_Johnston,Wyatt_Johnston,Q107677619,occupation,74737,2026-07-22,20250418,20260417,0,0,0.000000
209,Mikko Rantanen,Mikko_Rantanen,Mikko_Rantanen,Q11882784,occupation,305796,2026-07-22,20250418,20260417,0,0,0.000000
210,Jason Robertson,Jason_Robertson,Jason_Robertson,Q83617451,occupation,272209,2026-07-22,20250418,20260417,2,36513,0.134136
211,Tyler Seguin,Tyler_Seguin,Tyler_Seguin,Q772640,occupation,196448,2026-07-22,20250418,20260417,0,0,0.000000
212,Sam Steel,Sam_Steel,Sam_Steel,Q24805711,occupation,36967,2026-07-22,20250418,20260417,0,0,0.000000
213,Lian Bichsel,Lian_Bichsel,Lian_Bichsel,Q81901906,occupation,39778,2026-07-22,20250418,20260417,0,0,0.000000
214,Kyle Capobianco,Kyle_Capobianco,Kyle_Capobianco,Q21706800,occupation,10770,2026-07-22,20250418,20260417,0,0,0.000000
215,Thomas Harley,Thomas_Harley,Thomas_Harley_(ice_hockey),Q65030543,occupation,121304,2026-07-22,20250418,20260417,0,0,0.000000
216,Miro Heiskanen,Miro_Heiskanen,Miro_Heiskanen,Q24827214,occupation,52751,2026-07-22,20250418,20260417,0,0,0.000000
217,Esa Lindell,Esa_Lindell,Esa_Lindell,Q11858583,occupation,23050,2026-07-22,20250418,20260417,0,0,0.000000
218,Nils Lundkvist,Nils_Lundkvist,Nils_Lundkvist,Q52482603,occupation,14129,2026-07-22,20250418,20260417,0,0,0.000000
219,Ilya Lyubushkin,Ilya_Lyubushkin,Ilya_Lyubushkin,Q16229578,occupation,14700,2026-07-22,20250418,20260417,0,0,0.000000
220,Tyler Myers,Tyler_Myers,Tyler_Myers,Q1365229,occupation,118335,2026-07-22,20250418,20260417,0,0,0.000000
221,Alexander Petrovic,Alexander_Petrovic,Alex_Petrovic,Q4717623,occupation,27237,2026-07-22,20250418,20260417,1,439,0.016118
222,Mason Appleton,Mason_Appleton,Mason_Appleton,Q51883528,occupation,44931,2026-07-22,20250418,20260417,0,0,0.000000
223,J.T. Compher,J.T._Compher,J._T._Compher,Q16728159,occupation,26691,2026-07-22,20250418,20260417,3,1146,0.042936
224,Andrew Copp,Andrew_Copp,Andrew_Copp,Q19800096,occupation,21228,2026-07-22,20250418,20260417,1,68,0.003203
225,Alex DeBrincat,Alex_DeBrincat,Alex_DeBrincat,Q21621150,occupation,85614,2026-06-23,20250418,20260417,,,
226,Emmitt Finnie,Emmitt_Finnie,Emmitt_Finnie,Q136463467,occupation,44137,2026-07-22,20250418,20260417,0,0,0.000000
227,Patrick Kane,Patrick_Kane,Patrick_Kane,Q335876,occupation,538926,2026-07-22,20250418,20260417,2,225,0.000417
228,Marco Kasper,Marco_Kasper,Marco_Kasper,Q110273344,occupation,29975,2026-07-22,20250418,20260417,0,0,0.000000
229,Dylan Larkin,Dylan_Larkin,Dylan_Larkin,Q17180725,occupation,235216,2026-07-22,20250418,20260417,0,0,0.000000
230,David Perron,David_Perron,David_Perron,Q354570,occupation,71622,2026-07-22,20250418,20260417,1,46,0.000642
231,Michael Rasmussen,Michael_Rasmussen,Michael_Rasmussen_(ice_hockey),Q27922520,occupation,18640,2026-07-22,20250418,20260417,0,0,0.000000
232,Lucas Raymond,Lucas_Raymond,Lucas_Raymond,Q60248316,occupation,80574,2026-07-22,20250418,20260417,0,0,0.000000
233,James van Riemsdyk,James_van_Riemsdyk,James_van_Riemsdyk,Q27502,occupation,110193,2026-07-22,20250418,20260417,5,1196,0.010854
234,Jacob Bernard-Docker,Jacob_Bernard-Docker,Jacob_Bernard-Docker,Q55183457,occupation,31224,2026-07-22,20250418,20260417,0,0,0.000000
235,Ben Chiarot,Ben_Chiarot,Ben_Chiarot,Q15131093,occupation,25767,2026-07-22,20250418,20260417,0,0,0.000000
236,Simon Edvinsson,Simon_Edvinsson,Simon_Edvinsson,Q104451267,occupation,41245,2026-07-22,20250418,20260417,0,0,0.000000
237,Justin Faulk,Justin_Faulk,Justin_Faulk,Q187535,occupation,61145,2026-07-22,20250418,20260417,0,0,0.000000
238,Travis Hamonic,Travis_Hamonic,Travis_Hamonic,Q762612,occupation,28552,2026-07-22,20250418,20260417,0,0,0.000000
239,Albert Johansson,Albert_Johansson,Albert_Johansson,Q64808406,occupation,9642,2026-07-22,20250418,20260417,1,45,0.004667
240,Moritz Seider,Moritz_Seider,Moritz_Seider,Q61037528,occupation,77669,2026-07-22,20250418,20260417,1,86,0.001107
241,Colton Dach,Colton_Dach,Colton_Dach,Q120638015,occupation,55714,2026-07-22,20250418,20260417,0,0,0.000000
242,Jason Dickinson,Jason_Dickinson,Jason_Dickinson,Q13581459,occupation,30454,2026-07-22,20250418,20260417,0,0,0.000000
243,Leon Draisaitl,Leon_Draisaitl,Leon_Draisaitl,Q15012236,occupation,505112,2026-07-22,20250418,20260417,0,0,0.000000
244,Trent Frederic,Trent_Frederic,Trent_Frederic,Q24804873,occupation,72439,2026-07-22,20250418,20260417,0,0,0.000000
245,Adam Henrique,Adam_Henrique,Adam_Henrique,Q324136,occupation,62702,2026-07-22,20250418,20260417,1,42,0.000670
246,Zach Hyman,Zach_Hyman,Zach_Hyman,Q19878924,occupation,164572,2026-07-22,20250418,20260417,2,123,0.000747
247,Mattias Janmark,Mattias_Janmark,Mattias_Janmark,Q6791770,occupation,27832,2026-07-22,20250418,20260417,6,1708,0.061368
248,Max Jones,Max_Jones,Max_Jones_(ice_hockey),Q21621612,occupation,22551,2026-07-22,20250418,20260417,0,0,0.000000
249,Kasperi Kapanen,Kasperi_Kapanen,Kasperi_Kapanen,Q11870266,occupation,138874,2026-07-22,20250418,20260417,2,86,0.000619
250,Curtis Lazar,Curtis_Lazar,Curtis_Lazar,Q5195806,occupation,47773,2026-07-22,20250418,20260417,0,0,0.000000
251,Connor McDavid,Connor_McDavid,Connor_McDavid,Q2806736,occupation,1341614,2026-07-22,20250418,20260417,5,3104,0.002314
252,Ryan Nugent-Hopkins,Ryan_Nugent-Hopkins,Ryan_Nugent-Hopkins,Q715578,occupation,176480,2026-07-22,20250418,20260417,6,585,0.003315
253,Vasily Podkolzin,Vasily_Podkolzin,Vasily_Podkolzin,Q58755513,occupation,62951,2026-07-22,20250418,20260417,1,451,0.007164
254,Jack Roslovic,Jack_Roslovic,Jack_Roslovic,Q20727776,occupation,107241,2026-07-22,20250418,20260417,1,95,0.000886
255,Josh Samanski,Josh_Samanski,Josh_Samanski,Q115593838,occupation,16118,2026-07-22,20250418,20260417,1,204,0.012657
256,Matt Savoie,Matt_Savoie,Matthew_Savoie_(ice_hockey),Q81906752,nhl_id,82632,2026-07-22,20250418,20260417,0,0,0.000000
257,Evan Bouchard,Evan_Bouchard,Evan_Bouchard,Q50347957,occupation,123841,2026-07-22,20250418,20260417,0,0,0.000000
258,Mattias Ekholm,Mattias_Ekholm,Mattias_Ekholm,Q3062859,occupation,51349,2026-07-22,20250418,20260417,0,0,0.000000
259,Ty Emberson,Ty_Emberson,Ty_Emberson,Q123003338,occupation,18856,2026-07-22,20250418,20260417,1,52,0.002758
260,Connor Murphy,Connor_Murphy,Connor_Murphy,Q2993498,occupation,64624,2026-07-22,20250418,20260417,1,284,0.004395
261,Darnell Nurse,Darnell_Nurse,Darnell_Nurse,Q13486477,occupation,164763,2026-07-22,20250418,20260417,0,0,0.000000
262,Spencer Stastney,Spencer_Stastney,Spencer_Stastney,Q117379235,occupation,52684,2026-07-22,20250418,20260417,0,0,0.000000
263,Jake Walman,Jake_Walman,Jake_Walman,Q81066813,occupation,95262,2026-07-22,20250418,20260417,0,0,0.000000
264,Aleksander Barkov,Aleksander_Barkov,Aleksander_Barkov,Q620356,occupation,304099,2026-07-22,20250418,20260417,13,6309,0.020747
265,Sam Bennett,Sam_Bennett,Sam_Bennett_(ice_hockey),Q16212438,occupation,375993,2026-07-22,20250418,20260417,1,32,0.000085
266,Jesper Boqvist,Jesper_Boqvist,Jesper_Boqvist,Q29359317,occupation,27661,2026-07-22,20250418,20260417,0,0,0.000000
267,Jonah Gadjovich,Jonah_Gadjovich,Jonah_Gadjovich,Q106879987,occupation,56693,2026-07-22,20250418,20260417,1,118,0.002081
268,A.J. Greer,A.J._Greer,A._J._Greer,Q27841034,occupation,66035,2026-07-22,20250418,20260417,2,2307,0.034936
269,Vinnie Hinostroza,Vinnie_Hinostroza,Vinnie_Hinostroza,Q20090912,occupation,28960,2026-07-22,20250418,20260417,2,669,0.023101
270,Luke Kunin,Luke_Kunin,Luke_Kunin,Q24797868,occupation,31263,2026-07-22,20250418,20260417,1,46,0.001471
271,Anton Lundell,Anton_Lundell,Anton_Lundell,Q56402315,occupation,54943,2026-07-22,20250418,20260417,0,0,0.000000
272,Eetu Luostarinen,Eetu_Luostarinen,Eetu_Luostarinen,Q28028703,occupation,35279,2026-07-22,20250418,20260417,0,0,0.000000
273,Brad Marchand,Brad_Marchand,Brad_Marchand,Q80733,occupation,1230523,2026-07-22,20250418,20260417,2,221,0.000180
274,Tomas Nosek,Tomas_Nosek,Tomáš_Nosek,Q7820627,occupation,39666,2026-07-22,20250418,20260417,1,1063,0.026799
275,Cole Reinhardt,Cole_Reinhardt,Cole_Reinhardt,Q111536206,occupation,24570,2026-07-22,20250418,20260417,0,0,0.000000
276,Sam Reinhart,Sam_Reinhart,Sam_Reinhart,Q15952002,occupation,258263,2026-07-22,20250418,20260417,1,61,0.000236
277,Evan Rodrigues,Evan_Rodrigues,Evan_Rodrigues,Q21622571,occupation,105442,2026-07-22,20250418,20260417,1,7,0.000066
278,Mackie Samoskevich,Mackie_Samoskevich,Mackie_Samoskevich,Q107629892,occupation,64967,2026-07-22,20250418,20260417,1,32,0.000493
279,Cole Schwindt,Cole_Schwindt,Cole_Schwindt,Q110160733,occupation,16770,2026-07-22,20250418,20260417,0,0,0.000000
280,Matthew Tkachuk,Matthew_Tkachuk,Matthew_Tkachuk,Q21064031,occupation,951686,2026-07-22,20250418,20260417,5,590,0.000620
281,Carter Verhaeghe,Carter_Verhaeghe,Carter_Verhaeghe,Q63248066,occupation,121045,2026-07-22,20250418,20260417,0,0,0.000000
282,Uvis Balinskis,Uvis_Balinskis,Uvis_Balinskis,Q29913994,occupation,27850,2026-07-22,20250418,20260417,2,602,0.021616
283,Aaron Ekblad,Aaron_Ekblad,Aaron_Ekblad,Q4661992,occupation,156960,2026-07-22,20250418,20260417,1,66,0.000420
284,Gustav Forsling,Gustav_Forsling,Gustav_Forsling,Q18238939,occupation,53278,2026-07-22,20250418,20260417,0,0,0.000000
285,Seth Jones,Seth_Jones,Seth_Jones,Q4014741,occupation,228725,2026-07-22,20250418,20260417,1,1205,0.005268
286,Dmitry Kulikov,Dmitry_Kulikov,Dmitry_Kulikov_(ice_hockey),Q977337,occupation,36435,2026-07-22,20250418,20260417,1,2734,0.075038
287,Niko Mikkola,Niko_Mikkola,Niko_Mikkola,Q5493915,occupation,49709,2026-07-22,20250418,20260417,0,0,0.000000
288,Donovan Sebrango,Donovan_Sebrango,Donovan_Sebrango,Q113945974,occupation,18427,2026-07-22,20250418,20260417,0,0,0.000000
289,Joel Armia,Joel_Armia,Joel_Armia,Q979188,occupation,36928,2026-07-22,20250418,20260417,1,68,0.001841
290,Quinton Byfield,Quinton_Byfield,Quinton_Byfield,Q66472667,occupation,88140,2026-07-22,20250418,20260417,0,0,0.000000
291,Kevin Fiala,Kevin_Fiala,Kevin_Fiala,Q15989104,occupation,114378,2026-07-22,20250418,20260417,0,0,0.000000
292,Samuel Helenius,Samuel_Helenius,Samuel_Helenius,Q100775889,occupation,19735,2026-07-22,20250418,20260417,1,58,0.002939
293,Mathieu Joseph,Mathieu_Joseph,Mathieu_Joseph,Q56876976,occupation,31291,2026-07-22,20250418,20260417,0,0,0.000000
294,Adrian Kempe,Adrian_Kempe,Adrian_Kempe,Q15619153,occupation,69031,2026-07-22,20250418,20260417,0,0,0.000000
295,Anze Kopitar,Anze_Kopitar,Anže_Kopitar,Q375787,occupation,247881,2026-07-22,20250418,20260417,3,3500,0.014120
296,Andrei Kuzmenko,Andrei_Kuzmenko,Andrei_Kuzmenko,Q20744952,occupation,45234,2026-07-22,20250418,20260417,2,591,0.013065
297,Alex Laferriere,Alex_Laferriere,Alex_Laferriere,Q123022909,occupation,35414,2026-07-22,20250418,20260417,1,14,0.000395
298,Scott Laughton,Scott_Laughton,Scott_Laughton,Q3476249,occupation,70697,2026-07-22,20250418,20260417,0,0,0.000000
299,Jeff Malott,Jeff_Malott,Jeff_Malott,Q111320459,occupation,34894,2026-07-22,20250418,20260417,3,86,0.002465
300,Trevor Moore,Trevor_Moore,Trevor_Moore_(ice_hockey),Q60194335,occupation,23948,2026-07-22,20250418,20260417,0,0,0.000000
301,Artemi Panarin,Artemi_Panarin,Artemi_Panarin,Q593699,occupation,216769,2026-07-22,20250418,20260417,3,700,0.003229
302,Alex Turcotte,Alex_Turcotte,Alex_Turcotte,Q61748311,occupation,31962,2026-07-22,20250418,20260417,0,0,0.000000
303,Taylor Ward,Taylor_Ward,Taylor_Ward_(ice_hockey),Q133896106,occupation,7820,2026-07-22,20250418,20260417,0,0,0.000000
304,Jared Wright,Jared_Wright,Jared_Wright_(ice_hockey),Q138565548,occupation,1,2026-07-22,20250418,20260417,1,0,0.000000
305,Mikey Anderson,Mikey_Anderson,Mikey_Anderson,Q86746353,occupation,13896,2026-07-22,20250418,20260417,0,0,0.000000
306,Cody Ceci,Cody_Ceci,Cody_Ceci,Q2981716,occupation,66813,2026-07-22,20250418,20260417,0,0,0.000000
307,Brandt Clarke,Brandt_Clarke,Brandt_Clarke,Q107638205,occupation,25700,2026-07-22,20250418,20260417,0,0,0.000000
308,Drew Doughty,Drew_Doughty,Drew_Doughty,Q706924,occupation,133895,2026-07-22,20250418,20260417,0,0,0.000000
309,Brian Dumoulin,Brian_Dumoulin,Brian_Dumoulin,Q4963628,occupation,30954,2026-07-22,20250418,20260417,2,132,0.004264
310,Joel Edmundson,Joel_Edmundson,Joel_Edmundson,Q21079893,occupation,24391,2026-07-22,20250418,20260417,1,64,0.002624
311,Jacob Moverare,Jacob_Moverare,Jacob_Moverare,Q22279303,occupation,5385,2026-07-22,20250418,20260417,0,0,0.000000
312,Nicolas Aube-Kubel,Nicolas_Aube-Kubel,Nicolas_Aubé-Kubel,Q57990345,occupation,21432,2026-07-22,20250418,20260417,3,2070,0.096585
313,Matt Boldy,Matt_Boldy,Matt_Boldy,Q64781754,occupation,309773,2026-07-22,20250418,20260417,1,8727,0.028172
314,Bobby Brink,Bobby_Brink,Bobby_Brink,Q111526026,occupation,62373,2026-07-22,20250418,20260417,0,0,0.000000
315,Joel Eriksson Ek,Joel_Eriksson_Ek,Joel_Eriksson_Ek,Q19957723,occupation,40190,2026-07-22,20250418,20260417,2,70,0.001742
316,Robby Fabbri,Robby_Fabbri,Robby_Fabbri,Q16864070,occupation,38274,2026-07-22,20250418,20260417,1,82,0.002142
317,Marcus Foligno,Marcus_Foligno,Marcus_Foligno,Q246404,occupation,82919,2026-07-22,20250418,20260417,0,0,0.000000
318,Nick Foligno,Nick_Foligno,Nick_Foligno,Q943363,occupation,125218,2026-07-22,20250418,20260417,0,0,0.000000
319,Hunter Haight,Hunter_Haight,Hunter_Haight,Q136470517,occupation,9646,2026-07-22,20250418,20260417,1,27,0.002799
320,Ryan Hartman,Ryan_Hartman,Ryan_Hartman,Q13581452,occupation,37014,2026-07-22,20250418,20260417,0,0,0.000000
321,Marcus Johansson,Marcus_Johansson,"Marcus_Johansson_(ice_hockey,_born_1990)",Q1859905,nhl_id,30947,2026-07-22,20250418,20260417,0,0,0.000000
322,Ben Jones,Ben_Jones,Ben_Jones_(ice_hockey),Q109660586,occupation,9616,2026-07-22,20250418,20260417,0,0,0.000000
323,Kirill Kaprizov,Kirill_Kaprizov,Kirill_Kaprizov,Q20164618,occupation,203132,2026-07-22,20250418,20260417,3,324,0.001595
324,Michael McCarron,Michael_McCarron,Michael_McCarron,Q13580957,occupation,39262,2026-07-22,20250418,20260417,1,32,0.000815
325,Nico Sturm,Nico_Sturm,Nico_Sturm,Q62794466,occupation,64540,2026-07-22,20250418,20260417,0,0,0.000000
326,Vladimir Tarasenko,Vladimir_Tarasenko,Vladimir_Tarasenko,Q715587,occupation,132120,2026-07-22,20250418,20260417,1,41,0.000310
327,Yakov Trenin,Yakov_Trenin,Yakov_Trenin,Q24352194,occupation,18412,2026-07-22,20250418,20260417,0,0,0.000000
328,Danila Yurov,Danila_Yurov,Danila_Yurov,Q110282106,occupation,26325,2026-07-22,20250418,20260417,1,72,0.002735
329,Mats Zuccarello,Mats_Zuccarello,Mats_Zuccarello,Q252043,occupation,82059,2026-07-22,20250418,20260417,3,2137,0.026042
330,Zach Bogosian,Zach_Bogosian,Zach_Bogosian,Q139302,occupation,60229,2026-07-22,20250418,20260417,3,1202,0.019957
331,Jonas Brodin,Jonas_Brodin,Jonas_Brodin,Q1702919,occupation,21354,2026-07-22,20250418,20260417,0,0,0.000000
332,Brock Faber,Brock_Faber,Brock_Faber,Q110973348,occupation,122134,2026-07-22,20250418,20260417,0,0,0.000000
333,Viking Gustafsson Nyberg,Viking_Gustafsson_Nyberg,Viking_Gustafsson_Nyberg,Q135893027,occupation,11,2026-07-22,20250418,20260417,3,11,1.000000
334,Quinn Hughes,Quinn_Hughes,Quinn_Hughes,Q47492979,occupation,1421210,2026-07-22,20250418,20260417,4,667,0.000469
335,Daemon Hunt,Daemon_Hunt,Daemon_Hunt,Q123231079,occupation,17053,2026-07-22,20250418,20260417,1,44,0.002580
336,Matt Kiersted,Matt_Kiersted,Matt_Kiersted,Q106364527,occupation,10427,2026-07-22,20250418,20260417,1,9,0.000863
337,Carson Lambos,Carson_Lambos,Carson_Lambos,Q105293487,occupation,11200,2026-07-22,20250418,20260417,0,0,0.000000
338,Jake Middleton,Jake_Middleton,Jake_Middleton,Q60463976,occupation,24545,2026-07-22,20250418,20260417,1,22680,0.924017
339,Jeff Petry,Jeff_Petry,Jeff_Petry,Q550890,occupation,61235,2026-07-22,20250418,20260417,0,0,0.000000
340,David Spacek,David_Spacek,David_Špaček,Q114350612,occupation,18309,2026-07-22,20250418,20260417,1,797,0.043531
341,Jared Spurgeon,Jared_Spurgeon,Jared_Spurgeon,Q550849,occupation,65668,2026-07-22,20250418,20260417,1,1040,0.015837
342,Josh Anderson,Josh_Anderson,Josh_Anderson_(ice_hockey),Q18921336,occupation,58792,2026-07-22,20250418,20260417,0,0,0.000000
343,Owen Beck,Owen_Beck,Owen_Beck_(ice_hockey),Q114056232,occupation,24329,2026-07-22,20250418,20260417,0,0,0.000000
344,Zachary Bolduc,Zachary_Bolduc,Zachary_Bolduc,Q107671161,occupation,100506,2026-07-22,20250418,20260417,1,112,0.001114
345,Cole Caufield,Cole_Caufield,Cole_Caufield,Q62287650,occupation,336492,2026-07-22,20250418,20260417,0,0,0.000000
346,Kirby Dach,Kirby_Dach,Kirby_Dach,Q61755215,occupation,86346,2026-07-22,20250418,20260417,0,0,0.000000
347,Phillip Danault,Phillip_Danault,Phillip_Danault,Q3381073,occupation,58922,2026-07-22,20250418,20260417,1,131,0.002223
348,Ivan Demidov,Ivan_Demidov,Ivan_Demidov,Q115325153,occupation,130603,2026-07-22,20250418,20260417,2,46515,0.356156
349,Jake Evans,Jake_Evans,Jake_Evans_(ice_hockey),Q84527727,occupation,39151,2026-07-22,20250418,20260417,0,0,0.000000
350,Brendan Gallagher,Brendan_Gallagher,Brendan_Gallagher,Q2924426,occupation,84688,2026-07-22,20250418,20260417,2,351,0.004145
351,Oliver Kapanen,Oliver_Kapanen,Oliver_Kapanen,Q108586045,occupation,75107,2026-07-22,20250418,20260417,0,0,0.000000
352,Patrik Laine,Patrik_Laine,Patrik_Laine,Q17382085,occupation,123058,2026-07-22,20250418,20260417,3,578,0.004697
353,Alex Newhook,Alex_Newhook,Alex_Newhook,Q64781759,occupation,52140,2026-07-22,20250418,20260417,0,0,0.000000
354,Juraj Slafkovský,Juraj_Slafkovský,Juraj_Slafkovský,Q107074729,occupation,240103,2026-07-22,20250418,20260417,1,9557,0.039804
355,Nick Suzuki,Nick_Suzuki,Nick_Suzuki,Q29287706,occupation,504912,2026-07-22,20250418,20260417,1,377,0.000747
356,Alexandre Texier,Alexandre_Texier,Alexandre_Texier,Q30729474,occupation,135033,2026-07-22,20250418,20260417,2,219,0.001622
357,Joe Veleno,Joe_Veleno,Joe_Veleno,Q20973749,occupation,90426,2026-07-22,20250418,20260417,2,5823,0.064395
358,Florian Xhekaj,Florian_Xhekaj,Florian_Xhekaj,Q120129774,occupation,30532,2026-07-22,20250418,20260417,0,0,0.000000
359,Alexandre Carrier,Alexandre_Carrier,Alexandre_Carrier,Q28466396,occupation,38080,2026-07-22,20250418,20260417,0,0,0.000000
360,Noah Dobson,Noah_Dobson,Noah_Dobson,Q52063145,occupation,136356,2026-07-22,20250418,20260417,0,0,0.000000
361,Adam Engstrom,Adam_Engstrom,Adam_Engström,Q135438271,occupation,8923,2026-07-22,20250418,20260417,1,1146,0.128432
362,Kaiden Guhle,Kaiden_Guhle,Kaiden_Guhle,Q99744351,occupation,41280,2026-07-22,20250418,20260417,0,0,0.000000
363,Lane Hutson,Lane_Hutson,Lane_Hutson,Q81903752,occupation,302991,2026-07-22,20250418,20260417,0,0,0.000000
364,Mike Matheson,Mike_Matheson,Mike_Matheson,Q3313431,occupation,61826,2026-07-22,20250418,20260417,2,446,0.007214
365,David Reinbacher,David_Reinbacher,David_Reinbacher,Q116769129,occupation,41540,2026-07-22,20250418,20260417,0,0,0.000000
366,Jayden Struble,Jayden_Struble,Jayden_Struble,Q123527598,occupation,40018,2026-07-22,20250418,20260417,0,0,0.000000
367,Arber Xhekaj,Arber_Xhekaj,Arber_Xhekaj,Q114631109,occupation,276617,2026-07-22,20250418,20260417,1,58,0.000210
368,Ross Colton,Ross_Colton,Ross_Colton,Q105672753,occupation,23784,2026-07-22,20250418,20260417,0,0,0.000000
369,Luke Evangelista,Luke_Evangelista,Luke_Evangelista,Q116947087,occupation,51163,2026-07-22,20250418,20260417,0,0,0.000000
370,Filip Forsberg,Filip_Forsberg,Filip_Forsberg,Q1413527,occupation,102817,2026-07-22,20250418,20260417,1,30,0.000292
371,Erik Haula,Erik_Haula,Erik_Haula,Q11858149,occupation,49793,2026-07-22,20250418,20260417,1,79,0.001587
372,Tyson Jost,Tyson_Jost,Tyson_Jost,Q22005703,occupation,25675,2026-07-22,20250418,20260417,0,0,0.000000
373,Jonathan Marchessault,Jonathan_Marchessault,Jonathan_Marchessault,Q3183311,occupation,70772,2026-07-22,20250418,20260417,3,626,0.008845
374,Ryan O'Reilly,Ryan_O'Reilly,Ryan_O'Reilly,Q861211,occupation,114523,2026-07-22,20250418,20260417,6,5924,0.051728
375,Steven Stamkos,Steven_Stamkos,Steven_Stamkos,Q520397,occupation,184745,2026-07-22,20250418,20260417,5,1193,0.006458
376,Fedor Svechkov,Fedor_Svechkov,Fedor_Svechkov,Q107640761,occupation,9443,2026-07-22,20250418,20260417,1,67,0.007095
377,Ozzy Wiesblatt,Ozzy_Wiesblatt,Ozzy_Wiesblatt,Q100189128,occupation,55224,2026-07-22,20250418,20260417,6,572,0.010358
378,Matthew Wood,Matthew_Wood,Matthew_Wood_(ice_hockey),Q120064321,occupation,20729,2026-07-22,20250418,20260417,0,0,0.000000
379,Justin Barron,Justin_Barron,Justin_Barron,Q100166662,occupation,21621,2026-07-22,20250418,20260417,0,0,0.000000
380,Nicolas Hague,Nicolas_Hague,Nicolas_Hague,Q28090632,occupation,29750,2026-07-22,20250418,20260417,1,332,0.011160
381,Roman Josi,Roman_Josi,Roman_Josi,Q440285,occupation,69692,2026-07-22,20250418,20260417,0,0,0.000000
382,Nick Perbix,Nick_Perbix,Nick_Perbix,Q110810900,occupation,14759,2026-07-22,20250418,20260417,1,95,0.006437
383,Brady Skjei,Brady_Skjei,Brady_Skjei,Q2923509,occupation,42438,2026-07-22,20250418,20260417,1,110,0.002592
384,Adam Wilsby,Adam_Wilsby,Adam_Wilsby,Q67558595,occupation,4931,2026-07-22,20250418,20260417,1,47,0.009532
385,Nick Bjugstad,Nick_Bjugstad,Nick_Bjugstad,Q3047621,occupation,36563,2026-07-22,20250418,20260417,0,0,0.000000
386,Jesper Bratt,Jesper_Bratt,Jesper_Bratt,Q30229860,occupation,29830,2026-07-22,20250418,20260417,0,0,0.000000
387,Connor Brown,Connor_Brown,Connor_Brown_(ice_hockey),Q16209503,occupation,65546,2026-07-22,20250418,20260417,0,0,0.000000
388,Paul Cotter,Paul_Cotter,Paul_Cotter,Q109521040,occupation,15000,2026-07-22,20250418,20260417,0,0,0.000000
389,Evgenii Dadonov,Evgenii_Dadonov,Evgenii_Dadonov,Q209947,occupation,41163,2026-07-22,20250418,20260417,5,1595,0.038748
390,Cody Glass,Cody_Glass,Cody_Glass,Q28869018,occupation,38831,2026-07-22,20250418,20260417,0,0,0.000000
391,Arseny Gritsyuk,Arseny_Gritsyuk,Arseni_Gritsyuk,Q110279142,occupation,29680,2026-07-22,20250418,20260417,2,531,0.017891
392,Nico Hischier,Nico_Hischier,Nico_Hischier,Q23817773,occupation,108073,2026-07-22,20250418,20260417,0,0,0.000000
393,Jack Hughes,Jack_Hughes,Jack_Hughes,Q55614777,occupation,2515142,2026-07-22,20250418,20260417,6,6685,0.002658
394,Zack MacEwen,Zack_MacEwen,Zack_MacEwen,Q61699318,occupation,16136,2026-07-22,20250418,20260417,0,0,0.000000
395,Timo Meier,Timo_Meier,Timo_Meier,Q20392160,occupation,50383,2026-07-22,20250418,20260417,0,0,0.000000
396,Dawson Mercer,Dawson_Mercer,Dawson_Mercer,Q99744349,occupation,25952,2026-07-22,20250418,20260417,0,0,0.000000
397,Stefan Noesen,Stefan_Noesen,Stefan_Noesen,Q524005,occupation,16941,2026-07-22,20250418,20260417,2,136,0.008028
398,Maxim Tsyplakov,Maxim_Tsyplakov,Maxim_Tsyplakov,Q108923123,occupation,21138,2026-07-22,20250418,20260417,1,72,0.003406
399,Dennis Cholowski,Dennis_Cholowski,Dennis_Cholowski,Q24790832,occupation,14811,2026-07-22,20250418,20260417,2,61,0.004119
400,Brenden Dillon,Brenden_Dillon,Brenden_Dillon,Q4558770,occupation,28434,2026-07-22,20250418,20260417,0,0,0.000000
401,Dougie Hamilton,Dougie_Hamilton,Dougie_Hamilton,Q522687,occupation,61147,2026-07-22,20250418,20260417,1,39,0.000638
402,Luke Hughes,Luke_Hughes,Luke_Hughes_(ice_hockey),Q107636885,occupation,467819,2026-07-22,20250418,20260417,0,0,0.000000
403,Johnathan Kovacevic,Johnathan_Kovacevic,Johnathan_Kovacevic,Q110726950,occupation,18874,2026-07-22,20250418,20260417,2,351,0.018597
404,Simon Nemec,Simon_Nemec,Šimon_Nemec,Q106943350,occupation,59679,2026-07-22,20250418,20260417,2,850,0.014243
405,Brett Pesce,Brett_Pesce,Brett_Pesce,Q21278883,occupation,18827,2026-07-22,20250418,20260417,0,0,0.000000
406,Jonas Siegenthaler,Jonas_Siegenthaler,Jonas_Siegenthaler,Q16990473,occupation,22747,2026-07-22,20250418,20260417,0,0,0.000000
407,Mathew Barzal,Mathew_Barzal,Mathew_Barzal,Q17385625,occupation,104315,2026-07-22,20250418,20260417,4,2002,0.019192
408,Casey Cizikas,Casey_Cizikas,Casey_Cizikas,Q2940973,occupation,25962,2026-07-22,20250418,20260417,1,40,0.001541
409,Anthony Duclair,Anthony_Duclair,Anthony_Duclair,Q16228616,occupation,48517,2026-07-22,20250418,20260417,1,38,0.000783
410,Marc Gatcomb,Marc_Gatcomb,Marc_Gatcomb,Q131764819,occupation,10966,2026-07-22,20250418,20260417,0,0,0.000000
411,Emil Heineman,Emil_Heineman,Emil_Heineman,Q100159282,occupation,59192,2026-07-22,20250418,20260417,0,0,0.000000
412,Simon Holmstrom,Simon_Holmstrom,Simon_Holmström,Q57293781,occupation,15349,2026-07-22,20250418,20260417,1,186,0.012118
413,Bo Horvat,Bo_Horvat,Bo_Horvat,Q13581453,occupation,142562,2026-07-22,20250418,20260417,2,126,0.000884
414,Anders Lee,Anders_Lee,Anders_Lee,Q4753855,occupation,60427,2026-07-22,20250418,20260417,0,0,0.000000
415,Kyle MacLean,Kyle_MacLean,Kyle_MacLean,Q124322319,occupation,9005,2026-07-22,20250418,20260417,1,110,0.012215
416,Jean-Gabriel Pageau,Jean-Gabriel_Pageau,Jean-Gabriel_Pageau,Q12860187,occupation,23096,2026-07-22,20250418,20260417,2,137,0.005932
417,Ondrej Palat,Ondrej_Palat,Ondřej_Palát,Q6381284,occupation,48517,2026-07-22,20250418,20260417,2,1003,0.020673
418,Kyle Palmieri,Kyle_Palmieri,Kyle_Palmieri,Q526935,occupation,31796,2026-07-22,20250418,20260417,0,0,0.000000
419,Brayden Schenn,Brayden_Schenn,Brayden_Schenn,Q902941,occupation,127124,2026-07-22,20250418,20260417,1,37,0.000291
420,Max Shabanov,Max_Shabanov,Maxim_Shabanov,Q123035720,occupation,25572,2026-07-22,20250418,20260417,1,148,0.005788
421,Adam Boqvist,Adam_Boqvist,Adam_Boqvist,Q40592571,occupation,25456,2026-07-22,20250418,20260417,1,27,0.001061
422,Tony DeAngelo,Tony_DeAngelo,Tony_DeAngelo,Q16228519,occupation,52208,2026-07-22,20250418,20260417,3,1278,0.024479
423,Scott Mayfield,Scott_Mayfield,Scott_Mayfield,Q6380406,occupation,15396,2026-07-22,20250418,20260417,0,0,0.000000
424,Adam Pelech,Adam_Pelech,Adam_Pelech,Q16229469,occupation,15360,2026-07-22,20250418,20260417,1,60,0.003906
425,Ryan Pulock,Ryan_Pulock,Ryan_Pulock,Q7384450,occupation,14904,2026-07-22,20250418,20260417,1,57,0.003824
426,Alexander Romanov,Alexander_Romanov,"Alexander_Romanov_(ice_hockey,_born_2000)",Q56723122,nhl_id,20034,2026-07-22,20250418,20260417,0,0,0.000000
427,Matthew Schaefer,Matthew_Schaefer,Matthew_Schaefer,Q130416868,occupation,649164,2026-07-22,20250418,20260417,1,199,0.000307
428,Carson Soucy,Carson_Soucy,Carson_Soucy,Q51403345,occupation,31998,2026-07-22,20250418,20260417,0,0,0.000000
429,Jonny Brodzinski,Jonny_Brodzinski,Jonny_Brodzinski,Q20087670,occupation,15647,2026-07-22,20250418,20260417,2,1519,0.097079
430,Jaroslav Chmelar,Jaroslav_Chmelar,Jaroslav_Chmelař,Q120638131,nhl_id,12474,2026-07-22,20250418,20260417,0,0,0.000000
431,Will Cuylle,Will_Cuylle,Will_Cuylle,Q112133947,occupation,30405,2026-07-22,20250418,20260417,3,573,0.018846
432,Adam Edstrom,Adam_Edstrom,Adam_Edström,Q64853087,occupation,9712,2026-07-22,20250418,20260417,2,566,0.058278
433,Tye Kartye,Tye_Kartye,Tye_Kartye,Q117865206,occupation,22773,2026-07-22,20250418,20260417,1,174,0.007641
434,Noah Laba,Noah_Laba,Noah_Laba,Q125521759,occupation,40008,2026-07-22,20250418,20260417,0,0,0.000000
435,Alexis Lafrenière,Alexis_Lafrenière,Alexis_Lafrenière,Q52012798,occupation,104840,2026-07-22,20250418,20260417,1,1811,0.017274
436,J.T. Miller,J.T._Miller,J._T._Miller,Q540422,occupation,179200,2026-07-22,20250418,20260417,3,3941,0.021992
437,Gabe Perreault,Gabe_Perreault,Gabe_Perreault,Q120073173,occupation,69934,2026-07-22,20250418,20260417,1,507,0.007250
438,Taylor Raddysh,Taylor_Raddysh,Taylor_Raddysh,Q28160427,occupation,61985,2026-07-22,20250418,20260417,0,0,0.000000
439,Matt Rempe,Matt_Rempe,Matt_Rempe,Q124515704,occupation,125936,2026-07-22,20250418,20260417,1,107,0.000850
440,Conor Sheary,Conor_Sheary,Conor_Sheary,Q21774096,occupation,39210,2026-07-22,20250418,20260417,0,0,0.000000
441,Adam Sykora,Adam_Sykora,Adam_Sýkora,Q81907417,occupation,20436,2026-07-22,20250418,20260417,1,779,0.038119
442,Vincent Trocheck,Vincent_Trocheck,Vincent_Trocheck,Q7932086,occupation,149526,2026-07-22,20250418,20260417,2,183,0.001224
443,Mika Zibanejad,Mika_Zibanejad,Mika_Zibanejad,Q1859388,occupation,186261,2026-07-22,20250418,20260417,1,922,0.004950
444,Will Borgen,Will_Borgen,Will_Borgen,Q47067563,occupation,20492,2026-07-22,20250418,20260417,1,1083,0.052850
445,Drew Fortescue,Drew_Fortescue,Drew_Fortescue,Q124098758,occupation,18664,2026-07-22,20250418,20260417,1,104,0.005572
446,Adam Fox,Adam_Fox,Adam_Fox,Q60735944,occupation,83458,2026-07-22,20250418,20260417,2,1890,0.022646
447,Vladislav Gavrikov,Vladislav_Gavrikov,Vladislav_Gavrikov,Q20066382,occupation,45136,2026-07-22,20250418,20260417,0,0,0.000000
448,Vincent Iorio,Vincent_Iorio,Vincent_Iorio,Q116972089,occupation,19621,2026-07-22,20250418,20260417,0,0,0.000000
449,Matthew Robertson,Matthew_Robertson,Matthew_Robertson,Q114586313,occupation,20454,2026-07-22,20250418,20260417,0,0,0.000000
450,Braden Schneider,Braden_Schneider,Braden_Schneider,Q99744350,occupation,24354,2026-07-22,20250418,20260417,0,0,0.000000
451,Urho Vaakanainen,Urho_Vaakanainen,Urho_Vaakanainen,Q22917015,occupation,15650,2026-07-22,20250418,20260417,1,130,0.008307
452,Michael Amadio,Michael_Amadio,Michael_Amadio,Q42422430,occupation,19125,2026-07-22,20250418,20260417,1,395,0.020654
453,Drake Batherson,Drake_Batherson,Drake_Batherson,Q58767012,occupation,53041,2026-07-22,20250418,20260417,0,0,0.000000
454,Graeme Clarke,Graeme_Clarke,Graeme_Clarke,Q123352915,occupation,10320,2026-07-22,20250418,20260417,1,118,0.011434
455,Nick Cousins,Nick_Cousins,Nick_Cousins,Q19611265,occupation,54578,2026-07-22,20250418,20260417,0,0,0.000000
456,Dylan Cozens,Dylan_Cozens,Dylan_Cozens,Q65030083,occupation,62714,2026-07-22,20250418,20260417,1,12569,0.200418
457,Lars Eller,Lars_Eller,Lars_Eller,Q427363,occupation,58331,2026-07-22,20250418,20260417,0,0,0.000000
458,Warren Foegele,Warren_Foegele,Warren_Foegele,Q51010020,occupation,34853,2026-07-22,20250418,20260417,2,161,0.004619
459,Claude Giroux,Claude_Giroux,Claude_Giroux,Q940193,occupation,129724,2026-07-22,20250418,20260417,2,344,0.002652
460,Ridly Greig,Ridly_Greig,Ridly_Greig,Q100177658,occupation,29650,2026-07-22,20250418,20260417,0,0,0.000000
461,Stephen Halliday,Stephen_Halliday,Stephen_Halliday_(ice_hockey),Q134294475,occupation,6361,2026-07-22,20250418,20260417,0,0,0.000000
462,Hayden Hodgson,Hayden_Hodgson,Hayden_Hodgson,Q111362302,occupation,7184,2026-07-22,20250418,20260417,1,6,0.000835
463,Arthur Kaliyev,Arthur_Kaliyev,Arthur_Kaliyev,Q64781802,occupation,39004,2026-07-22,20250418,20260417,1,82,0.002102
464,Kurtis MacDermid,Kurtis_MacDermid,Kurtis_MacDermid,Q41719374,occupation,25963,2026-07-22,20250418,20260417,0,0,0.000000
465,Shane Pinto,Shane_Pinto,Shane_Pinto,Q64853340,occupation,59277,2026-07-22,20250418,20260417,0,0,0.000000
466,Tim Stützle,Tim_Stützle,Tim_Stützle,Q70008386,occupation,79697,2026-07-22,20250418,20260417,2,969,0.012159
467,Brady Tkachuk,Brady_Tkachuk,Brady_Tkachuk,Q47091197,occupation,688484,2026-07-22,20250418,20260417,0,0,0.000000
468,Fabian Zetterlund,Fabian_Zetterlund,Fabian_Zetterlund,Q27049206,occupation,22584,2026-07-22,20250418,20260417,0,0,0.000000
469,Thomas Chabot,Thomas_Chabot,Thomas_Chabot,Q20070752,occupation,33357,2026-07-22,20250418,20260417,2,82,0.002458
470,Cameron Crotty,Cameron_Crotty,Cameron_Crotty,Q125141169,occupation,7593,2026-07-22,20250418,20260417,0,0,0.000000
471,Dennis Gilbert,Dennis_Gilbert,Dennis_Gilbert_(ice_hockey),Q20676428,occupation,18834,2026-07-22,20250418,20260417,0,0,0.000000
472,Nick Jensen,Nick_Jensen,Nick_Jensen,Q16229145,occupation,20129,2026-07-22,20250418,20260417,0,0,0.000000
473,Tyler Kleven,Tyler_Kleven,Tyler_Kleven,Q117349974,occupation,13969,2026-07-22,20250418,20260417,0,0,0.000000
474,Nikolas Matinpalo,Nikolas_Matinpalo,Nikolas_Matinpalo,Q61103628,occupation,12873,2026-07-22,20250418,20260417,1,106,0.008234
475,Jake Sanderson,Jake_Sanderson,Jake_Sanderson,Q99744353,occupation,100788,2026-07-22,20250418,20260417,0,0,0.000000
476,Jordan Spence,Jordan_Spence,Jordan_Spence_(ice_hockey),Q104591119,occupation,59397,2026-07-22,20250418,20260417,0,0,0.000000
477,Lassi Thomson,Lassi_Thomson,Lassi_Thomson,Q64781761,occupation,8572,2026-07-22,20250418,20260417,0,0,0.000000
478,Carter Yakemchuk,Carter_Yakemchuk,Carter_Yakemchuk,Q126936261,occupation,27400,2026-07-22,20250418,20260417,1,274,0.010000
479,Artem Zub,Artem_Zub,Artem_Zub,Q29788672,occupation,22252,2026-07-22,20250418,20260417,1,6557,0.294670
480,Rodrigo Abols,Rodrigo_Abols,Rodrigo_Ābols,Q19356871,occupation,20663,2026-07-22,20250418,20260417,1,585,0.028311
481,Denver Barkey,Denver_Barkey,Denver_Barkey,Q130548141,occupation,38594,2026-07-22,20250418,20260417,0,0,0.000000
482,Alex Bump,Alex_Bump,Alex_Bump,Q133500284,occupation,28242,2026-07-22,20250418,20260417,0,0,0.000000
483,Noah Cates,Noah_Cates,Noah_Cates,Q110552680,occupation,21222,2026-07-22,20250418,20260417,0,0,0.000000
484,Sean Couturier,Sean_Couturier,Sean_Couturier,Q1860056,occupation,60799,2026-07-22,20250418,20260417,1,138,0.002270
485,Christian Dvorak,Christian_Dvorak,Christian_Dvorak,Q22681273,occupation,57580,2026-07-22,20250418,20260417,0,0,0.000000
486,Tyson Foerster,Tyson_Foerster,Tyson_Foerster,Q100187048,occupation,27343,2026-07-22,20250418,20260417,0,0,0.000000
487,Jacob Gaucher,Jacob_Gaucher,Jacob_Gaucher,Q132126484,occupation,3805,2026-07-22,20250418,20260417,0,0,0.000000
488,Luke Glendening,Luke_Glendening,Luke_Glendening,Q15081068,occupation,29212,2026-07-22,20250418,20260417,1,43,0.001472
489,Nikita Grebenkin,Nikita_Grebenkin,Nikita_Grebenkin,Q120920350,occupation,30462,2026-07-22,20250418,20260417,1,326,0.010702
490,Carl Grundstrom,Carl_Grundstrom,Carl_Grundström,Q20631146,occupation,17395,2026-07-22,20250418,20260417,1,510,0.029319
491,Garnet Hathaway,Garnet_Hathaway,Garnet_Hathaway,Q20656991,occupation,26486,2026-07-22,20250418,20260417,0,0,0.000000
492,Travis Konecny,Travis_Konecny,Travis_Konecny,Q16229347,occupation,82491,2026-07-22,20250418,20260417,0,0,0.000000
493,Jett Luchanko,Jett_Luchanko,Jett_Luchanko,Q126932754,occupation,31154,2026-07-22,20250418,20260417,0,0,0.000000
494,Porter Martone,Porter_Martone,Porter_Martone,Q130211542,occupation,170494,2026-07-22,20250418,20260417,1,819,0.004804
495,Matvei Michkov,Matvei_Michkov,Matvei_Michkov,Q81905428,occupation,73918,2026-07-22,20250418,20260417,0,0,0.000000
496,Owen Tippett,Owen_Tippett,Owen_Tippett,Q26207541,occupation,43578,2026-07-22,20250418,20260417,0,0,0.000000
497,Garrett Wilson,Garrett_Wilson,Garrett_Wilson_(ice_hockey),Q16089798,occupation,13298,2026-07-22,20250418,20260417,0,0,0.000000
498,Trevor Zegras,Trevor_Zegras,Trevor_Zegras,Q64781751,occupation,238634,2026-07-22,20250418,20260417,2,213,0.000893
499,Emil Andrae,Emil_Andrae,Emil_Andrae,Q88670439,occupation,8232,2026-07-22,20250418,20260417,0,0,0.000000
500,Simon Benoit,Simon_Benoit,Simon_Benoit,Q90828989,occupation,56475,2026-07-22,20250418,20260417,2,1538,0.027233
501,Oliver Bonk,Oliver_Bonk,Oliver_Bonk,Q120068593,occupation,30830,2026-07-22,20250418,20260417,0,0,0.000000
502,Jamie Drysdale,Jamie_Drysdale,Jamie_Drysdale,Q80677472,occupation,51283,2026-07-22,20250418,20260417,0,0,0.000000
503,Helge Grans,Helge_Grans,Helge_Grans,Q85989235,occupation,4303,2026-07-22,20250418,20260417,0,0,0.000000
504,David Jiricek,David_Jiricek,David_Jiříček,Q101429563,occupation,46158,2026-07-22,20250418,20260417,1,498,0.010789
505,Noah Juulsen,Noah_Juulsen,Noah_Juulsen,Q20652530,occupation,18952,2026-07-22,20250418,20260417,1,0,0.000000
506,Hunter McDonald,Hunter_McDonald,Hunter_McDonald,Q137829787,occupation,703,2026-07-22,20250418,20260417,0,0,0.000000
507,Rasmus Ristolainen,Rasmus_Ristolainen,Rasmus_Ristolainen,Q3077970,occupation,34205,2026-07-22,20250418,20260417,1,45,0.001316
508,Travis Sanheim,Travis_Sanheim,Travis_Sanheim,Q17180909,occupation,50193,2026-07-22,20250418,20260417,1,119,0.002371
509,Nick Seeler,Nick_Seeler,Nick_Seeler,Q49139375,occupation,12424,2026-07-22,20250418,20260417,0,0,0.000000
510,Cam York,Cam_York,Cam_York,Q64781756,occupation,25002,2026-07-22,20250418,20260417,1,1365,0.054596
511,Noel Acciari,Noel_Acciari,Noel_Acciari,Q20675813,occupation,23454,2026-07-22,20250418,20260417,0,0,0.000000
512,Justin Brazeau,Justin_Brazeau,Justin_Brazeau,Q124622990,occupation,52956,2026-07-22,20250418,20260417,1,76,0.001435
513,Egor Chinakhov,Egor_Chinakhov,Egor_Chinakhov,Q100150011,occupation,56867,2026-07-22,20250418,20260417,2,31814,0.559446
514,Sidney Crosby,Sidney_Crosby,Sidney_Crosby,Q311280,occupation,1866894,2026-07-22,20250418,20260417,12,8439,0.004520
515,Connor Dewar,Connor_Dewar,Connor_Dewar,Q89882950,occupation,23499,2026-07-22,20250418,20260417,0,0,0.000000
516,Filip Hallander,Filip_Hallander,Filip_Hållander,Q53912891,occupation,12619,2026-07-22,20250418,20260417,1,432,0.034234
517,Kevin Hayes,Kevin_Hayes,Kevin_Hayes,Q3195713,occupation,75446,2026-07-22,20250418,20260417,2,20368,0.269968
518,Ben Kindel,Ben_Kindel,Ben_Kindel,Q135106803,occupation,115052,2026-07-22,20250418,20260417,1,47728,0.414839
519,Ville Koivunen,Ville_Koivunen,Ville_Koivunen,Q108114408,occupation,15039,2026-07-22,20250418,20260417,0,0,0.000000
520,Blake Lizotte,Blake_Lizotte,Blake_Lizotte,Q62932839,occupation,16749,2026-07-22,20250418,20260417,0,0,0.000000
521,Evgeni Malkin,Evgeni_Malkin,Evgeni_Malkin,Q314433,occupation,276086,2026-07-22,20250418,20260417,8,1474,0.005339
522,Anthony Mantha,Anthony_Mantha,Anthony_Mantha,Q13580947,occupation,69427,2026-07-22,20250418,20260417,1,34,0.000490
523,Tommy Novak,Tommy_Novak,Tommy_Novak,Q20707370,occupation,22134,2026-07-22,20250418,20260417,0,0,0.000000
524,Rickard Rakell,Rickard_Rakell,Rickard_Rakell,Q1731789,occupation,33482,2026-07-22,20250418,20260417,1,52,0.001553
525,Bryan Rust,Bryan_Rust,Bryan_Rust,Q18637940,occupation,47198,2026-07-22,20250418,20260417,0,0,0.000000
526,Elmer Soderblom,Elmer_Soderblom,Elmer_Söderblom,Q104179563,occupation,34975,2026-07-22,20250418,20260417,1,619,0.017698
527,Connor Clifton,Connor_Clifton,Connor_Clifton,Q58837108,occupation,25936,2026-07-22,20250418,20260417,0,0,0.000000
528,Samuel Girard,Samuel_Girard,Sam_Girard,Q41874508,occupation,37883,2026-07-22,20250418,20260417,1,1105,0.029169
529,Ryan Graves,Ryan_Graves,Ryan_Graves_(ice_hockey),Q50365958,occupation,27590,2026-07-22,20250418,20260417,0,0,0.000000
530,Erik Karlsson,Erik_Karlsson,Erik_Karlsson,Q929159,occupation,147227,2026-07-22,20250418,20260417,0,0,0.000000
531,Kris Letang,Kris_Letang,Kris_Letang,Q1376409,occupation,110129,2026-07-22,20250418,20260417,4,556,0.005049
532,Jake Livanavage,Jake_Livanavage,Jake_Livanavage,Q133930914,occupation,7017,2026-07-22,20250418,20260417,1,63,0.008978
533,Ryan Shea,Ryan_Shea,Ryan_Shea,Q108301337,occupation,16702,2026-07-22,20250418,20260417,0,0,0.000000
534,Ilya Solovyov,Ilya_Solovyov,Ilya_Solovyov,Q107136932,occupation,21209,2026-07-22,20250418,20260417,0,0,0.000000
535,Jack St. Ivany,Jack_St._Ivany,Jack_St._Ivany,Q125116639,occupation,9599,2026-07-22,20250418,20260417,2,260,0.027086
536,Parker Wotherspoon,Parker_Wotherspoon,Parker_Wotherspoon,Q21683687,occupation,22871,2026-07-22,20250418,20260417,0,0,0.000000
537,Macklin Celebrini,Macklin_Celebrini,Macklin_Celebrini,Q116369841,occupation,1209863,2026-07-22,20250418,20260417,0,0,0.000000
538,Ty Dellandrea,Ty_Dellandrea,Ty_Dellandrea,Q55183445,occupation,22628,2026-07-22,20250418,20260417,0,0,0.000000
539,William Eklund,William_Eklund,William_Eklund,Q104473429,occupation,82035,2026-07-22,20250418,20260417,0,0,0.000000
540,Adam Gaudette,Adam_Gaudette,Adam_Gaudette,Q28935407,occupation,42379,2026-07-22,20250418,20260417,1,59,0.001392
541,Barclay Goodrow,Barclay_Goodrow,Barclay_Goodrow,Q18391246,occupation,27737,2026-07-22,20250418,20260417,0,0,0.000000
542,Collin Graf,Collin_Graf,Collin_Graf,Q117468322,occupation,35568,2026-07-22,20250418,20260417,0,0,0.000000
543,Philipp Kurashev,Philipp_Kurashev,Philipp_Kurashev,Q60284256,occupation,31541,2026-07-22,20250418,20260417,1,105,0.003329
544,Michael Misa,Michael_Misa,Michael_Misa,Q120143115,occupation,184712,2026-07-22,20250418,20260417,0,0,0.000000
545,Zack Ostapchuk,Zack_Ostapchuk,Zack_Ostapchuk,Q124828144,occupation,20466,2026-07-22,20250418,20260417,0,0,0.000000
546,Ryan Reaves,Ryan_Reaves,Ryan_Reaves,Q2178104,occupation,171942,2026-07-22,20250418,20260417,1,505,0.002937
547,Pavol Regenda,Pavol_Regenda,Pavol_Regenda,Q110933819,occupation,34183,2026-07-22,20250418,20260417,1,90,0.002633
548,Kiefer Sherwood,Kiefer_Sherwood,Kiefer_Sherwood,Q56876110,occupation,117052,2026-07-22,20250418,20260417,0,0,0.000000
549,Will Smith,Will_Smith,Will_Smith_(ice_hockey),Q120015664,occupation,244830,2026-07-22,20250418,20260417,1,644,0.002630
550,Tyler Toffoli,Tyler_Toffoli,Tyler_Toffoli,Q3546040,occupation,85845,2026-07-22,20250418,20260417,0,0,0.000000
551,Alexander Wennberg,Alexander_Wennberg,Alexander_Wennberg,Q4720354,occupation,58190,2026-07-22,20250418,20260417,2,205,0.003523
552,Vincent Desharnais,Vincent_Desharnais,Vincent_Desharnais,Q116178534,occupation,34815,2026-07-22,20250418,20260417,1,0,0.000000
553,Sam Dickinson,Sam_Dickinson,Sam_Dickinson_(ice_hockey),Q124634454,occupation,45393,2026-07-22,20250418,20260417,1,152,0.003349
554,Mario Ferraro,Mario_Ferraro,Mario_Ferraro,Q69524804,occupation,33971,2026-07-22,20250418,20260417,0,0,0.000000
555,John Klingberg,John_Klingberg,John_Klingberg,Q527382,occupation,58052,2026-07-22,20250418,20260417,1,49,0.000844
556,Nick Leddy,Nick_Leddy,Nick_Leddy,Q1985505,occupation,42282,2026-07-22,20250418,20260417,0,0,0.000000
557,Shakir Mukhamadullin,Shakir_Mukhamadullin,Shakir_Mukhamadullin,Q98961212,occupation,48938,2026-07-22,20250418,20260417,2,164,0.003351
558,Dmitry Orlov,Dmitry_Orlov,Dmitry_Orlov_(ice_hockey),Q1232790,occupation,42685,2026-07-22,20250418,20260417,0,0,0.000000
559,Matty Beniers,Matty_Beniers,Matty_Beniers,Q107035397,occupation,75666,2026-07-22,20250418,20260417,2,401,0.005300
560,Berkly Catton,Berkly_Catton,Berkly_Catton,Q124260524,occupation,34131,2026-07-22,20250418,20260417,1,33,0.000967
561,Jordan Eberle,Jordan_Eberle,Jordan_Eberle,Q975074,occupation,79105,2026-07-22,20250418,20260417,1,44,0.000556
562,Frederick Gaudreau,Frederick_Gaudreau,Frédérick_Gaudreau,Q27530137,occupation,44001,2026-07-22,20250418,20260417,1,731,0.016613
563,Kaapo Kakko,Kaapo_Kakko,Kaapo_Kakko,Q45835153,occupation,72616,2026-07-22,20250418,20260417,3,240,0.003305
564,Jared McCann,Jared_McCann,Jared_McCann,Q16229703,occupation,42078,2026-07-22,20250418,20260417,2,0,0.000000
565,Bobby McMann,Bobby_McMann,Bobby_McMann,Q116176450,occupation,60410,2026-07-22,20250418,20260417,0,0,0.000000
566,Ben Meyers,Ben_Meyers,Ben_Meyers,Q110932966,occupation,12369,2026-07-22,20250418,20260417,0,0,0.000000
567,Jaden Schwartz,Jaden_Schwartz,Jaden_Schwartz,Q3160420,occupation,27128,2026-07-22,20250418,20260417,1,647,0.023850
568,Chandler Stephenson,Chandler_Stephenson,Chandler_Stephenson,Q21192284,occupation,22405,2026-07-22,20250418,20260417,0,0,0.000000
569,Eeli Tolvanen,Eeli_Tolvanen,Eeli_Tolvanen,Q23906048,occupation,22755,2026-07-22,20250418,20260417,0,0,0.000000
570,Ryan Winterton,Ryan_Winterton,Ryan_Winterton,Q123394071,occupation,15665,2026-07-22,20250418,20260417,0,0,0.000000
571,Shane Wright,Shane_Wright,Shane_Wright,Q105731667,occupation,89769,2026-07-22,20250418,20260417,2,27330,0.304448
572,Vince Dunn,Vince_Dunn,Vince_Dunn,Q41611395,occupation,42383,2026-07-22,20250418,20260417,0,0,0.000000
573,Ryker Evans,Ryker_Evans,Ryker_Evans,Q112144287,occupation,14849,2026-07-22,20250418,20260417,0,0,0.000000
574,Cale Fleury,Cale_Fleury,Cale_Fleury,Q69412866,occupation,27619,2026-07-22,20250418,20260417,0,0,0.000000
575,Adam Larsson,Adam_Larsson,Adam_Larsson,Q350284,occupation,34165,2026-07-22,20250418,20260417,1,104,0.003044
576,Ryan Lindgren,Ryan_Lindgren,Ryan_Lindgren,Q24827237,occupation,30188,2026-07-22,20250418,20260417,0,0,0.000000
577,Joshua Mahura,Joshua_Mahura,Josh_Mahura,Q58883801,occupation,12029,2026-07-22,20250418,20260417,1,465,0.038657
578,Brandon Montour,Brandon_Montour,Brandon_Montour,Q23799452,occupation,70619,2026-07-22,20250418,20260417,0,0,0.000000
579,Jamie Oleksiak,Jamie_Oleksiak,Jamie_Oleksiak,Q3161564,occupation,42604,2026-07-22,20250418,20260417,1,40,0.000939
580,Jonatan Berggren,Jonatan_Berggren,Jonatan_Berggren,Q52154379,occupation,16726,2026-07-22,20250418,20260417,0,0,0.000000
581,Pavel Buchnevich,Pavel_Buchnevich,Pavel_Buchnevich,Q3372929,occupation,23796,2026-07-22,20250418,20260417,1,102,0.004286
582,Jonathan Drouin,Jonathan_Drouin,Jonathan_Drouin,Q1572118,occupation,74915,2026-07-22,20250418,20260417,2,75,0.001001
583,Dalibor Dvorsky,Dalibor_Dvorsky,Dalibor_Dvorský,Q109335919,occupation,42882,2026-07-22,20250418,20260417,1,527,0.012290
584,Jack Finley,Jack_Finley,Jack_Finley,Q120401898,occupation,24321,2026-07-22,20250418,20260417,0,0,0.000000
585,Dylan Holloway,Dylan_Holloway,Dylan_Holloway,Q100166692,occupation,32381,2026-07-22,20250418,20260417,0,0,0.000000
586,Jordan Kyrou,Jordan_Kyrou,Jordan_Kyrou,Q47088002,occupation,64028,2026-07-22,20250418,20260417,0,0,0.000000
587,Jake Neighbours,Jake_Neighbours,Jake_Neighbours,Q100166664,occupation,25140,2026-07-22,20250418,20260417,0,0,0.000000
588,Jimmy Snuggerud,Jimmy_Snuggerud,Jimmy_Snuggerud,Q81907130,occupation,64834,2026-07-22,20250418,20260417,0,0,0.000000
589,Oskar Sundqvist,Oskar_Sundqvist,Oskar_Sundqvist,Q6381123,occupation,23841,2026-07-22,20250418,20260417,2,95,0.003985
590,Pius Suter,Pius_Suter,Pius_Suter,Q17305227,occupation,35633,2026-07-22,20250418,20260417,0,0,0.000000
591,Robert Thomas,Robert_Thomas,Robert_Thomas_(ice_hockey),Q30689603,occupation,79835,2026-07-22,20250418,20260417,0,0,0.000000
592,Alexey Toropchenko,Alexey_Toropchenko,Alexey_Toropchenko,Q99761947,occupation,10934,2026-07-22,20250418,20260417,1,557,0.050942
593,Nathan Walker,Nathan_Walker,Nathan_Walker,Q984365,occupation,61554,2026-07-22,20250418,20260417,0,0,0.000000
594,Philip Broberg,Philip_Broberg,Philip_Broberg,Q64764843,occupation,25541,2026-07-22,20250418,20260417,0,0,0.000000
595,Cam Fowler,Cam_Fowler,Cam_Fowler,Q1027905,occupation,42056,2026-07-22,20250418,20260417,0,0,0.000000
596,Justin Holl,Justin_Holl,Justin_Holl,Q47527934,occupation,19518,2026-07-22,20250418,20260417,0,0,0.000000
597,Matthew Kessel,Matthew_Kessel,Matthew_Kessel,Q124391190,occupation,14918,2026-07-22,20250418,20260417,1,563,0.037740
598,Logan Mailloux,Logan_Mailloux,Logan_Mailloux,Q107632114,occupation,81221,2026-07-22,20250418,20260417,0,0,0.000000
599,Colton Parayko,Colton_Parayko,Colton_Parayko,Q16204018,occupation,103725,2026-07-22,20250418,20260417,1,118,0.001138
600,Tyler Tucker,Tyler_Tucker,Tyler_Tucker,Q115249555,occupation,17229,2026-07-22,20250418,20260417,0,0,0.000000
601,Oliver Bjorkstrand,Oliver_Bjorkstrand,Oliver_Bjorkstrand,Q1439741,occupation,34200,2026-07-22,20250418,20260417,1,114,0.003333
602,Anthony Cirelli,Anthony_Cirelli,Anthony_Cirelli,Q50300676,occupation,41487,2026-07-22,20250418,20260417,1,37,0.000892
603,Conor Geekie,Conor_Geekie,Conor_Geekie,Q81903067,occupation,55786,2026-07-22,20250418,20260417,0,0,0.000000
604,Zemgus Girgensons,Zemgus_Girgensons,Zemgus_Girgensons,Q3078663,occupation,36299,2026-07-22,20250418,20260417,2,169,0.004656
605,Gage Goncalves,Gage_Goncalves,Gage_Goncalves,Q124258303,occupation,22316,2026-07-22,20250418,20260417,0,0,0.000000
606,Yanni Gourde,Yanni_Gourde,Yanni_Gourde,Q3571720,occupation,42434,2026-07-22,20250418,20260417,0,0,0.000000
607,Jake Guentzel,Jake_Guentzel,Jake_Guentzel,Q27902006,occupation,181737,2026-07-22,20250418,20260417,0,0,0.000000
608,Brandon Hagel,Brandon_Hagel,Brandon_Hagel,Q87544687,occupation,99896,2026-07-22,20250418,20260417,0,0,0.000000
609,Pontus Holmberg,Pontus_Holmberg,Pontus_Holmberg,Q53869727,occupation,24889,2026-07-22,20250418,20260417,0,0,0.000000
610,Dominic James,Dominic_James,Dominic_James_(ice_hockey),Q136746484,occupation,11638,2026-07-22,20250418,20260417,0,0,0.000000
611,Nikita Kucherov,Nikita_Kucherov,Nikita_Kucherov,Q1693680,occupation,180330,2026-07-22,20250418,20260417,2,167,0.000926
612,Nick Paul,Nick_Paul,Nick_Paul,Q22891534,occupation,22623,2026-07-22,20250418,20260417,0,0,0.000000
613,Corey Perry,Corey_Perry,Corey_Perry,Q948963,occupation,582450,2026-07-22,20250418,20260417,1,518,0.000889
614,Brayden Point,Brayden_Point,Brayden_Point,Q17183570,occupation,53964,2026-07-22,20250418,20260417,0,0,0.000000
615,Scott Sabourin,Scott_Sabourin,Scott_Sabourin,Q16224923,occupation,26275,2026-07-22,20250418,20260417,0,0,0.000000
616,Declan Carlile,Declan_Carlile,Declan_Carlile,Q124151607,occupation,7452,2026-07-22,20250418,20260417,0,0,0.000000
617,Erik Cernak,Erik_Cernak,Erik_Černák,Q15613791,occupation,27143,2026-07-22,20250418,20260417,1,372,0.013705
618,Max Crozier,Max_Crozier,Max_Crozier,Q124285797,occupation,8274,2026-07-22,20250418,20260417,1,353,0.042664
619,Charle-Edouard D'Astous,Charle-Edouard_D'Astous,Charle-Edouard_D'Astous,Q116942773,occupation,14964,2026-07-22,20250418,20260417,1,111,0.007418
620,Victor Hedman,Victor_Hedman,Victor_Hedman,Q728924,occupation,77479,2026-07-22,20250418,20260417,2,141,0.001820
621,Emil Lilleberg,Emil_Lilleberg,Emil_Lilleberg,Q90910550,occupation,15989,2026-07-22,20250418,20260417,1,387,0.024204
622,Ryan McDonagh,Ryan_McDonagh,Ryan_McDonagh,Q2094838,occupation,54940,2026-07-22,20250418,20260417,1,115,0.002093
623,J.J. Moser,J.J._Moser,J._J._Moser,Q63457572,occupation,30592,2026-07-22,20250418,20260417,4,17002,0.555766
624,Darren Raddysh,Darren_Raddysh,Darren_Raddysh,Q98755073,occupation,46659,2026-07-22,20250418,20260417,0,0,0.000000
625,Max Domi,Max_Domi,Max_Domi,Q13581451,occupation,225584,2026-07-22,20250418,20260417,0,0,0.000000
626,Bo Groulx,Bo_Groulx,Benoit-Olivier_Groulx,Q50377306,nhl_id,35866,2026-07-22,20250418,20260417,1,230,0.006413
627,Luke Haymes,Luke_Haymes,,,none,,2026-06-23,20250418,20260417,,,
628,Calle Jarnkrok,Calle_Jarnkrok,Calle_Järnkrok,Q961358,occupation,29365,2026-07-22,20250418,20260417,2,675,0.022987
629,Dakota Joshua,Dakota_Joshua,Dakota_Joshua,Q19519917,occupation,78800,2026-07-22,20250418,20260417,0,0,0.000000
630,Matthew Knies,Matthew_Knies,Matthew_Knies,Q110984252,occupation,189138,2026-07-22,20250418,20260417,0,0,0.000000
631,Steven Lorentz,Steven_Lorentz,Steven_Lorentz,Q105104970,occupation,38184,2026-07-22,20250418,20260417,0,0,0.000000
632,Matias Maccelli,Matias_Maccelli,Matias_Maccelli,Q70335829,occupation,74552,2026-07-22,20250418,20260417,0,0,0.000000
633,Auston Matthews,Auston_Matthews,Auston_Matthews,Q20090644,occupation,806696,2026-07-22,20250418,20260417,0,0,0.000000
634,William Nylander,William_Nylander,William_Nylander,Q14614517,occupation,274197,2026-07-22,20250418,20260417,12,1706,0.006222
635,Nicholas Robertson,Nicholas_Robertson,Nicholas_Robertson_(ice_hockey),Q98066183,occupation,83863,2026-07-22,20250418,20260417,1,564,0.006725
636,John Tavares,John_Tavares,John_Tavares,Q537353,occupation,274486,2026-07-22,20250418,20260417,6,10902,0.039718
637,Emil Andrae,Emil_Andrae,Emil_Andrae,Q88670439,occupation,8232,2026-07-22,20250418,20260417,0,0,0.000000
638,Simon Benoit,Simon_Benoit,Simon_Benoit,Q90828989,occupation,56475,2026-07-22,20250418,20260417,2,1538,0.027233
639,Brandon Carlo,Brandon_Carlo,Brandon_Carlo,Q20067419,occupation,62110,2026-07-22,20250418,20260417,0,0,0.000000
640,Oliver Ekman-Larsson,Oliver_Ekman-Larsson,Oliver_Ekman-Larsson,Q1390668,occupation,87287,2026-07-22,20250418,20260417,4,299,0.003425
641,Jake McCabe,Jake_McCabe,Jake_McCabe,Q16054878,occupation,47564,2026-07-22,20250418,20260417,0,0,0.000000
642,Philippe Myers,Philippe_Myers,Philippe_Myers,Q56658449,occupation,22161,2026-07-22,20250418,20260417,0,0,0.000000
643,Morgan Rielly,Morgan_Rielly,Morgan_Rielly,Q552306,occupation,184184,2026-07-22,20250418,20260417,2,453,0.002459
644,Troy Stecher,Troy_Stecher,Troy_Stecher,Q27571839,occupation,77762,2026-07-22,20250418,20260417,1,376,0.004835
645,Chris Tanev,Chris_Tanev,Christopher_Tanev,Q1086998,occupation,120909,2026-07-22,20250418,20260417,2,1940,0.016045
646,Andrew Agozzino,Andrew_Agozzino,Andrew_Agozzino,Q4756183,occupation,6047,2026-07-22,20250418,20260417,2,109,0.018025
647,Daniil But,Daniil_But,Daniil_But,Q120067880,occupation,14356,2026-07-22,20250418,20260417,0,0,0.000000
648,Michael Carcone,Michael_Carcone,Michael_Carcone,Q110304604,occupation,14333,2026-07-22,20250418,20260417,2,162,0.011303
649,Logan Cooley,Logan_Cooley,Logan_Cooley,Q112967578,occupation,102701,2026-07-22,20250418,20260417,2,1375,0.013388
650,Lawson Crouse,Lawson_Crouse,Lawson_Crouse,Q18763985,occupation,24430,2026-07-22,20250418,20260417,0,0,0.000000
651,Dylan Guenther,Dylan_Guenther,Dylan_Guenther,Q108030630,occupation,52014,2026-07-22,20250418,20260417,1,224,0.004307
652,Barrett Hayton,Barrett_Hayton,Barrett_Hayton,Q51777580,occupation,22635,2026-07-22,20250418,20260417,0,0,0.000000
653,Clayton Keller,Clayton_Keller,Clayton_Keller,Q22278556,occupation,178550,2026-07-22,20250418,20260417,0,0,0.000000
654,Alexander Kerfoot,Alexander_Kerfoot,Alexander_Kerfoot,Q41455254,occupation,24394,2026-07-22,20250418,20260417,1,341,0.013979
655,Jack McBain,Jack_McBain,Jack_McBain,Q110876482,occupation,22311,2026-07-22,20250418,20260417,0,0,0.000000
656,Ben McCartney,Ben_McCartney,Ben_McCartney,Q109448153,occupation,2637,2026-07-22,20250418,20260417,0,0,0.000000
657,Liam O'Brien,Liam_O'Brien,Liam_O'Brien_(ice_hockey),Q18228540,occupation,18800,2026-07-22,20250418,20260417,0,0,0.000000
658,JJ Peterka,JJ_Peterka,JJ_Peterka,Q80808677,occupation,81874,2026-07-22,20250418,20260417,5,2509,0.030645
659,Kevin Rooney,Kevin_Rooney,Kevin_Rooney_(ice_hockey),Q28865575,occupation,13298,2026-07-22,20250418,20260417,0,0,0.000000
660,Nick Schmaltz,Nick_Schmaltz,Nick_Schmaltz,Q17180924,occupation,55791,2026-07-22,20250418,20260417,0,0,0.000000
661,Kevin Stenlund,Kevin_Stenlund,Kevin_Stenlund,Q20709999,occupation,10920,2026-07-22,20250418,20260417,0,0,0.000000
662,Brandon Tanev,Brandon_Tanev,Brandon_Tanev,Q23918693,occupation,89565,2026-07-22,20250418,20260417,0,0,0.000000
663,Kailer Yamamoto,Kailer_Yamamoto,Kailer_Yamamoto,Q24827223,occupation,66475,2026-07-22,20250418,20260417,1,118,0.001775
664,Ian Cole,Ian_Cole,Ian_Cole,Q1655486,occupation,33523,2026-07-22,20250418,20260417,0,0,0.000000
665,Nick DeSimone,Nick_DeSimone,Nick_DeSimone,Q115133336,occupation,10937,2026-07-22,20250418,20260417,0,0,0.000000
666,Sean Durzi,Sean_Durzi,Sean_Durzi,Q109735832,occupation,19308,2026-07-22,20250418,20260417,0,0,0.000000
667,Maveric Lamoureux,Maveric_Lamoureux,Maveric_Lamoureux,Q112967564,occupation,12883,2026-07-22,20250418,20260417,0,0,0.000000
668,John Marino,John_Marino,John_Marino,Q70152038,occupation,20652,2026-07-22,20250418,20260417,2,898,0.043482
669,Scott Perunovich,Scott_Perunovich,Scott_Perunovich,Q62082495,occupation,20822,2026-07-22,20250418,20260417,0,0,0.000000
670,Nate Schmidt,Nate_Schmidt,Nate_Schmidt,Q15142783,occupation,89608,2026-07-22,20250418,20260417,0,0,0.000000
671,Mikhail Sergachev,Mikhail_Sergachev,Mikhail_Sergachev,Q21622801,occupation,58401,2026-07-22,20250418,20260417,6,362,0.006199
672,Dmitri Simashev,Dmitri_Simashev,Dmitriy_Simashev,Q120067858,occupation,18112,2026-07-22,20250418,20260417,1,983,0.054273
673,Maksymilian Szuber,Maksymilian_Szuber,Maksymilian_Szuber,Q111901366,occupation,5370,2026-07-22,20250418,20260417,1,66,0.012291
674,MacKenzie Weegar,MacKenzie_Weegar,MacKenzie_Weegar,Q29246743,occupation,47324,2026-07-22,20250418,20260417,3,979,0.020687
675,Nils Aman,Nils_Aman,Nils_Åman,Q100251382,occupation,5879,2026-07-22,20250418,20260417,1,281,0.047797
676,Teddy Blueger,Teddy_Blueger,Teddy_Blueger,Q15407916,occupation,35237,2026-07-22,20250418,20260417,4,4293,0.121832
677,Brock Boeser,Brock_Boeser,Brock_Boeser,Q20090315,occupation,77017,2026-07-22,20250418,20260417,1,83,0.001078
678,Filip Chytil,Filip_Chytil,Filip_Chytil,Q30582528,occupation,28279,2026-07-22,20250418,20260417,0,0,0.000000
679,Jake DeBrusk,Jake_DeBrusk,Jake_DeBrusk,Q20536540,occupation,47051,2026-07-22,20250418,20260417,1,161,0.003422
680,Curtis Douglas,Curtis_Douglas,Curtis_Douglas,Q136470461,occupation,33670,2026-07-22,20250418,20260417,1,446,0.013246
681,Nils Hoglander,Nils_Hoglander,Nils_Höglander,Q54828774,occupation,13020,2026-07-22,20250418,20260417,2,398,0.030568
682,Evander Kane,Evander_Kane,Evander_Kane,Q976515,occupation,432014,2026-07-22,20250418,20260417,2,110,0.000255
683,Linus Karlsson,Linus_Karlsson,Linus_Karlsson_(ice_hockey),Q55364020,occupation,18225,2026-07-22,20250418,20260417,0,0,0.000000
684,Drew O'Connor,Drew_O'Connor,Drew_O'Connor,Q105083026,occupation,28056,2026-07-22,20250418,20260417,0,0,0.000000
685,Liam Ohgren,Liam_Ohgren,Liam_Öhgren,Q112960703,occupation,51711,2026-07-22,20250418,20260417,2,300,0.005801
686,Elias Pettersson,Elias_Pettersson,Elias_Pettersson,Q28057083,occupation,120173,2026-07-22,20250418,20260417,0,0,0.000000
687,Aatu Räty,Aatu_Räty,Aatu_Räty,Q70335876,occupation,21009,2026-07-22,20250418,20260417,1,687,0.032700
688,Marco Rossi,Marco_Rossi,Marco_Rossi_(ice_hockey),Q44086008,occupation,85258,2026-07-22,20250418,20260417,0,0,0.000000
689,Max Sasson,Max_Sasson,Max_Sasson,Q131316613,occupation,21689,2026-07-22,20250418,20260417,0,0,0.000000
690,Zeev Buium,Zeev_Buium,Zeev_Buium,Q124098765,occupation,211311,2026-07-22,20250418,20260417,0,0,0.000000
691,Derek Forbort,Derek_Forbort,Derek_Forbort,Q3023724,occupation,13629,2026-07-22,20250418,20260417,2,102,0.007484
692,Filip Hronek,Filip_Hronek,Filip_Hronek,Q20057354,occupation,27745,2026-07-22,20250418,20260417,0,0,0.000000
693,Pierre-Olivier Joseph,Pierre-Olivier_Joseph,Pierre-Olivier_Joseph,Q30596054,occupation,34120,2026-07-22,20250418,20260417,0,0,0.000000
694,Victor Mancini,Victor_Mancini,Victor_Mancini,Q130470301,occupation,23672,2026-07-22,20250418,20260417,0,0,0.000000
695,Elias Pettersson,Elias_Pettersson,"Elias_Pettersson_(ice_hockey,_born_2004)",Q114003684,nhl_id,27920,2026-07-22,20250418,20260417,2,6254,0.223997
696,Marcus Pettersson,Marcus_Pettersson,Marcus_Pettersson,Q16224651,occupation,23410,2026-07-22,20250418,20260417,1,44,0.001880
697,Tom Willander,Tom_Willander,Tom_Willander,Q119997633,occupation,23901,2026-07-22,20250418,20260417,1,65,0.002720
698,Ivan Barbashev,Ivan_Barbashev,Ivan_Barbashev,Q16147074,occupation,23891,2026-07-22,20250418,20260417,1,191,0.007995
699,Braeden Bowman,Braeden_Bowman,Braeden_Bowman,Q136785645,occupation,12430,2026-07-22,20250418,20260417,0,0,0.000000
700,Pavel Dorofeyev,Pavel_Dorofeyev,Pavel_Dorofeyev,Q60677539,occupation,33836,2026-07-22,20250418,20260417,0,0,0.000000
701,Nic Dowd,Nic_Dowd,Nic_Dowd,Q16228586,occupation,35698,2026-07-22,20250418,20260417,1,36,0.001008
702,Jack Eichel,Jack_Eichel,Jack_Eichel,Q17285387,occupation,277261,2026-07-22,20250418,20260417,1,55,0.000198
703,Tomas Hertl,Tomas_Hertl,Tomáš_Hertl,Q2257856,occupation,48406,2026-07-22,20250418,20260417,3,1002,0.020700
704,Alexander Holtz,Alexander_Holtz,Alexander_Holtz,Q63375795,occupation,22605,2026-07-22,20250418,20260417,1,30,0.001327
705,Brett Howden,Brett_Howden,Brett_Howden,Q24805730,occupation,54153,2026-07-22,20250418,20260417,0,0,0.000000
706,William Karlsson,William_Karlsson,William_Karlsson,Q2577203,occupation,46033,2026-07-22,20250418,20260417,1,97,0.002107
707,Keegan Kolesar,Keegan_Kolesar,Keegan_Kolesar,Q81764726,occupation,28911,2026-07-22,20250418,20260417,0,0,0.000000
708,Tanner Laczynski,Tanner_Laczynski,Tanner_Laczynski,Q106359276,occupation,6385,2026-07-22,20250418,20260417,0,0,0.000000
709,Raphael Lavoie,Raphael_Lavoie,Raphaël_Lavoie,Q98744669,occupation,8477,2026-07-22,20250418,20260417,1,574,0.067713
710,Mitch Marner,Mitch_Marner,Mitch_Marner,Q19896071,occupation,562216,2026-07-22,20250418,20260417,1,1008,0.001793
711,Jonas Rondbjerg,Jonas_Rondbjerg,Jonas_Røndbjerg,Q23845870,occupation,14857,2026-07-22,20250418,20260417,2,532,0.035808
712,Brandon Saad,Brandon_Saad,Brandon_Saad,Q389490,occupation,70873,2026-07-22,20250418,20260417,1,198,0.002794
713,Colton Sissons,Colton_Sissons,Colton_Sissons,Q15705565,occupation,16071,2026-07-22,20250418,20260417,0,0,0.000000
714,Cole Smith,Cole_Smith,Cole_Smith_(ice_hockey),Q104828654,occupation,21557,2026-07-22,20250418,20260417,0,0,0.000000
715,Reilly Smith,Reilly_Smith,Reilly_Smith,Q4588453,occupation,100721,2026-07-22,20250418,20260417,1,46,0.000457
716,Mark Stone,Mark_Stone,Mark_Stone,Q473524,occupation,141151,2026-07-22,20250418,20260417,3,2248,0.015926
717,Kai Uchacz,Kai_Uchacz,Kai_Uchacz,Q138013097,occupation,665,2026-07-22,20250418,20260417,1,131,0.196992
718,Rasmus Andersson,Rasmus_Andersson,Rasmus_Andersson,Q16150336,occupation,61224,2026-07-22,20250418,20260417,0,0,0.000000
719,Dylan Coghlan,Dylan_Coghlan,Dylan_Coghlan,Q105332801,occupation,7609,2026-07-22,20250418,20260417,0,0,0.000000
720,Jeremy Davies,Jeremy_Davies,Jérémy_Davies,Q105844188,occupation,7477,2026-07-22,20250418,20260417,2,1036,0.138558
721,Noah Hanifin,Noah_Hanifin,Noah_Hanifin,Q17386014,occupation,99229,2026-07-22,20250418,20260417,1,120,0.001209
722,Ben Hutton,Ben_Hutton,Ben_Hutton,Q16229096,occupation,15265,2026-07-22,20250418,20260417,1,8048,0.527219
723,Kaedan Korczak,Kaedan_Korczak,Kaedan_Korczak,Q104591090,occupation,12973,2026-07-22,20250418,20260417,1,1157,0.089185
724,Jeremy Lauzon,Jeremy_Lauzon,Jérémy_Lauzon,Q58002269,occupation,23431,2026-07-22,20250418,20260417,2,1855,0.079169
725,Brayden McNabb,Brayden_McNabb,Brayden_McNabb,Q944469,occupation,25906,2026-07-22,20250418,20260417,0,0,0.000000
726,Jaycob Megna,Jaycob_Megna,Jaycob_Megna,Q16229748,occupation,23467,2026-07-22,20250418,20260417,0,0,0.000000
727,Shea Theodore,Shea_Theodore,Shea_Theodore,Q13581460,occupation,66744,2026-07-22,20250418,20260417,1,36,0.000539
728,Anthony Beauvillier,Anthony_Beauvillier,Anthony_Beauvillier,Q20065960,occupation,51325,2026-07-22,20250418,20260417,3,140,0.002728
729,Pierre-Luc Dubois,Pierre-Luc_Dubois,Pierre-Luc_Dubois,Q21621212,occupation,63440,2026-07-22,20250418,20260417,2,174,0.002743
730,Brandon Duhaime,Brandon_Duhaime,Brandon_Duhaime,Q108913705,occupation,28355,2026-07-22,20250418,20260417,0,0,0.000000
731,Ethen Frank,Ethen_Frank,Ethen_Frank,Q113415535,occupation,22028,2026-07-22,20250418,20260417,0,0,0.000000
732,David Kampf,David_Kampf,David_Kämpf,Q16229225,occupation,48885,2026-07-22,20250418,20260417,2,485,0.009921
733,Hendrix Lapierre,Hendrix_Lapierre,Hendrix_Lapierre,Q100150917,occupation,15476,2026-07-22,20250418,20260417,0,0,0.000000
734,Ryan Leonard,Ryan_Leonard,Ryan_Leonard_(ice_hockey),Q120056851,occupation,82856,2026-07-22,20250418,20260417,0,0,0.000000
735,Connor McMichael,Connor_McMichael,Connor_McMichael,Q64781753,occupation,26857,2026-07-22,20250418,20260417,0,0,0.000000
736,Ivan Miroshnichenko,Ivan_Miroshnichenko,Ivan_Miroshnichenko_(ice_hockey),Q81905462,occupation,12934,2026-07-22,20250418,20260417,0,0,0.000000
737,Alex Ovechkin,Alex_Ovechkin,Alexander_Ovechkin,Q311374,occupation,1275646,2026-07-22,20250418,20260417,19,11200,0.008780
738,Aliaksei Protas,Aliaksei_Protas,Aliaksei_Protas,Q105949105,occupation,53764,2026-07-22,20250418,20260417,1,424,0.007886
739,Ilya Protas,Ilya_Protas,Ilya_Protas,Q126951602,occupation,288,2026-07-22,20250418,20260417,1,287,0.996528
740,Justin Sourdif,Justin_Sourdif,Justin_Sourdif,Q123091694,occupation,57118,2026-07-22,20250418,20260417,1,85,0.001488
741,Dylan Strome,Dylan_Strome,Dylan_Strome,Q17388804,occupation,109257,2026-07-22,20250418,20260417,0,0,0.000000
742,Tom Wilson,Tom_Wilson,Tom_Wilson_(ice_hockey),Q542781,occupation,295768,2026-07-22,20250418,20260417,1,462,0.001562
743,Declan Chisholm,Declan_Chisholm,Declan_Chisholm,Q110552291,occupation,13736,2026-07-22,20250418,20260417,0,0,0.000000
744,Jakob Chychrun,Jakob_Chychrun,Jakob_Chychrun,Q16240150,occupation,101839,2026-07-22,20250418,20260417,0,0,0.000000
745,Martin Fehérváry,Martin_Fehérváry,Martin_Fehérváry,Q22116861,occupation,28210,2026-07-22,20250418,20260417,3,431,0.015278
746,Cole Hutson,Cole_Hutson,Cole_Hutson,Q126855093,occupation,152072,2026-07-22,20250418,20260417,0,0,0.000000
747,Timothy Liljegren,Timothy_Liljegren,Timothy_Liljegren,Q22959336,occupation,21281,2026-07-22,20250418,20260417,1,63,0.002960
748,Dylan McIlrath,Dylan_McIlrath,Dylan_McIlrath,Q980125,occupation,15460,2026-07-22,20250418,20260417,0,0,0.000000
749,Matt Roy,Matt_Roy,Matt_Roy_(ice_hockey),Q61750232,occupation,18722,2026-07-22,20250418,20260417,0,0,0.000000
750,Rasmus Sandin,Rasmus_Sandin,Rasmus_Sandin,Q43177791,occupation,25713,2026-07-22,20250418,20260417,0,0,0.000000
751,Trevor van Riemsdyk,Trevor_van_Riemsdyk,Trevor_van_Riemsdyk,Q16225498,occupation,31628,2026-07-22,20250418,20260417,1,80,0.002529
752,Morgan Barron,Morgan_Barron,Morgan_Barron,Q98099029,occupation,26728,2026-07-22,20250418,20260417,0,0,0.000000
753,Nikita Chibrikov,Nikita_Chibrikov,Nikita_Chibrikov,Q107691526,occupation,6483,2026-07-22,20250418,20260417,0,0,0.000000
754,Kyle Connor,Kyle_Connor,Kyle_Connor,Q20067704,occupation,130349,2026-07-22,20250418,20260417,0,0,0.000000
755,Alex Iafallo,Alex_Iafallo,Alex_Iafallo,Q41719381,occupation,25714,2026-07-22,20250418,20260417,1,156,0.006067
756,Cole Koepke,Cole_Koepke,Cole_Koepke,Q108527818,occupation,23126,2026-07-22,20250418,20260417,0,0,0.000000
757,Adam Lowry,Adam_Lowry,Adam_Lowry,Q4679424,occupation,110118,2026-07-22,20250418,20260417,2,3185,0.028924
758,Vladislav Namestnikov,Vladislav_Namestnikov,Vladislav_Namestnikov,Q1339462,occupation,33649,2026-07-22,20250418,20260417,0,0,0.000000
759,Nino Niederreiter,Nino_Niederreiter,Nino_Niederreiter,Q688768,occupation,65536,2026-07-22,20250418,20260417,1,209,0.003189
760,Gustav Nyquist,Gustav_Nyquist,Gustav_Nyquist,Q128328,occupation,35135,2026-07-22,20250418,20260417,0,0,0.000000
761,Cole Perfetti,Cole_Perfetti,Cole_Perfetti,Q99744352,occupation,54602,2026-07-22,20250418,20260417,0,0,0.000000
762,Isak Rosen,Isak_Rosen,Isak_Rosén,Q107629898,occupation,24424,2026-07-22,20250418,20260417,1,473,0.019366
763,Mark Scheifele,Mark_Scheifele,Mark_Scheifele,Q982252,occupation,260489,2026-07-22,20250418,20260417,2,197,0.000756
764,Jonathan Toews,Jonathan_Toews,Jonathan_Toews,Q528240,occupation,549336,2026-07-22,20250418,20260417,7,1735,0.003158
765,Gabriel Vilardi,Gabriel_Vilardi,Gabriel_Vilardi,Q26251709,occupation,32733,2026-07-22,20250418,20260417,1,100,0.003055
766,Jacob Bryson,Jacob_Bryson,Jacob_Bryson,Q105659049,occupation,18553,2026-07-22,20250418,20260417,0,0,0.000000
767,Dylan DeMelo,Dylan_DeMelo,Dylan_DeMelo,Q15727578,occupation,19347,2026-07-22,20250418,20260417,0,0,0.000000
768,Haydn Fleury,Haydn_Fleury,Haydn_Fleury,Q16228754,occupation,68126,2026-07-22,20250418,20260417,0,0,0.000000
769,Ville Heinola,Ville_Heinola,Ville_Heinola,Q56402321,occupation,9877,2026-07-22,20250418,20260417,0,0,0.000000
770,Colin Miller,Colin_Miller,"Colin_Miller_(ice_hockey,_born_1992)",Q16229782,nhl_id,17921,2026-07-22,20250418,20260417,0,0,0.000000
771,Josh Morrissey,Josh_Morrissey,Josh_Morrissey,Q13581454,occupation,55731,2026-07-22,20250418,20260417,4,307,0.005509
772,Neal Pionk,Neal_Pionk,Neal_Pionk,Q48568980,occupation,34405,2026-07-22,20250418,20260417,0,0,0.000000
773,Elias Salomonsson,Elias_Salomonsson,Elias_Salomonsson,Q112998981,occupation,6832,2026-07-22,20250418,20260417,0,0,0.000000
774,Dylan Samberg,Dylan_Samberg,Dylan_Samberg,Q110552007,occupation,18413,2026-07-22,20250418,20260417,0,0,0.000000
