player_id,full_name,position,team_code,age,ppg,toi_per_game,cap_hit_M,wiki_12mo,trends_12mo,reddit_mentions_12mo,reddit_upvotes_12mo,instagram_followers,team_mean_wiki,engagement_raw,dropped_components,peer_indices,effective_K,OAQ_observed,OAQ_observed_lo95,OAQ_observed_hi95,OAQ_portable,OAQ_portable_lo95,OAQ_portable_hi95,marchand_index,marchand_index_lo95,marchand_index_hi95
1,Connor McDavid,C,EDM,29,1.6829,22.983,12.5,1312070,25.5094,nan,nan,nan,140905,0.7544812318518256,reddit_mentions_12mo|reddit_upvotes_12mo|instagram_followers,1|3|6|12|11,5,0.7983501883661636,0.617168846847622,0.9759592525206762,0.06680205442820364,-0.11437928709033801,0.2444111185827163,0.005344164354256291,-0.009150342967227042,0.019552889486617306
2,Nathan MacKinnon,C,COL,30,1.5875,22.267,12.6,510093,16.7547,nan,nan,nan,109039,-0.39694842664926644,reddit_mentions_12mo|reddit_upvotes_12mo|instagram_followers,3|0|6|12|11,5,-0.5833654018351468,-0.6685950068559482,-0.4857610751718866,-0.49806440293188625,-0.5832940079526877,-0.40046007626862606,-0.03952892086761002,-0.046293175234340296,-0.03178254573560524
3,Cale Makar,D,COL,27,1.0533,24.85,9.0,394684,19.3962,nan,nan,nan,109039,-0.4099146751145095,reddit_mentions_12mo|reddit_upvotes_12mo|instagram_followers,,0,nan,nan,nan,nan,nan,nan,nan,nan,nan
4,Leon Draisaitl,C,EDM,30,1.4923,21.583,14.0,475963,29.0,nan,nan,nan,140905,0.04801729060862893,reddit_mentions_12mo|reddit_upvotes_12mo|instagram_followers,1|0|6|12|11,5,-0.0494065411256724,-0.17097599913811,0.06629283989094674,-0.7809546750636324,-0.90252413307607,-0.6652552940470131,-0.05578247679025945,-0.06446600950543357,-0.04751823528907237
5,Sidney Crosby,C,PIT,38,1.0882,19.233,8.7,1940517,13.2642,nan,nan,nan,122231,0.90881763249105,reddit_mentions_12mo|reddit_upvotes_12mo|instagram_followers,7|11|3|8|6,5,1.1073286093942845,0.9137757608147827,1.2923726632604282,0.9838074994928987,0.7902546509133969,1.1688515533590422,0.11308132178079296,0.0908338679210801,0.13435075325966003
6,Auston Matthews,C,TOR,28,0.8833,20.8,13.25,709591,15.283,nan,nan,nan,103881,-0.2533928004140123,reddit_mentions_12mo|reddit_upvotes_12mo|instagram_followers,11|8|9|12|3,5,-0.2634756181405337,-0.3649826117411222,-0.15422071015056424,-0.11187259569827177,-0.2133795892988603,-0.002617687708302327,-0.008443214769680888,-0.016104119947083797,-0.00019756133647564733
7,Nikita Kucherov,R,TBL,32,1.7105,20.333,9.5,201666,23.0943,nan,nan,nan,75539,-0.45977637915414493,reddit_mentions_12mo|reddit_upvotes_12mo|instagram_followers,1|3|0|12|8,5,-0.7602593401878756,-0.866218264402471,-0.6517961780062552,0.46695398912013775,0.3609950649055423,0.575417151301758,0.04915305148633029,0.03799948051637287,0.060570226452816636
8,Brad Marchand,L,FLA,38,1.0385,17.733,3.8173,1135601,12.2075,nan,nan,nan,144027,0.055787386270005956,reddit_mentions_12mo|reddit_upvotes_12mo|instagram_followers,4|11|8|5|6,5,0.14397433213355992,0.019679159930516606,0.28532171648977006,-0.6964408785374906,-0.8207360507405338,-0.5550934941812805,-0.18244331819283016,-0.21500433571910352,-0.14541521341819624
9,Matthew Tkachuk,L,FLA,28,1.0968,18.3,9.5,905663,15.0566,nan,nan,nan,144027,-0.06454060275314513,reddit_mentions_12mo|reddit_upvotes_12mo|instagram_followers,11|9|5|12|3,5,-0.036852980947493126,-0.14646388551826336,0.08527016629127916,-0.9143475950784954,-1.0239584996492657,-0.7922244478397231,-0.09624711527142056,-0.10778510522623849,-0.0833920471410235
10,Brady Tkachuk,L,OTT,26,0.9833,16.967,8.2057,664011,9.5849,nan,nan,nan,62146,-0.5224253318459694,reddit_mentions_12mo|reddit_upvotes_12mo|instagram_followers,8|11|5|12|13,5,-0.6256492427234546,-0.7148516228821319,-0.5368747891891096,0.24381342319868604,0.1546110430400088,0.33258787673303103,0.029712690349231147,0.018841907825049513,0.04053132295027006
11,Ryan Reaves,R,SJS,39,0.06,7.8,1.35,160244,23.283,nan,nan,nan,242442,-0.4941582828450466,reddit_mentions_12mo|reddit_upvotes_12mo|instagram_followers,7|4|9|8|11,5,-0.4552775837799314,-0.5698747074913983,-0.34539076733602486,-3.2836939670275127,-3.39829109073898,-3.173807150583606,-2.432365901501861,-2.5172526598066516,-2.3509682596915598
12,Mitch Marner,R,VGK,29,0.9877,19.95,12.0,518114,12.0755,nan,nan,nan,77745,-0.5720425794875175,reddit_mentions_12mo|reddit_upvotes_12mo|instagram_followers,5|8|9|12|3,5,-0.6458553530287399,-0.7269473235342562,-0.563753439489775,0.17571468554162534,0.09462271503610913,0.25781659908059024,0.01464289046180211,0.007885226253009093,0.021484716590049188
13,Jack Hughes,C,NJD,25,1.2623,21.317,8.0,2563852,3.6604,nan,nan,nan,130067,1.16140531211061,reddit_mentions_12mo|reddit_upvotes_12mo|instagram_followers,8|13|11|5|3,5,1.2808590055335212,1.1193437605095595,1.4137546165822266,0.7457261838052427,0.584210938781281,0.8786217948539483,0.09321577297565534,0.07302636734766013,0.10982772435674354
14,Connor Bedard,C,CHI,20,1.087,20.867,0.95,536220,32.4717,nan,nan,nan,58521,0.24469022493149062,reddit_mentions_12mo|reddit_upvotes_12mo|instagram_followers,12|9|5|8|11,5,0.2948894254094975,0.17922659567330798,0.3920481557543356,1.257274896407563,1.1416120666713738,1.354433626752401,1.3234472593763822,1.2016969122856567,1.4257196071077907
