player_id,full_name,position,team_code,team_subreddit,wikipedia_slug,instagram_handle,archetype_axis
1,Connor McDavid,C,EDM,EdmontonOilers,Connor_McDavid,TBD,elite_skill_modest_office
2,Nathan MacKinnon,C,COL,ColoradoAvalanche,Nathan_MacKinnon,TBD,elite_skill_modest_office
3,Cale Makar,D,COL,ColoradoAvalanche,Cale_Makar,TBD,elite_skill_modest_office
4,Leon Draisaitl,C,EDM,EdmontonOilers,Leon_Draisaitl,TBD,elite_skill_modest_office
5,Sidney Crosby,C,PIT,penguins,Sidney_Crosby,TBD,legacy_bds
6,Auston Matthews,C,TOR,leafs,Auston_Matthews,TBD,star_scoring_large_market
7,Nikita Kucherov,RW,TBL,TampaBayLightning,Nikita_Kucherov,TBD,star_scoring
8,Brad Marchand,LW,FLA,FloridaPanthers,Brad_Marchand,TBD,high_skill_polarizing_namesake
9,Matthew Tkachuk,LW,FLA,FloridaPanthers,Matthew_Tkachuk,TBD,high_skill_polarizing
10,Brady Tkachuk,LW,OTT,OttawaSenators,Brady_Tkachuk,TBD,high_skill_polarizing_sibling
11,Ryan Reaves,RW,VERIFY,hockey,Ryan_Reaves,TBD,mid_skill_role_player_extreme_office
12,Mitch Marner,RW,TOR,leafs,Mitch_Marner,TBD,toronto_market_test
13,Jack Hughes,C,NJD,devils,"Jack_Hughes_(ice_hockey,_born_2001)",TBD,cultural_crossover_viral
14,Connor Bedard,C,CHI,hawks,Connor_Bedard,TBD,rising_salience
