player_id,full_name,reddit_subs_searched,reddit_mentions_12mo,reddit_upvotes_12mo,unique_authors,reddit_status,ambiguous_mentions,surname_shared,reddit_identity_ambiguous,reddit_common_word_guard,guard_filtered_mentions,reddit_mentions_allsubs,reddit_mentions_fantasy,fetch_date
1,Leo Carlsson,hockey|anaheimducks,441,26795,116,ok,0,false,false,false,0,638,70,2026-07-22
2,Nathan Gaucher,hockey|anaheimducks,22,817,16,ok,3,true,false,false,0,25,0,2026-07-22
3,Cutter Gauthier,hockey|anaheimducks,386,28516,86,ok,0,false,false,false,0,559,32,2026-07-22
4,Mikael Granlund,hockey|anaheimducks|DallasStars|SanJoseSharks,402,33801,175,ok,0,false,false,false,0,526,10,2026-07-22
5,Jansen Harkins,hockey|anaheimducks,98,3418,27,ok,0,false,false,false,0,117,0,2026-07-22
6,Ross Johnston,hockey|anaheimducks,157,6861,53,ok,296,true,false,false,0,189,1,2026-07-22
7,Alex Killorn,hockey|anaheimducks,194,6994,52,ok,0,false,false,false,0,261,1,2026-07-22
8,Chris Kreider,hockey|anaheimducks|rangers,509,41967,185,ok,0,false,false,false,0,647,13,2026-07-22
9,Mason McTavish,hockey|anaheimducks,386,18434,124,ok,0,false,false,false,0,541,8,2026-07-22
10,Ryan Poehling,hockey|anaheimducks|Flyers,217,10737,69,ok,0,false,false,false,0,270,0,2026-07-22
11,Beckett Sennecke,hockey|anaheimducks,416,30994,105,ok,0,false,false,false,0,517,19,2026-07-22
12,Troy Terry,hockey|anaheimducks,322,18681,108,ok,0,false,false,false,0,596,10,2026-07-22
13,Frank Vatrano,hockey|anaheimducks,155,9147,56,ok,0,false,false,false,0,203,5,2026-07-22
14,Jeffrey Viel,hockey|anaheimducks|BostonBruins,109,5935,30,ok,0,false,false,false,0,132,0,2026-07-22
15,Tim Washe,hockey|anaheimducks,81,2646,24,ok,0,false,false,false,0,88,0,2026-07-22
16,John Carlson,hockey|anaheimducks|caps,354,31558,171,ok,0,false,false,false,0,451,24,2026-07-22
17,Radko Gudas,hockey|anaheimducks,281,38153,121,ok,0,false,false,false,0,426,19,2026-07-22
18,Drew Helleson,hockey|anaheimducks,132,4323,39,ok,0,false,false,false,0,156,0,2026-07-22
19,Tyson Hinds,hockey|anaheimducks,25,405,11,ok,0,false,false,false,0,27,0,2026-07-22
20,Jackson LaCombe,hockey|anaheimducks,307,19398,96,ok,0,false,false,false,0,413,32,2026-07-22
21,Pavel Mintyukov,hockey|anaheimducks,157,8025,41,ok,0,false,false,false,0,211,2,2026-07-22
22,Ian Moore,hockey|anaheimducks,102,3155,30,ok,42,true,false,false,0,117,0,2026-07-22
23,Jacob Trouba,hockey|anaheimducks|rangers,274,16443,89,ok,0,false,false,false,0,368,15,2026-07-22
24,Olen Zellweger,hockey|anaheimducks,186,6290,47,ok,0,false,false,false,0,235,3,2026-07-22
25,Viktor Arvidsson,hockey|BostonBruins|EdmontonOilers,179,13650,81,ok,0,false,false,false,0,259,5,2026-07-22
26,Michael Eyssimont,hockey|BostonBruins|SeattleKraken|TampaBayLightning,80,6076,30,ok,0,false,false,false,0,113,0,2026-07-22
27,Morgan Geekie,hockey|BostonBruins,185,21455,83,ok,28,true,false,false,0,268,8,2026-07-22
28,James Hagens,hockey|BostonBruins,112,11239,69,ok,0,false,false,false,0,335,12,2026-07-22
29,Tanner Jeannot,hockey|BostonBruins|losangeleskings,113,8813,45,ok,0,false,false,false,0,196,1,2026-07-22
30,Mark Kastelic,hockey|BostonBruins,108,7892,36,ok,0,false,false,false,0,176,6,2026-07-22
31,Marat Khusnutdinov,hockey|BostonBruins|wildhockey,84,2758,35,ok,0,false,false,false,0,124,2,2026-07-22
32,Sean Kuraly,hockey|BostonBruins|BlueJackets,60,2742,24,ok,0,false,false,false,0,92,0,2026-07-22
33,Elias Lindholm,hockey|BostonBruins,65,3627,29,ok,56,true,false,false,0,132,28,2026-07-22
34,Fraser Minten,hockey|BostonBruins|leafs,142,10927,81,ok,0,false,false,false,0,185,1,2026-07-22
35,Casey Mittelstadt,hockey|BostonBruins|ColoradoAvalanche,68,2508,25,ok,0,false,false,false,0,129,3,2026-07-22
36,David Pastrnak,hockey|BostonBruins,272,32625,120,ok,0,false,false,false,0,452,25,2026-07-22
37,Lukas Reichel,hockey|BostonBruins|hawks|canucks,138,12541,101,ok,0,false,false,false,0,172,2,2026-07-22
38,Alex Steeves,hockey|BostonBruins|leafs,76,3506,38,ok,0,false,false,false,0,102,3,2026-07-22
39,Pavel Zacha,hockey|BostonBruins,144,9245,56,ok,0,false,false,false,0,250,9,2026-07-22
40,Jonathan Aspirot,hockey|BostonBruins,59,2552,18,ok,0,false,false,false,0,77,0,2026-07-22
41,Jordan Harris,hockey|BostonBruins|BlueJackets,43,2566,29,ok,0,false,false,false,0,91,0,2026-07-22
42,Henri Jokiharju,hockey|BostonBruins|sabres,58,3953,30,ok,0,false,false,false,0,85,0,2026-07-22
43,Hampus Lindholm,hockey|BostonBruins,50,2685,22,ok,56,true,false,false,0,65,2,2026-07-22
44,Mason Lohrei,hockey|BostonBruins,97,4774,42,ok,0,false,false,false,0,142,4,2026-07-22
45,Charlie McAvoy,hockey|BostonBruins,256,66156,129,ok,0,false,false,false,0,389,21,2026-07-22
46,Andrew Peeke,hockey|BostonBruins,49,1847,19,ok,0,false,false,false,0,81,0,2026-07-22
47,Nikita Zadorov,hockey|BostonBruins,128,14204,51,ok,0,false,false,false,0,244,6,2026-07-22
48,Zach Benson,hockey|sabres,381,24026,97,ok,0,false,false,false,0,451,14,2026-07-22
49,Sam Carrick,hockey|sabres|rangers,205,16886,79,ok,0,false,false,false,0,261,2,2026-07-22
50,Justin Danforth,hockey|sabres|BlueJackets,57,1508,29,ok,0,false,false,false,0,66,0,2026-07-22
51,Josh Doan,hockey|sabres|utahmammoth|UtahHockey,463,37443,112,ok,0,false,false,false,0,541,11,2026-07-22
52,Josh Dunne,hockey|sabres,98,3761,27,ok,0,false,false,false,0,113,1,2026-07-22
53,Jordan Greenway,hockey|sabres,123,4020,56,ok,0,false,false,false,0,145,0,2026-07-22
54,Konsta Helenius,hockey|sabres,91,5034,36,ok,46,true,false,false,0,98,0,2026-07-22
55,Tyson Kozak,hockey|sabres,93,3011,42,ok,0,false,false,false,0,104,0,2026-07-22
56,Peyton Krebs,hockey|sabres,260,16936,67,ok,0,false,false,false,0,312,0,2026-07-22
57,Jiri Kulich,hockey|sabres,138,4942,60,ok,0,false,false,false,0,153,1,2026-07-22
58,Beck Malenstyn,hockey|sabres,212,14737,41,ok,0,false,false,false,0,248,1,2026-07-22
59,Ryan McLeod,hockey|sabres,255,15672,86,ok,0,false,false,false,0,365,3,2026-07-22
60,Josh Norris,hockey|sabres|OttawaSenators,465,35894,183,ok,0,false,false,false,0,735,23,2026-07-22
61,Noah Ostlund,hockey|sabres,272,19448,63,ok,0,false,false,false,0,303,0,2026-07-22
62,Tanner Pearson,hockey|sabres|goldenknights|winnipegjets,148,7861,44,ok,0,false,false,false,0,203,0,2026-07-22
63,Jack Quinn,hockey|sabres,735,177280,263,ok,0,false,false,false,0,2327,35,2026-07-22
64,Tage Thompson,hockey|sabres,603,77247,188,ok,0,false,false,false,0,1123,40,2026-07-22
65,Alex Tuch,hockey|sabres,490,28121,148,ok,0,false,false,false,0,655,20,2026-07-22
66,Jason Zucker,hockey|sabres,216,12137,63,ok,0,false,false,false,0,271,11,2026-07-22
67,Bowen Byram,hockey|sabres,344,25383,105,ok,0,false,false,false,0,500,4,2026-07-22
68,Rasmus Dahlin,hockey|sabres,554,66290,185,ok,0,false,false,false,0,716,41,2026-07-22
69,Ryan Johnson,hockey|sabres,45,2145,27,ok,94,true,false,false,0,77,2,2026-07-22
70,Michael Kesselring,hockey|sabres|utahmammoth|UtahHockey,201,13536,79,ok,0,false,false,false,0,242,0,2026-07-22
71,Zach Metsa,hockey|sabres,130,9170,31,ok,0,false,false,false,0,141,0,2026-07-22
72,Owen Power,hockey|sabres,279,14443,48,ok,0,false,false,true,1989,353,2,2026-07-22
73,Mattias Samuelsson,hockey|sabres,297,22749,75,ok,0,false,false,false,0,349,3,2026-07-22
74,Luke Schenn,hockey|sabres|Predators|winnipegjets,192,10691,65,ok,47,true,false,false,0,241,2,2026-07-22
75,Logan Stanley,hockey|sabres|winnipegjets,263,34505,77,ok,0,false,false,true,1292,328,0,2026-07-22
76,Conor Timmins,hockey|sabres|penguins|leafs,133,4942,46,ok,0,false,false,false,0,157,0,2026-07-22
77,Mikael Backlund,hockey|CalgaryFlames,133,5747,59,ok,0,false,false,false,0,185,1,2026-07-22
78,John Beecher,hockey|BostonBruins|CalgaryFlames,68,3067,33,ok,0,false,false,false,0,91,0,2026-07-22
79,Blake Coleman,hockey|CalgaryFlames,139,7316,58,ok,0,false,false,false,0,225,6,2026-07-22
80,Matt Coronato,hockey|CalgaryFlames,155,9997,70,ok,0,false,false,false,0,219,12,2026-07-22
81,Joel Farabee,hockey|CalgaryFlames|Flyers,106,3558,38,ok,0,false,false,false,0,159,2,2026-07-22
82,Morgan Frost,hockey|CalgaryFlames|Flyers,248,11621,65,ok,0,false,false,false,0,350,5,2026-07-22
83,Matvei Gridin,hockey|CalgaryFlames,120,5156,49,ok,0,false,false,false,0,142,4,2026-07-22
84,Tyson Gross,hockey|CalgaryFlames,41,5965,29,ok,0,false,false,false,0,121,3,2026-07-22
85,Samuel Honzek,hockey|CalgaryFlames,51,1157,27,ok,0,false,false,false,0,62,0,2026-07-22
86,Jonathan Huberdeau,hockey|CalgaryFlames,112,6833,66,ok,0,false,false,false,0,195,13,2026-07-22
87,Rory Kerins,hockey|CalgaryFlames,34,1265,24,ok,0,false,false,false,0,36,0,2026-07-22
88,Adam Klapka,hockey|CalgaryFlames,116,5882,41,ok,0,false,false,false,0,164,4,2026-07-22
89,Ryan Lomberg,hockey|CalgaryFlames,81,5899,37,ok,0,false,false,false,0,141,0,2026-07-22
90,Victor Olofsson,hockey|CalgaryFlames|ColoradoAvalanche|goldenknights,99,8044,38,ok,0,false,false,false,0,173,7,2026-07-22
91,Martin Pospisil,hockey|CalgaryFlames,67,4263,40,ok,0,false,false,false,0,89,0,2026-07-22
92,Yegor Sharangovich,hockey|CalgaryFlames,69,3152,28,ok,0,false,false,false,0,115,1,2026-07-22
93,Ryan Strome,hockey|anaheimducks|CalgaryFlames,169,6263,61,ok,74,true,false,false,0,210,0,2026-07-22
94,Aydar Suniev,hockey|CalgaryFlames,16,341,14,ok,0,false,false,false,0,18,0,2026-07-22
95,Connor Zary,hockey|CalgaryFlames,136,6875,75,ok,0,false,false,false,0,182,1,2026-07-22
96,Kevin Bahl,hockey|CalgaryFlames,87,3866,33,ok,0,false,false,false,0,134,1,2026-07-22
97,Jake Bean,hockey|CalgaryFlames,31,3673,24,ok,0,false,false,false,0,57,0,2026-07-22
98,Hunter Brzustewicz,hockey|CalgaryFlames,45,1782,31,ok,0,false,false,false,0,90,2,2026-07-22
99,Joel Hanley,hockey|CalgaryFlames,49,1213,27,ok,0,false,false,false,0,83,0,2026-07-22
100,Yan Kuznetsov,hockey|CalgaryFlames,72,9177,36,ok,0,false,false,false,0,144,0,2026-07-22
101,Olli Maatta,hockey|CalgaryFlames|DetroitRedWings|utahmammoth|UtahHockey,39,2673,21,ok,0,false,false,false,0,61,0,2026-07-22
102,Brayden Pachal,hockey|CalgaryFlames,44,668,21,ok,0,false,false,false,0,65,1,2026-07-22
103,Zayne Parekh,hockey|CalgaryFlames,283,18030,152,ok,0,false,false,false,0,349,32,2026-07-22
104,Zach Whitecloud,hockey|CalgaryFlames|goldenknights,165,7984,47,ok,0,false,false,false,0,208,1,2026-07-22
105,Abram Wiebe,hockey|CalgaryFlames,16,820,15,ok,0,false,false,false,0,25,0,2026-07-22
106,Sebastian Aho,hockey|canes,448,45668,196,ok,0,false,false,false,0,597,14,2026-07-22
107,Jackson Blake,hockey|canes,404,39021,141,ok,0,false,false,false,0,863,18,2026-07-22
108,William Carrier,hockey|canes,98,4512,47,ok,29,true,false,false,0,148,0,2026-07-22
109,Nicolas Deslauriers,hockey|canes|Flyers,117,9734,57,ok,0,false,false,false,0,155,0,2026-07-22
110,Nikolaj Ehlers,hockey|canes|winnipegjets,443,43156,189,ok,0,false,false,false,0,692,24,2026-07-22
111,Taylor Hall,hockey|canes|hawks,427,84800,237,ok,0,false,false,false,0,987,4,2026-07-22
112,Mark Jankowski,hockey|canes|Predators,93,4142,46,ok,0,false,false,false,0,127,0,2026-07-22
113,Seth Jarvis,hockey|canes,532,86737,221,ok,0,false,false,false,0,746,18,2026-07-22
114,Jesperi Kotkaniemi,hockey|canes,91,9491,51,ok,0,false,false,false,0,167,0,2026-07-22
115,Jordan Martinook,hockey|canes,153,11000,66,ok,0,false,false,false,0,215,0,2026-07-22
116,Eric Robinson,hockey|canes,181,26725,84,ok,0,false,false,false,0,356,0,2026-07-22
117,Jordan Staal,hockey|canes,253,18282,111,ok,0,false,false,false,0,374,3,2026-07-22
118,Logan Stankoven,hockey|canes|DallasStars,277,26458,139,ok,0,false,false,false,0,360,4,2026-07-22
119,Andrei Svechnikov,hockey|canes,283,33336,110,ok,0,false,false,false,0,407,19,2026-07-22
120,Jalen Chatfield,hockey|canes,124,7992,61,ok,0,false,false,false,0,177,1,2026-07-22
121,Shayne Gostisbehere,hockey|canes,151,20713,48,ok,0,false,false,false,0,220,5,2026-07-22
122,K'Andre Miller,hockey|canes|rangers,181,13182,89,ok,437,true,false,false,0,239,4,2026-07-22
123,Alexander Nikishin,hockey|canes,334,36788,165,ok,0,false,false,false,0,426,24,2026-07-22
124,Mike Reilly,hockey|canes|NewYorkIslanders,286,25003,80,ok,0,false,false,false,0,933,13,2026-07-22
125,Jaccob Slavin,hockey|canes,317,29773,191,ok,0,false,false,false,0,385,1,2026-07-22
126,Sean Walker,hockey|canes,137,6962,50,ok,86,true,false,false,0,190,6,2026-07-22
127,Connor Bedard,hockey|hawks,891,144430,362,ok,0,false,false,false,0,1353,48,2026-07-22
128,Tyler Bertuzzi,hockey|hawks,229,21574,65,ok,0,false,false,false,0,344,16,2026-07-22
129,Sacha Boisvert,hockey|hawks,55,3048,35,ok,0,false,false,false,0,74,0,2026-07-22
130,Andre Burakovsky,hockey|hawks|SeattleKraken,165,16796,57,ok,0,false,false,false,0,220,9,2026-07-22
131,Ryan Donato,hockey|hawks,157,12956,47,ok,0,false,false,false,0,216,4,2026-07-22
132,Anton Frondell,hockey|hawks,232,22034,130,ok,0,false,false,false,0,365,12,2026-07-22
133,Ryan Greene,hockey|hawks,121,6637,32,ok,0,false,false,false,0,169,2,2026-07-22
134,Sam Lafferty,hockey|sabres|hawks,70,2693,40,ok,0,false,false,false,0,92,0,2026-07-22
135,Nick Lardis,hockey|hawks,131,10721,59,ok,0,false,false,false,0,148,1,2026-07-22
136,Andrew Mangiapane,hockey|hawks|EdmontonOilers|caps,187,16977,94,ok,0,false,false,false,0,260,4,2026-07-22
137,Ilya Mikheyev,hockey|hawks,128,7889,33,ok,0,false,false,false,0,181,1,2026-07-22
138,Oliver Moore,hockey|hawks,163,15144,66,ok,41,true,false,false,0,186,0,2026-07-22
139,Frank Nazar,hockey|hawks,333,34203,129,ok,0,false,false,false,0,440,45,2026-07-22
140,Landon Slaggert,hockey|hawks,58,2859,21,ok,0,false,false,false,0,75,1,2026-07-22
141,Teuvo Teravainen,hockey|hawks,133,10392,32,ok,0,false,false,false,0,178,6,2026-07-22
142,Dominic Toninato,hockey|hawks|winnipegjets,36,2080,13,ok,0,false,false,false,0,44,0,2026-07-22
143,Louis Crevier,hockey|hawks,136,9744,39,ok,0,false,false,false,0,167,1,2026-07-22
144,Ethan Del Mastro,hockey|hawks,42,1647,25,ok,0,false,false,false,0,49,0,2026-07-22
145,Matt Grzelcyk,hockey|hawks|penguins,80,3745,31,ok,0,false,false,false,0,114,2,2026-07-22
146,Wyatt Kaiser,hockey|hawks,135,6039,38,ok,0,false,false,false,0,169,0,2026-07-22
147,Kevin Korchinski,hockey|hawks,66,3561,46,ok,0,false,false,false,0,81,0,2026-07-22
148,Artyom Levshunov,hockey|hawks,185,10134,74,ok,0,false,false,false,0,242,18,2026-07-22
149,Sam Rinzel,hockey|hawks,152,8292,64,ok,0,false,false,false,0,208,33,2026-07-22
150,Alex Vlasic,hockey|hawks,132,9546,60,ok,0,false,false,false,0,208,2,2026-07-22
151,Zakhar Bardakov,hockey|ColoradoAvalanche,55,3775,22,ok,0,false,false,false,0,85,0,2026-07-22
152,Ross Colton,hockey|ColoradoAvalanche,219,15483,69,ok,0,false,false,false,0,598,10,2026-07-22
153,Jack Drury,hockey|canes|ColoradoAvalanche,166,18119,76,ok,0,false,false,false,0,639,0,2026-07-22
154,Nazem Kadri,hockey|CalgaryFlames|ColoradoAvalanche,391,41352,221,ok,0,false,false,false,0,584,20,2026-07-22
155,Parker Kelly,hockey|ColoradoAvalanche,228,29337,86,ok,0,false,false,false,0,533,2,2026-07-22
156,Joel Kiviranta,hockey|ColoradoAvalanche,64,6319,35,ok,0,false,false,false,0,105,0,2026-07-22
157,Gabriel Landeskog,hockey|ColoradoAvalanche,285,76718,121,ok,0,false,false,false,0,427,27,2026-07-22
158,Artturi Lehkonen,hockey|ColoradoAvalanche,136,16913,48,ok,0,false,false,false,0,229,15,2026-07-22
159,Nathan MacKinnon,hockey|ColoradoAvalanche,835,230176,402,ok,0,false,false,false,0,1460,63,2026-07-22
160,Martin Necas,hockey|canes|ColoradoAvalanche,418,58708,215,ok,0,false,false,false,0,608,38,2026-07-22
161,Brock Nelson,hockey|ColoradoAvalanche|NewYorkIslanders,362,54934,173,ok,0,false,false,false,0,545,15,2026-07-22
162,Valeri Nichushkin,hockey|ColoradoAvalanche,131,14440,45,ok,0,false,false,false,0,218,17,2026-07-22
163,Logan O'Connor,hockey|ColoradoAvalanche,0,0,0,ok,0,true,false,false,0,0,0,2026-07-22
164,Nicolas Roy,hockey|ColoradoAvalanche|leafs|goldenknights,155,18635,118,ok,161,true,false,false,0,170,0,2026-07-22
165,Jack Ahcan,hockey|ColoradoAvalanche,10,488,6,ok,0,false,false,false,0,16,0,2026-07-22
166,Nick Blankenburg,hockey|ColoradoAvalanche|Predators,233,6821,29,ok,0,false,false,false,0,256,1,2026-07-22
167,Brent Burns,hockey|canes|ColoradoAvalanche,299,46063,160,ok,0,false,false,false,0,475,7,2026-07-22
168,Brett Kulak,hockey|ColoradoAvalanche|EdmontonOilers|penguins,199,22583,105,ok,0,false,false,false,0,257,1,2026-07-22
169,Cale Makar,hockey|ColoradoAvalanche,508,84222,270,ok,0,false,false,false,0,954,63,2026-07-22
170,Sam Malinski,hockey|ColoradoAvalanche,110,9830,47,ok,0,false,false,false,0,159,0,2026-07-22
171,Josh Manson,hockey|ColoradoAvalanche,161,18519,83,ok,0,false,false,false,0,248,4,2026-07-22
172,Devon Toews,hockey|ColoradoAvalanche,123,14731,63,ok,53,true,false,false,0,173,4,2026-07-22
173,Charlie Coyle,hockey|BostonBruins|BlueJackets|ColoradoAvalanche,297,14187,104,ok,0,false,false,false,0,388,11,2026-07-22
174,Adam Fantilli,hockey|BlueJackets,291,13224,88,ok,0,false,false,false,0,404,30,2026-07-22
175,Conor Garland,hockey|BlueJackets|canucks,445,53827,272,ok,0,false,false,false,0,546,9,2026-07-22
176,Danton Heinen,hockey|BlueJackets|penguins|canucks,123,5109,45,ok,0,false,false,false,0,143,1,2026-07-22
177,Boone Jenner,hockey|BlueJackets,243,9006,65,ok,0,false,false,false,0,314,14,2026-07-22
178,Kent Johnson,hockey|BlueJackets,130,4619,38,ok,118,true,false,false,0,176,7,2026-07-22
179,Isac Lundeström,hockey|anaheimducks|BlueJackets,140,3899,40,ok,0,false,false,false,0,166,0,2026-07-22
180,Kirill Marchenko,hockey|BlueJackets,294,13925,84,ok,0,false,false,false,0,385,24,2026-07-22
181,Mason Marchment,hockey|BlueJackets|DallasStars|SeattleKraken,386,42483,169,ok,0,false,false,false,0,540,12,2026-07-22
182,Sean Monahan,hockey|BlueJackets,206,15463,57,ok,0,false,false,false,0,307,18,2026-07-22
183,Mathieu Olivier,hockey|BlueJackets,268,14411,91,ok,0,false,false,false,0,388,5,2026-07-22
184,Cole Sillinger,hockey|BlueJackets,175,5585,41,ok,0,false,false,false,0,221,0,2026-07-22
185,Dmitri Voronkov,hockey|BlueJackets,195,7674,59,ok,0,false,false,false,0,250,12,2026-07-22
186,Miles Wood,hockey|BlueJackets|ColoradoAvalanche,170,7969,62,ok,46,true,false,false,0,199,1,2026-07-22
187,Jake Christiansen,hockey|BlueJackets,82,1838,16,ok,0,false,false,false,0,92,0,2026-07-22
188,Dante Fabbro,hockey|BlueJackets|Predators,170,6125,45,ok,0,false,false,false,0,230,2,2026-07-22
189,Erik Gudbranson,hockey|BlueJackets,124,4077,39,ok,0,false,false,false,0,152,1,2026-07-22
190,Denton Mateychuk,hockey|BlueJackets,171,12651,40,ok,0,false,false,false,0,211,1,2026-07-22
191,Ivan Provorov,hockey|BlueJackets,206,13939,62,ok,0,false,false,false,0,288,2,2026-07-22
192,Damon Severson,hockey|BlueJackets,173,5685,35,ok,0,false,false,false,0,224,3,2026-07-22
193,Brendan Smith,hockey|BlueJackets|DallasStars,36,1531,25,ok,209,true,false,false,0,39,0,2026-07-22
194,Zach Werenski,hockey|BlueJackets,393,28451,144,ok,0,false,false,false,0,551,35,2026-07-22
195,Egor Zamula,hockey|BlueJackets|Flyers,112,4710,48,ok,0,false,false,false,0,130,0,2026-07-22
196,Nathan Bastian,hockey|DallasStars|devils,91,4904,32,ok,0,false,false,false,0,108,0,2026-07-22
197,Jamie Benn,hockey|DallasStars,393,45657,186,ok,0,false,false,false,0,544,5,2026-07-22
198,Colin Blackwell,hockey|DallasStars,188,21099,57,ok,0,false,false,false,0,223,0,2026-07-22
199,Mavrik Bourque,hockey|DallasStars,222,14565,72,ok,0,false,false,false,0,335,0,2026-07-22
200,Michael Bunting,hockey|DallasStars|Predators|penguins,306,7641,46,ok,0,false,false,false,0,360,0,2026-07-22
201,Oskar Bäck,hockey|DallasStars,114,6461,15,ok,0,false,false,true,2195,136,1,2026-07-22
202,Matt Duchene,hockey|DallasStars,259,26036,94,ok,0,false,false,false,0,383,9,2026-07-22
203,Adam Erne,hockey|DallasStars,78,3925,20,ok,0,false,false,false,0,101,0,2026-07-22
204,Radek Faksa,hockey|DallasStars|stlouisblues,178,12608,55,ok,0,false,false,false,0,213,0,2026-07-22
205,Roope Hintz,hockey|DallasStars,340,43127,126,ok,0,false,false,false,0,435,14,2026-07-22
206,Justin Hryckowian,hockey|DallasStars,182,9998,41,ok,0,false,false,false,0,212,0,2026-07-22
207,Arttu Hyry,hockey|DallasStars,31,3124,16,ok,0,false,false,false,0,35,0,2026-07-22
208,Wyatt Johnston,hockey|DallasStars,307,26499,95,ok,308,true,false,false,0,382,13,2026-07-22
209,Mikko Rantanen,hockey|canes|ColoradoAvalanche|DallasStars,779,136884,374,ok,0,false,false,false,0,1087,35,2026-07-22
210,Jason Robertson,hockey|DallasStars,417,57063,152,ok,144,true,false,false,0,599,13,2026-07-22
211,Tyler Seguin,hockey|DallasStars,238,25499,101,ok,0,false,false,false,0,311,5,2026-07-22
212,Sam Steel,hockey|DallasStars,229,17967,64,ok,0,false,false,false,0,327,0,2026-07-22
213,Lian Bichsel,hockey|DallasStars,185,13607,58,ok,0,false,false,false,0,215,2,2026-07-22
214,Kyle Capobianco,hockey|DallasStars,47,2262,10,ok,0,false,false,false,0,54,0,2026-07-22
215,Thomas Harley,hockey|DallasStars,320,33071,113,ok,0,false,false,false,0,432,32,2026-07-22
216,Miro Heiskanen,hockey|DallasStars,285,22746,99,ok,0,false,false,false,0,386,17,2026-07-22
217,Esa Lindell,hockey|DallasStars,210,22318,62,ok,0,false,false,false,0,253,2,2026-07-22
218,Nils Lundkvist,hockey|DallasStars,104,5884,33,ok,0,false,false,false,0,132,0,2026-07-22
219,Ilya Lyubushkin,hockey|DallasStars,132,8923,32,ok,0,false,false,false,0,170,1,2026-07-22
220,Tyler Myers,hockey|DallasStars|canucks,250,31093,160,ok,15,true,false,false,0,306,1,2026-07-22
221,Alexander Petrovic,hockey|DallasStars,150,9548,41,ok,0,false,false,false,0,176,0,2026-07-22
222,Mason Appleton,hockey|DetroitRedWings|winnipegjets,129,10893,59,ok,0,false,false,false,0,175,1,2026-07-22
223,J.T. Compher,hockey|DetroitRedWings,152,7778,54,ok,0,false,false,false,0,204,2,2026-07-22
224,Andrew Copp,hockey|DetroitRedWings,161,14039,73,ok,0,false,false,false,0,214,2,2026-07-22
225,Alex DeBrincat,hockey|DetroitRedWings,264,33737,93,ok,0,false,false,false,0,370,12,2026-07-22
226,Emmitt Finnie,hockey|DetroitRedWings,184,23422,71,ok,0,false,false,false,0,247,15,2026-07-22
227,Patrick Kane,hockey|DetroitRedWings,347,59223,171,ok,108,true,false,false,0,520,20,2026-07-22
228,Marco Kasper,hockey|DetroitRedWings,227,19978,109,ok,0,false,false,false,0,316,15,2026-07-22
229,Dylan Larkin,hockey|DetroitRedWings,558,81298,285,ok,0,false,false,false,0,723,14,2026-07-22
230,David Perron,hockey|DetroitRedWings|OttawaSenators,237,12846,112,ok,0,false,false,false,0,305,1,2026-07-22
231,Michael Rasmussen,hockey|DetroitRedWings,86,5882,47,ok,0,false,false,false,0,116,1,2026-07-22
232,Lucas Raymond,hockey|DetroitRedWings,358,47428,147,ok,0,false,false,false,0,487,11,2026-07-22
233,James van Riemsdyk,hockey|BlueJackets|DetroitRedWings,69,3703,29,ok,9,true,false,false,0,103,2,2026-07-22
234,Jacob Bernard-Docker,hockey|sabres|DetroitRedWings|OttawaSenators,0,0,0,ok,0,false,false,false,0,0,0,2026-07-22
235,Ben Chiarot,hockey|DetroitRedWings,124,10904,65,ok,0,false,false,false,0,181,7,2026-07-22
236,Simon Edvinsson,hockey|DetroitRedWings,199,19097,89,ok,0,false,false,false,0,260,5,2026-07-22
237,Justin Faulk,hockey|DetroitRedWings|stlouisblues,224,14606,104,ok,0,false,false,false,0,308,4,2026-07-22
238,Travis Hamonic,hockey|DetroitRedWings|OttawaSenators,82,7159,60,ok,0,false,false,false,0,111,0,2026-07-22
239,Albert Johansson,hockey|DetroitRedWings,98,6880,41,ok,39,true,false,false,0,123,0,2026-07-22
240,Moritz Seider,hockey|DetroitRedWings,316,44238,147,ok,0,false,false,false,0,447,28,2026-07-22
241,Colton Dach,hockey|hawks|EdmontonOilers,141,6897,49,ok,20,true,false,false,0,163,4,2026-07-22
242,Jason Dickinson,hockey|hawks|EdmontonOilers,85,5530,43,ok,41,true,false,false,0,104,0,2026-07-22
243,Leon Draisaitl,hockey|EdmontonOilers,843,206273,333,ok,0,false,false,false,0,1227,29,2026-07-22
244,Trent Frederic,hockey|BostonBruins|EdmontonOilers,262,30313,128,ok,0,false,false,false,0,334,1,2026-07-22
245,Adam Henrique,hockey|EdmontonOilers,163,16958,66,ok,0,false,false,false,0,225,1,2026-07-22
246,Zach Hyman,hockey|EdmontonOilers,412,54004,190,ok,0,false,false,false,0,554,26,2026-07-22
247,Mattias Janmark,hockey|EdmontonOilers,112,7979,57,ok,0,false,false,false,0,150,0,2026-07-22
248,Max Jones,hockey|BostonBruins|EdmontonOilers,43,2886,25,ok,96,true,false,false,0,50,0,2026-07-22
249,Kasperi Kapanen,hockey|EdmontonOilers|stlouisblues,148,15068,70,ok,51,true,false,false,0,185,1,2026-07-22
250,Curtis Lazar,hockey|EdmontonOilers|devils,67,4725,36,ok,0,false,false,false,0,91,0,2026-07-22
251,Connor McDavid,hockey|EdmontonOilers,2068,516755,928,ok,0,false,false,false,0,3530,91,2026-07-22
252,Ryan Nugent-Hopkins,hockey|EdmontonOilers,0,0,0,ok,0,false,false,false,0,0,0,2026-07-22
253,Vasily Podkolzin,hockey|EdmontonOilers,208,20734,74,ok,0,false,false,false,0,306,2,2026-07-22
254,Jack Roslovic,hockey|canes|EdmontonOilers,197,17799,90,ok,0,false,false,false,0,307,9,2026-07-22
255,Josh Samanski,hockey|EdmontonOilers,48,2842,26,ok,0,false,false,false,0,51,0,2026-07-22
256,Matt Savoie,hockey|EdmontonOilers,186,11089,80,ok,0,false,false,false,0,244,0,2026-07-22
257,Evan Bouchard,hockey|EdmontonOilers,564,66430,249,ok,0,false,false,false,0,798,30,2026-07-22
258,Mattias Ekholm,hockey|EdmontonOilers,258,33513,128,ok,0,false,false,false,0,348,3,2026-07-22
259,Ty Emberson,hockey|EdmontonOilers,68,3282,39,ok,0,false,false,false,0,97,0,2026-07-22
260,Connor Murphy,hockey|hawks|EdmontonOilers,247,35942,100,ok,0,false,false,false,0,363,1,2026-07-22
261,Darnell Nurse,hockey|EdmontonOilers,434,37671,194,ok,0,false,false,false,0,603,2,2026-07-22
262,Spencer Stastney,hockey|EdmontonOilers|Predators,185,5752,35,ok,0,false,false,false,0,200,0,2026-07-22
263,Jake Walman,hockey|EdmontonOilers|SanJoseSharks,261,41777,126,ok,0,false,false,false,0,358,10,2026-07-22
264,Aleksander Barkov,hockey|FloridaPanthers,538,121039,260,ok,0,false,false,false,0,761,41,2026-07-22
265,Sam Bennett,hockey|FloridaPanthers,595,148729,276,ok,0,false,false,false,0,1160,18,2026-07-22
266,Jesper Boqvist,hockey|FloridaPanthers,68,4669,19,ok,35,true,false,false,0,97,0,2026-07-22
267,Jonah Gadjovich,hockey|FloridaPanthers,87,9939,36,ok,0,false,false,false,0,125,1,2026-07-22
268,A.J. Greer,hockey|FloridaPanthers,209,32868,91,ok,0,false,false,false,0,323,2,2026-07-22
269,Vinnie Hinostroza,hockey|FloridaPanthers|wildhockey|Predators,138,5695,45,ok,0,false,false,false,0,161,0,2026-07-22
270,Luke Kunin,hockey|BlueJackets|FloridaPanthers|SanJoseSharks,57,3119,25,ok,0,false,false,false,0,93,0,2026-07-22
271,Anton Lundell,hockey|FloridaPanthers,223,27250,79,ok,0,false,false,false,0,337,25,2026-07-22
272,Eetu Luostarinen,hockey|FloridaPanthers,201,24593,70,ok,0,false,false,false,0,274,0,2026-07-22
273,Brad Marchand,hockey|BostonBruins|FloridaPanthers,1104,311286,486,ok,0,false,false,false,0,1689,16,2026-07-22
274,Tomas Nosek,hockey|FloridaPanthers,108,14468,46,ok,0,false,false,false,0,137,0,2026-07-22
275,Cole Reinhardt,hockey|FloridaPanthers|OttawaSenators|goldenknights,95,5037,22,ok,0,false,false,false,0,119,2,2026-07-22
276,Sam Reinhart,hockey|FloridaPanthers,383,46865,154,ok,0,false,false,false,0,616,42,2026-07-22
277,Evan Rodrigues,hockey|FloridaPanthers,200,29830,54,ok,0,false,false,false,0,302,4,2026-07-22
278,Mackie Samoskevich,hockey|FloridaPanthers,156,16891,39,ok,0,false,false,false,0,223,4,2026-07-22
279,Cole Schwindt,hockey|FloridaPanthers|goldenknights,45,3124,22,ok,0,false,false,false,0,58,1,2026-07-22
280,Matthew Tkachuk,hockey|FloridaPanthers,515,132080,255,ok,204,true,false,false,0,717,24,2026-07-22
281,Carter Verhaeghe,hockey|FloridaPanthers,240,26925,70,ok,0,false,false,false,0,359,20,2026-07-22
282,Uvis Balinskis,hockey|FloridaPanthers,91,6083,33,ok,0,false,false,false,0,126,1,2026-07-22
283,Aaron Ekblad,hockey|FloridaPanthers,380,71876,164,ok,0,false,false,false,0,633,11,2026-07-22
284,Gustav Forsling,hockey|FloridaPanthers,182,13795,65,ok,0,false,false,false,0,270,5,2026-07-22
285,Seth Jones,hockey|hawks|FloridaPanthers,142,23323,102,ok,123,true,false,false,0,202,11,2026-07-22
286,Dmitry Kulikov,hockey|FloridaPanthers,98,14148,48,ok,0,false,false,false,0,137,0,2026-07-22
287,Niko Mikkola,hockey|FloridaPanthers,214,53793,84,ok,0,false,false,false,0,303,1,2026-07-22
288,Donovan Sebrango,hockey|FloridaPanthers|OttawaSenators,76,3949,33,ok,0,false,false,false,0,102,0,2026-07-22
289,Joel Armia,hockey|losangeleskings|Habs,166,11734,86,ok,0,false,false,false,0,213,0,2026-07-22
290,Quinton Byfield,hockey|losangeleskings,220,10568,89,ok,0,false,false,false,0,328,14,2026-07-22
291,Kevin Fiala,hockey|losangeleskings,202,32052,84,ok,0,false,false,false,0,297,13,2026-07-22
292,Samuel Helenius,hockey|losangeleskings,79,2304,33,ok,12,true,false,false,0,102,0,2026-07-22
293,Mathieu Joseph,hockey|losangeleskings|stlouisblues,51,1988,20,ok,97,true,false,false,0,82,0,2026-07-22
294,Adrian Kempe,hockey|losangeleskings,289,17799,118,ok,0,false,false,false,0,410,5,2026-07-22
295,Anze Kopitar,hockey|losangeleskings,350,52357,134,ok,0,false,false,false,0,498,11,2026-07-22
296,Andrei Kuzmenko,hockey|CalgaryFlames|losangeleskings|Flyers,130,9246,62,ok,0,false,false,false,0,230,6,2026-07-22
297,Alex Laferriere,hockey|losangeleskings,106,5602,28,ok,0,false,false,false,0,166,10,2026-07-22
298,Scott Laughton,hockey|losangeleskings|Flyers|leafs,329,38731,187,ok,0,false,false,false,0,380,1,2026-07-22
299,Jeff Malott,hockey|losangeleskings,64,3041,23,ok,0,false,false,false,0,88,0,2026-07-22
300,Trevor Moore,hockey|losangeleskings,102,3961,39,ok,38,true,false,false,0,135,1,2026-07-22
301,Artemi Panarin,hockey|losangeleskings|rangers,583,52629,261,ok,0,false,false,false,0,968,52,2026-07-22
302,Alex Turcotte,hockey|losangeleskings,81,3939,41,ok,0,false,false,false,0,123,1,2026-07-22
303,Taylor Ward,hockey|losangeleskings,60,6471,30,ok,0,false,false,false,0,130,2,2026-07-22
304,Jared Wright,hockey|losangeleskings,24,1154,9,ok,25,true,false,false,0,33,0,2026-07-22
305,Mikey Anderson,hockey|losangeleskings,76,1722,27,ok,66,true,false,false,0,105,1,2026-07-22
306,Cody Ceci,hockey|DallasStars|losangeleskings|SanJoseSharks,163,11571,100,ok,0,false,false,false,0,224,1,2026-07-22
307,Brandt Clarke,hockey|losangeleskings,175,5270,59,ok,27,true,false,false,0,245,15,2026-07-22
308,Drew Doughty,hockey|losangeleskings,217,18903,99,ok,0,false,false,false,0,319,14,2026-07-22
309,Brian Dumoulin,hockey|anaheimducks|losangeleskings|devils,91,3695,39,ok,0,false,false,false,0,136,0,2026-07-22
310,Joel Edmundson,hockey|losangeleskings,62,1926,21,ok,0,false,false,false,0,99,0,2026-07-22
311,Jacob Moverare,hockey|losangeleskings,21,645,16,ok,0,false,false,false,0,24,0,2026-07-22
312,Nicolas Aube-Kubel,hockey|sabres|wildhockey|rangers,0,0,0,ok,0,false,false,false,0,0,0,2026-07-22
313,Matt Boldy,hockey|wildhockey,577,57759,190,ok,0,false,false,false,0,713,28,2026-07-22
314,Bobby Brink,hockey|wildhockey|Flyers,288,15837,117,ok,0,false,false,false,0,357,0,2026-07-22
315,Joel Eriksson Ek,hockey|wildhockey,344,20643,89,ok,0,false,false,false,0,480,11,2026-07-22
316,Robby Fabbri,hockey|anaheimducks|wildhockey|stlouisblues,63,3285,33,ok,0,false,false,false,0,101,0,2026-07-22
317,Marcus Foligno,hockey|wildhockey,105,7723,33,ok,144,true,false,false,0,134,0,2026-07-22
318,Nick Foligno,hockey|hawks|wildhockey,125,17851,53,ok,145,true,false,false,0,148,0,2026-07-22
319,Hunter Haight,hockey|wildhockey,61,6883,34,ok,0,false,false,false,0,68,0,2026-07-22
320,Ryan Hartman,hockey|wildhockey,277,14890,92,ok,0,false,false,false,0,354,1,2026-07-22
321,Marcus Johansson,hockey|wildhockey,262,8157,41,ok,40,true,false,false,0,326,1,2026-07-22
322,Ben Jones,hockey|wildhockey,62,4697,34,ok,95,true,false,false,0,108,2,2026-07-22
323,Kirill Kaprizov,hockey|wildhockey,648,74068,231,ok,0,false,false,false,0,944,41,2026-07-22
324,Michael McCarron,hockey|wildhockey|Predators,312,11865,48,ok,0,false,false,false,0,358,0,2026-07-22
325,Nico Sturm,hockey|FloridaPanthers|wildhockey|SanJoseSharks,211,11265,85,ok,0,false,false,false,0,306,1,2026-07-22
326,Vladimir Tarasenko,hockey|DetroitRedWings|wildhockey,250,17307,87,ok,0,false,false,false,0,352,6,2026-07-22
327,Yakov Trenin,hockey|wildhockey,199,8723,67,ok,0,false,false,false,0,260,8,2026-07-22
328,Danila Yurov,hockey|wildhockey,263,15595,106,ok,0,false,false,false,0,311,3,2026-07-22
329,Mats Zuccarello,hockey|wildhockey,224,15878,65,ok,0,false,false,false,0,303,19,2026-07-22
330,Zach Bogosian,hockey|wildhockey,105,6937,39,ok,0,false,false,false,0,140,0,2026-07-22
331,Jonas Brodin,hockey|wildhockey,225,9506,78,ok,0,false,false,false,0,270,1,2026-07-22
332,Brock Faber,hockey|wildhockey,388,26812,140,ok,0,false,false,false,0,488,17,2026-07-22
333,Viking Gustafsson Nyberg,hockey|wildhockey,9,1882,6,ok,0,false,false,false,0,9,0,2026-07-22
334,Quinn Hughes,hockey|wildhockey|canucks,1531,259623,835,ok,334,true,false,false,0,1879,34,2026-07-22
335,Daemon Hunt,hockey|wildhockey,105,3982,54,ok,0,false,false,false,0,286,0,2026-07-22
336,Matt Kiersted,hockey|FloridaPanthers|wildhockey,20,1258,14,ok,0,false,false,false,0,24,0,2026-07-22
337,Carson Lambos,hockey|wildhockey,32,1370,26,ok,0,false,false,false,0,37,0,2026-07-22
338,Jake Middleton,hockey|wildhockey,185,14165,68,ok,0,false,false,false,0,259,2,2026-07-22
339,Jeff Petry,hockey|DetroitRedWings|FloridaPanthers|wildhockey,112,7990,63,ok,0,false,false,false,0,160,0,2026-07-22
340,David Spacek,hockey|wildhockey,65,2823,25,ok,0,false,false,false,0,68,0,2026-07-22
341,Jared Spurgeon,hockey|wildhockey,189,10994,69,ok,0,false,false,false,0,244,3,2026-07-22
342,Josh Anderson,hockey|Habs,388,38294,163,ok,65,true,false,false,0,456,2,2026-07-22
343,Owen Beck,hockey|Habs,215,13291,115,ok,0,false,false,false,0,395,2,2026-07-22
344,Zachary Bolduc,hockey|Habs|stlouisblues,531,47766,226,ok,0,false,false,false,0,600,11,2026-07-22
345,Cole Caufield,hockey|Habs,1122,248818,440,ok,0,false,false,false,0,1314,21,2026-07-22
346,Kirby Dach,hockey|Habs,461,37459,206,ok,18,true,false,false,0,498,3,2026-07-22
347,Phillip Danault,hockey|losangeleskings|Habs,276,37454,133,ok,0,false,false,false,0,319,0,2026-07-22
348,Ivan Demidov,hockey|Habs,1346,230294,462,ok,0,false,false,false,0,1532,35,2026-07-22
349,Jake Evans,hockey|Habs,354,28298,146,ok,13,true,false,false,0,394,0,2026-07-22
350,Brendan Gallagher,hockey|Habs,358,38965,140,ok,0,false,false,false,0,417,2,2026-07-22
351,Oliver Kapanen,hockey|Habs,427,50960,173,ok,51,true,false,false,0,458,1,2026-07-22
352,Patrik Laine,hockey|Habs,556,58697,283,ok,0,false,false,false,0,662,11,2026-07-22
353,Alex Newhook,hockey|Habs,373,34268,153,ok,0,false,false,false,0,416,0,2026-07-22
354,Juraj Slafkovský,hockey|Habs,695,177849,214,ok,0,false,false,false,0,796,13,2026-07-22
355,Nick Suzuki,hockey|Habs,1206,237870,453,ok,0,false,false,false,0,1385,21,2026-07-22
356,Alexandre Texier,hockey|Habs|stlouisblues,296,41234,145,ok,0,false,false,false,0,328,0,2026-07-22
357,Joe Veleno,hockey|hawks|DetroitRedWings|Habs,231,20931,119,ok,0,false,false,false,0,267,0,2026-07-22
358,Florian Xhekaj,hockey|Habs,113,17908,49,ok,269,true,false,false,0,119,0,2026-07-22
359,Alexandre Carrier,hockey|Habs|Predators,323,25759,138,ok,31,true,false,false,0,355,0,2026-07-22
360,Noah Dobson,hockey|Habs|NewYorkIslanders,717,55331,347,ok,0,false,false,false,0,873,18,2026-07-22
361,Adam Engstrom,hockey|Habs,137,8188,81,ok,0,false,false,false,0,143,0,2026-07-22
362,Kaiden Guhle,hockey|Habs,310,29479,150,ok,0,false,false,false,0,347,3,2026-07-22
363,Lane Hutson,hockey|Habs,988,199833,414,ok,260,true,false,false,0,1077,14,2026-07-22
364,Mike Matheson,hockey|Habs,485,45681,208,ok,0,false,false,false,0,552,5,2026-07-22
365,David Reinbacher,hockey|Habs,286,25297,147,ok,0,false,false,false,0,305,0,2026-07-22
366,Jayden Struble,hockey|Habs,281,21454,145,ok,0,false,false,false,0,315,0,2026-07-22
367,Arber Xhekaj,hockey|Habs,177,24410,67,ok,269,true,false,false,0,215,0,2026-07-22
369,Luke Evangelista,hockey|Predators,345,11928,45,ok,0,false,false,false,0,398,7,2026-07-22
370,Filip Forsberg,hockey|Predators,480,26157,95,ok,0,false,false,false,0,765,39,2026-07-22
371,Erik Haula,hockey|Predators|devils,395,16321,71,ok,0,false,false,false,0,471,1,2026-07-22
372,Tyson Jost,hockey|canes|Predators,197,3724,32,ok,0,false,false,false,0,227,0,2026-07-22
373,Jonathan Marchessault,hockey|Predators,243,6428,36,ok,0,false,false,false,0,324,11,2026-07-22
374,Ryan O'Reilly,hockey|Predators,0,0,0,ok,0,false,false,false,0,0,0,2026-07-22
375,Steven Stamkos,hockey|Predators,498,25286,99,ok,0,false,false,false,0,752,23,2026-07-22
376,Fedor Svechkov,hockey|Predators,262,5517,27,ok,0,false,false,false,0,283,0,2026-07-22
377,Ozzy Wiesblatt,hockey|Predators,223,10916,17,ok,0,false,false,false,0,249,0,2026-07-22
378,Matthew Wood,hockey|Predators,296,6178,33,ok,36,true,false,false,0,320,1,2026-07-22
379,Justin Barron,hockey|Habs|Predators,150,3568,30,ok,23,true,false,false,0,163,0,2026-07-22
380,Nicolas Hague,hockey|Predators|goldenknights,282,10508,48,ok,0,false,false,false,0,342,0,2026-07-22
381,Roman Josi,hockey|Predators,415,12962,78,ok,0,false,false,false,0,493,25,2026-07-22
382,Nick Perbix,hockey|Predators|TampaBayLightning,223,5362,43,ok,0,false,false,false,0,273,1,2026-07-22
383,Brady Skjei,hockey|Predators,314,8157,28,ok,0,false,false,false,0,356,2,2026-07-22
384,Adam Wilsby,hockey|Predators,187,2433,15,ok,0,false,false,false,0,201,0,2026-07-22
385,Nick Bjugstad,hockey|devils|stlouisblues|utahmammoth|UtahHockey,89,3210,44,ok,0,false,false,false,0,133,0,2026-07-22
386,Jesper Bratt,hockey|devils,348,16481,101,ok,0,false,false,false,0,432,25,2026-07-22
387,Connor Brown,hockey|EdmontonOilers|devils,431,34550,173,ok,0,false,false,false,0,699,7,2026-07-22
388,Paul Cotter,hockey|devils,185,5465,39,ok,0,false,false,false,0,224,0,2026-07-22
389,Evgenii Dadonov,hockey|DallasStars|devils,134,10641,47,ok,0,false,false,false,0,170,1,2026-07-22
390,Cody Glass,hockey|devils|penguins,629,41245,152,ok,0,false,false,false,0,1326,4,2026-07-22
391,Arseny Gritsyuk,hockey|devils,291,20985,62,ok,0,false,false,false,0,330,4,2026-07-22
392,Nico Hischier,hockey|devils,394,22989,93,ok,0,false,false,false,0,516,18,2026-07-22
393,Jack Hughes,hockey|devils,508,153451,236,ok,477,true,false,false,0,720,41,2026-07-22
394,Zack MacEwen,hockey|devils|OttawaSenators,46,4716,21,ok,0,false,false,false,0,65,1,2026-07-22
395,Timo Meier,hockey|devils,302,13988,72,ok,0,false,false,false,0,399,17,2026-07-22
396,Dawson Mercer,hockey|devils,260,9553,81,ok,0,false,false,false,0,349,21,2026-07-22
397,Stefan Noesen,hockey|devils,124,5472,31,ok,0,false,false,false,0,168,5,2026-07-22
398,Maxim Tsyplakov,hockey|devils|NewYorkIslanders,93,3935,50,ok,0,false,false,false,0,114,1,2026-07-22
399,Dennis Cholowski,hockey|devils|NewYorkIslanders,60,2587,19,ok,0,false,false,false,0,68,0,2026-07-22
400,Brenden Dillon,hockey|devils,233,14463,62,ok,0,false,false,false,0,314,4,2026-07-22
401,Dougie Hamilton,hockey|devils,320,20448,104,ok,0,false,false,false,0,557,24,2026-07-22
402,Luke Hughes,hockey|devils,177,19578,84,ok,477,true,false,false,0,255,15,2026-07-22
403,Johnathan Kovacevic,hockey|devils,120,6461,46,ok,0,false,false,false,0,145,0,2026-07-22
404,Simon Nemec,hockey|devils,359,26644,124,ok,0,false,false,false,0,480,3,2026-07-22
405,Brett Pesce,hockey|devils,147,7850,56,ok,0,false,false,false,0,188,0,2026-07-22
406,Jonas Siegenthaler,hockey|devils,178,7635,36,ok,0,false,false,false,0,214,0,2026-07-22
407,Mathew Barzal,hockey|NewYorkIslanders,326,27824,115,ok,0,false,false,false,0,454,13,2026-07-22
408,Casey Cizikas,hockey|NewYorkIslanders,92,5333,30,ok,0,false,false,false,0,137,2,2026-07-22
409,Anthony Duclair,hockey|NewYorkIslanders,120,5843,44,ok,0,false,false,false,0,174,1,2026-07-22
410,Marc Gatcomb,hockey|NewYorkIslanders,76,2187,31,ok,0,false,false,false,0,99,1,2026-07-22
411,Emil Heineman,hockey|Habs|NewYorkIslanders,251,20260,117,ok,0,false,false,false,0,315,10,2026-07-22
412,Simon Holmstrom,hockey|NewYorkIslanders,175,7384,54,ok,0,false,false,false,0,236,1,2026-07-22
413,Bo Horvat,hockey|NewYorkIslanders,325,21402,113,ok,0,false,false,false,0,519,19,2026-07-22
414,Anders Lee,hockey|NewYorkIslanders,282,20388,79,ok,0,false,false,false,0,554,7,2026-07-22
415,Kyle MacLean,hockey|NewYorkIslanders,88,4460,35,ok,0,false,false,false,0,141,1,2026-07-22
416,Jean-Gabriel Pageau,hockey|NewYorkIslanders,132,5091,43,ok,0,false,false,false,0,194,1,2026-07-22
417,Ondrej Palat,hockey|devils|NewYorkIslanders,306,20614,128,ok,0,false,false,false,0,373,1,2026-07-22
418,Kyle Palmieri,hockey|NewYorkIslanders,85,4809,38,ok,0,false,false,false,0,134,14,2026-07-22
419,Brayden Schenn,hockey|NewYorkIslanders|stlouisblues,221,12400,103,ok,40,true,false,false,0,292,5,2026-07-22
420,Max Shabanov,hockey|NewYorkIslanders,113,4901,49,ok,0,false,false,false,0,177,7,2026-07-22
421,Adam Boqvist,hockey|FloridaPanthers|NewYorkIslanders,38,1179,25,ok,36,true,false,false,0,57,0,2026-07-22
422,Tony DeAngelo,hockey|NewYorkIslanders,115,4443,32,ok,0,false,false,false,0,182,7,2026-07-22
423,Scott Mayfield,hockey|NewYorkIslanders,135,3806,54,ok,0,false,false,false,0,191,0,2026-07-22
424,Adam Pelech,hockey|NewYorkIslanders,130,3682,41,ok,0,false,false,false,0,175,0,2026-07-22
425,Ryan Pulock,hockey|NewYorkIslanders,118,5110,44,ok,0,false,false,false,0,157,0,2026-07-22
426,Alexander Romanov,hockey|NewYorkIslanders,82,5270,56,ok,0,false,false,false,0,133,3,2026-07-22
427,Matthew Schaefer,hockey|NewYorkIslanders,764,95861,290,ok,0,false,false,false,0,1258,43,2026-07-22
428,Carson Soucy,hockey|NewYorkIslanders|rangers|canucks,200,10601,89,ok,0,false,false,false,0,246,0,2026-07-22
429,Jonny Brodzinski,hockey|rangers,80,2497,21,ok,0,false,false,false,0,97,0,2026-07-22
430,Jaroslav Chmelar,hockey|rangers,60,3218,15,ok,0,false,false,false,0,70,0,2026-07-22
431,Will Cuylle,hockey|rangers,297,15633,79,ok,0,false,false,false,0,379,16,2026-07-22
432,Adam Edstrom,hockey|rangers,80,4418,35,ok,0,false,false,false,0,121,1,2026-07-22
433,Tye Kartye,hockey|rangers|SeattleKraken,135,7584,47,ok,0,false,false,false,0,168,2,2026-07-22
434,Noah Laba,hockey|rangers,188,8396,49,ok,0,false,false,false,0,220,0,2026-07-22
435,Alexis Lafrenière,hockey|rangers,199,11283,72,ok,0,false,false,false,0,311,13,2026-07-22
436,J.T. Miller,hockey|rangers|canucks,186,12093,156,ok,437,true,false,false,0,190,0,2026-07-22
437,Gabe Perreault,hockey|rangers,169,12056,71,ok,0,false,false,false,0,236,6,2026-07-22
438,Taylor Raddysh,hockey|rangers|caps,114,6208,37,ok,15,true,false,false,0,145,0,2026-07-22
439,Matt Rempe,hockey|rangers,233,22323,67,ok,0,false,false,false,0,284,2,2026-07-22
440,Conor Sheary,hockey|rangers|TampaBayLightning,148,4901,51,ok,0,false,false,false,0,192,0,2026-07-22
441,Adam Sykora,hockey|rangers,73,4774,25,ok,0,false,false,false,0,87,0,2026-07-22
442,Vincent Trocheck,hockey|rangers,318,24124,107,ok,0,false,false,false,0,490,23,2026-07-22
443,Mika Zibanejad,hockey|rangers,318,29666,92,ok,0,false,false,false,0,424,15,2026-07-22
444,Will Borgen,hockey|rangers|SeattleKraken,121,4127,37,ok,0,false,false,false,0,161,0,2026-07-22
445,Drew Fortescue,hockey|rangers,32,2012,12,ok,0,false,false,false,0,34,0,2026-07-22
446,Adam Fox,hockey|rangers,438,80113,158,ok,0,false,false,false,0,677,16,2026-07-22
447,Vladislav Gavrikov,hockey|losangeleskings|rangers,240,12092,94,ok,0,false,false,false,0,341,2,2026-07-22
448,Vincent Iorio,hockey|rangers|SanJoseSharks,81,4462,44,ok,0,false,false,false,0,107,0,2026-07-22
449,Matthew Robertson,hockey|rangers,104,4248,37,ok,130,true,false,false,0,188,3,2026-07-22
450,Braden Schneider,hockey|rangers,158,9830,51,ok,0,false,false,false,0,236,1,2026-07-22
451,Urho Vaakanainen,hockey|anaheimducks|rangers,45,1669,20,ok,0,false,false,false,0,64,0,2026-07-22
452,Michael Amadio,hockey|OttawaSenators,157,5425,52,ok,0,false,false,false,0,204,1,2026-07-22
453,Drake Batherson,hockey|OttawaSenators,369,15015,112,ok,0,false,false,false,0,446,11,2026-07-22
454,Graeme Clarke,hockey|OttawaSenators,6,104,5,ok,27,true,false,false,0,11,0,2026-07-22
455,Nick Cousins,hockey|OttawaSenators,269,21427,85,ok,0,false,false,false,0,388,4,2026-07-22
456,Dylan Cozens,hockey|sabres|OttawaSenators,303,14272,103,ok,0,false,false,false,0,385,17,2026-07-22
457,Lars Eller,hockey|OttawaSenators|penguins|caps,148,6114,75,ok,0,false,false,false,0,193,0,2026-07-22
458,Warren Foegele,hockey|losangeleskings|OttawaSenators,133,9141,70,ok,0,false,false,false,0,186,0,2026-07-22
459,Claude Giroux,hockey|OttawaSenators,329,19492,122,ok,0,false,false,false,0,493,5,2026-07-22
460,Ridly Greig,hockey|OttawaSenators,278,24538,87,ok,0,false,false,false,0,351,2,2026-07-22
461,Stephen Halliday,hockey|OttawaSenators,93,4488,40,ok,0,false,false,false,0,106,0,2026-07-22
462,Hayden Hodgson,hockey|OttawaSenators,31,1605,17,ok,0,false,false,false,0,47,0,2026-07-22
463,Arthur Kaliyev,hockey|rangers|OttawaSenators,68,3558,39,ok,0,false,false,false,0,88,0,2026-07-22
464,Kurtis MacDermid,hockey|devils|OttawaSenators,75,3786,40,ok,0,false,false,false,0,91,0,2026-07-22
465,Shane Pinto,hockey|OttawaSenators,394,18683,135,ok,0,false,false,false,0,475,20,2026-07-22
466,Tim Stützle,hockey|OttawaSenators,527,36697,141,ok,0,false,false,false,0,652,17,2026-07-22
467,Brady Tkachuk,hockey|OttawaSenators,531,98706,203,ok,229,true,false,false,0,696,23,2026-07-22
468,Fabian Zetterlund,hockey|OttawaSenators|SanJoseSharks,256,10067,89,ok,0,false,false,false,0,309,4,2026-07-22
469,Thomas Chabot,hockey|OttawaSenators,292,23756,129,ok,0,false,false,false,0,346,9,2026-07-22
470,Cameron Crotty,hockey|wildhockey|OttawaSenators,13,610,10,ok,0,false,false,false,0,13,0,2026-07-22
471,Dennis Gilbert,hockey|sabres|OttawaSenators,65,3641,41,ok,0,false,false,false,0,116,0,2026-07-22
472,Nick Jensen,hockey|OttawaSenators,208,12546,89,ok,0,false,false,false,0,250,2,2026-07-22
473,Tyler Kleven,hockey|OttawaSenators,223,11890,91,ok,0,false,false,false,0,264,2,2026-07-22
474,Nikolas Matinpalo,hockey|OttawaSenators,124,8159,53,ok,0,false,false,false,0,146,1,2026-07-22
475,Jake Sanderson,hockey|OttawaSenators,453,34210,162,ok,0,false,false,false,0,552,21,2026-07-22
476,Jordan Spence,hockey|losangeleskings|OttawaSenators,320,15343,131,ok,0,false,false,false,0,398,3,2026-07-22
477,Lassi Thomson,hockey|OttawaSenators,38,1790,20,ok,0,false,false,false,0,51,2,2026-07-22
478,Carter Yakemchuk,hockey|OttawaSenators,127,7830,61,ok,0,false,false,false,0,140,2,2026-07-22
479,Artem Zub,hockey|OttawaSenators,212,12354,81,ok,0,false,false,false,0,268,3,2026-07-22
480,Rodrigo Abols,hockey|Flyers,127,5697,31,ok,0,false,false,false,0,149,0,2026-07-22
481,Denver Barkey,hockey|Flyers,240,16653,70,ok,0,false,false,false,0,250,0,2026-07-22
482,Alex Bump,hockey|Flyers,226,26790,93,ok,0,false,false,false,0,364,7,2026-07-22
483,Noah Cates,hockey|Flyers,242,9063,69,ok,0,false,false,false,0,289,1,2026-07-22
484,Sean Couturier,hockey|Flyers,220,14643,57,ok,0,false,false,false,0,272,5,2026-07-22
485,Christian Dvorak,hockey|Habs|Flyers,337,15834,141,ok,0,false,false,false,0,421,1,2026-07-22
486,Tyson Foerster,hockey|Flyers,221,17133,80,ok,0,false,false,false,0,251,2,2026-07-22
487,Jacob Gaucher,hockey|Flyers,29,830,8,ok,2,true,false,false,0,33,0,2026-07-22
488,Luke Glendening,hockey|devils|Flyers|TampaBayLightning,133,4300,37,ok,0,false,false,false,0,160,0,2026-07-22
489,Nikita Grebenkin,hockey|Flyers|leafs,187,7971,58,ok,0,false,false,false,0,214,0,2026-07-22
490,Carl Grundstrom,hockey|Flyers|SanJoseSharks,111,4850,31,ok,0,false,false,false,0,131,1,2026-07-22
491,Garnet Hathaway,hockey|Flyers,178,6948,58,ok,0,false,false,false,0,215,1,2026-07-22
492,Travis Konecny,hockey|Flyers,283,12447,88,ok,0,false,false,false,0,375,19,2026-07-22
493,Jett Luchanko,hockey|Flyers,165,7621,80,ok,0,false,false,false,0,168,1,2026-07-22
494,Porter Martone,hockey|Flyers,444,48007,188,ok,0,false,false,false,0,576,7,2026-07-22
495,Matvei Michkov,hockey|Flyers,689,65807,249,ok,0,false,false,false,0,836,32,2026-07-22
496,Owen Tippett,hockey|Flyers,281,12613,92,ok,0,false,false,false,0,355,8,2026-07-22
497,Garrett Wilson,hockey|Flyers,20,1276,12,ok,83,true,false,false,0,23,0,2026-07-22
498,Trevor Zegras,hockey|anaheimducks|Flyers,715,76695,290,ok,0,false,false,false,0,908,22,2026-07-22
499,Emil Andrae,hockey|Flyers,187,6464,42,ok,0,false,false,false,0,208,0,2026-07-22
501,Oliver Bonk,hockey|Flyers,127,7036,53,ok,0,false,false,false,0,138,0,2026-07-22
502,Jamie Drysdale,hockey|Flyers,256,12037,81,ok,0,false,false,false,0,320,5,2026-07-22
503,Helge Grans,hockey|Flyers,26,1067,15,ok,0,false,false,false,0,29,0,2026-07-22
504,David Jiricek,hockey|BlueJackets|wildhockey|Flyers,192,10492,103,ok,0,false,false,false,0,237,1,2026-07-22
505,Noah Juulsen,hockey|Flyers|canucks,129,5747,45,ok,0,false,false,false,0,149,0,2026-07-22
506,Hunter McDonald,hockey|Flyers,90,9924,40,ok,0,false,false,false,0,161,0,2026-07-22
507,Rasmus Ristolainen,hockey|Flyers,159,13942,44,ok,0,false,false,false,0,207,1,2026-07-22
508,Travis Sanheim,hockey|Flyers,238,14270,69,ok,0,false,false,false,0,302,9,2026-07-22
509,Nick Seeler,hockey|Flyers,146,4408,27,ok,0,false,false,false,0,174,2,2026-07-22
510,Cam York,hockey|Flyers,221,9941,65,ok,0,false,false,true,1184,369,8,2026-07-22
511,Noel Acciari,hockey|penguins,126,6038,47,ok,0,false,false,false,0,156,0,2026-07-22
512,Justin Brazeau,hockey|BostonBruins|wildhockey|penguins,180,12040,67,ok,0,false,false,false,0,228,4,2026-07-22
513,Egor Chinakhov,hockey|BlueJackets|penguins,274,24344,103,ok,0,false,false,false,0,332,4,2026-07-22
514,Sidney Crosby,hockey|penguins,1204,352689,578,ok,0,false,false,false,0,1938,24,2026-07-22
515,Connor Dewar,hockey|penguins|leafs,161,9720,54,ok,0,false,false,false,0,206,0,2026-07-22
516,Filip Hallander,hockey|penguins,78,4044,27,ok,0,false,false,false,0,84,0,2026-07-22
517,Kevin Hayes,hockey|penguins,207,16464,83,ok,0,false,false,false,0,279,1,2026-07-22
518,Ben Kindel,hockey|penguins,322,27472,126,ok,0,false,false,false,0,382,4,2026-07-22
519,Ville Koivunen,hockey|penguins,123,5548,43,ok,0,false,false,false,0,160,5,2026-07-22
520,Blake Lizotte,hockey|penguins,133,9046,45,ok,0,false,false,false,0,168,0,2026-07-22
521,Evgeni Malkin,hockey|penguins,501,95203,236,ok,0,false,false,false,0,730,18,2026-07-22
522,Anthony Mantha,hockey|CalgaryFlames|penguins,227,15233,86,ok,0,false,false,false,0,313,11,2026-07-22
523,Tommy Novak,hockey|Predators|penguins,176,9326,53,ok,0,false,false,false,0,224,1,2026-07-22
524,Rickard Rakell,hockey|penguins,212,11424,92,ok,0,false,false,false,0,275,10,2026-07-22
525,Bryan Rust,hockey|penguins,276,20073,112,ok,0,false,false,false,0,408,16,2026-07-22
526,Elmer Soderblom,hockey|DetroitRedWings|penguins,166,16556,85,ok,0,false,false,false,0,244,4,2026-07-22
527,Connor Clifton,hockey|sabres|penguins,133,8014,54,ok,0,false,false,false,0,171,2,2026-07-22
528,Samuel Girard,hockey|ColoradoAvalanche|penguins,132,18014,63,ok,0,false,false,false,0,179,0,2026-07-22
529,Ryan Graves,hockey|penguins,98,6162,47,ok,0,false,false,false,0,132,0,2026-07-22
530,Erik Karlsson,hockey|penguins,269,28040,108,ok,58,true,false,false,0,363,8,2026-07-22
531,Kris Letang,hockey|penguins,267,21712,131,ok,0,false,false,false,0,369,15,2026-07-22
532,Jake Livanavage,hockey|penguins,9,1010,8,ok,0,false,false,false,0,9,0,2026-07-22
533,Ryan Shea,hockey|penguins,212,12453,58,ok,0,false,false,false,0,447,10,2026-07-22
534,Ilya Solovyov,hockey|CalgaryFlames|ColoradoAvalanche|penguins,58,4468,35,ok,0,false,false,false,0,72,0,2026-07-22
535,Jack St. Ivany,hockey|penguins,45,2111,24,ok,0,false,false,false,0,51,1,2026-07-22
536,Parker Wotherspoon,hockey|BostonBruins|penguins,137,11736,43,ok,0,false,false,false,0,183,1,2026-07-22
537,Macklin Celebrini,hockey|SanJoseSharks,1409,405886,647,ok,0,false,false,false,0,1977,70,2026-07-22
538,Ty Dellandrea,hockey|SanJoseSharks,103,7132,43,ok,0,false,false,false,0,132,0,2026-07-22
539,William Eklund,hockey|SanJoseSharks,378,41989,177,ok,0,false,false,false,0,605,35,2026-07-22
540,Adam Gaudette,hockey|OttawaSenators|SanJoseSharks,176,15181,73,ok,0,false,false,false,0,226,0,2026-07-22
541,Barclay Goodrow,hockey|SanJoseSharks,147,9483,66,ok,0,false,false,false,0,206,0,2026-07-22
542,Collin Graf,hockey|SanJoseSharks,274,32455,122,ok,0,false,false,false,0,329,0,2026-07-22
543,Philipp Kurashev,hockey|hawks|SanJoseSharks,157,9506,71,ok,0,false,false,false,0,201,1,2026-07-22
544,Michael Misa,hockey|SanJoseSharks,551,44533,291,ok,0,false,false,false,0,804,29,2026-07-22
545,Zack Ostapchuk,hockey|OttawaSenators|SanJoseSharks,114,7449,51,ok,0,false,false,false,0,138,0,2026-07-22
546,Ryan Reaves,hockey|SanJoseSharks|leafs,204,31148,139,ok,0,false,false,false,0,284,2,2026-07-22
547,Pavol Regenda,hockey|SanJoseSharks,145,13584,73,ok,0,false,false,false,0,158,0,2026-07-22
548,Kiefer Sherwood,hockey|SanJoseSharks|canucks,524,61618,314,ok,0,false,false,false,0,678,19,2026-07-22
549,Will Smith,hockey|SanJoseSharks,545,65480,262,ok,175,true,false,false,0,736,24,2026-07-22
550,Tyler Toffoli,hockey|SanJoseSharks,213,23224,95,ok,0,false,false,false,0,329,5,2026-07-22
551,Alexander Wennberg,hockey|SanJoseSharks,253,25634,95,ok,0,false,false,false,0,322,5,2026-07-22
552,Vincent Desharnais,hockey|penguins|SanJoseSharks|canucks,136,31015,54,ok,0,false,false,false,0,207,0,2026-07-22
553,Sam Dickinson,hockey|SanJoseSharks,314,19363,145,ok,30,true,false,false,0,349,4,2026-07-22
554,Mario Ferraro,hockey|SanJoseSharks,194,10177,80,ok,0,false,false,false,0,278,2,2026-07-22
555,John Klingberg,hockey|EdmontonOilers|SanJoseSharks,326,32115,169,ok,0,false,false,false,0,412,11,2026-07-22
556,Nick Leddy,hockey|SanJoseSharks|stlouisblues,139,11020,84,ok,0,false,false,false,0,172,0,2026-07-22
557,Shakir Mukhamadullin,hockey|SanJoseSharks,95,5455,42,ok,0,false,false,false,0,129,3,2026-07-22
558,Dmitry Orlov,hockey|canes|SanJoseSharks,274,16403,116,ok,0,false,false,false,0,371,12,2026-07-22
559,Matty Beniers,hockey|SeattleKraken,204,12092,72,ok,0,false,false,false,0,273,11,2026-07-22
560,Berkly Catton,hockey|SeattleKraken,154,8778,70,ok,0,false,false,false,0,204,5,2026-07-22
561,Jordan Eberle,hockey|SeattleKraken,169,9614,57,ok,0,false,false,false,0,236,12,2026-07-22
562,Frederick Gaudreau,hockey|wildhockey|SeattleKraken,208,118128,109,ok,0,false,false,false,0,413,1,2026-07-22
563,Kaapo Kakko,hockey|rangers|SeattleKraken,215,17160,90,ok,0,false,false,false,0,253,1,2026-07-22
564,Jared McCann,hockey|SeattleKraken,159,11239,66,ok,0,false,false,false,0,251,8,2026-07-22
565,Bobby McMann,hockey|SeattleKraken|leafs,293,20387,149,ok,0,false,false,false,0,381,8,2026-07-22
566,Ben Meyers,hockey|SeattleKraken,61,2316,18,ok,0,false,false,false,0,85,0,2026-07-22
567,Jaden Schwartz,hockey|SeattleKraken,99,5574,46,ok,0,false,false,false,0,156,2,2026-07-22
568,Chandler Stephenson,hockey|SeattleKraken,139,7179,38,ok,0,false,false,false,0,210,6,2026-07-22
569,Eeli Tolvanen,hockey|SeattleKraken,153,10809,41,ok,0,false,false,false,0,206,7,2026-07-22
570,Ryan Winterton,hockey|SeattleKraken,82,5343,28,ok,0,false,false,false,0,100,1,2026-07-22
571,Shane Wright,hockey|SeattleKraken,108,7440,55,ok,38,true,false,false,0,174,2,2026-07-22
572,Vince Dunn,hockey|SeattleKraken,153,8106,56,ok,0,false,false,false,0,207,6,2026-07-22
573,Ryker Evans,hockey|SeattleKraken,94,3510,17,ok,17,true,false,false,0,116,0,2026-07-22
574,Cale Fleury,hockey|SeattleKraken,34,2804,19,ok,151,true,false,false,0,53,0,2026-07-22
575,Adam Larsson,hockey|SeattleKraken,202,9807,49,ok,0,false,false,false,0,422,8,2026-07-22
576,Ryan Lindgren,hockey|ColoradoAvalanche|rangers|SeattleKraken,175,18198,73,ok,0,false,false,false,0,329,14,2026-07-22
577,Joshua Mahura,hockey|SeattleKraken,30,1508,14,ok,0,false,false,false,0,43,0,2026-07-22
578,Brandon Montour,hockey|SeattleKraken,145,13979,57,ok,0,false,false,false,0,247,7,2026-07-22
579,Jamie Oleksiak,hockey|SeattleKraken,88,4125,26,ok,0,false,false,false,0,122,1,2026-07-22
580,Jonatan Berggren,hockey|DetroitRedWings|stlouisblues,112,5196,50,ok,0,false,false,false,0,147,0,2026-07-22
581,Pavel Buchnevich,hockey|stlouisblues,147,7798,47,ok,0,false,false,false,0,233,12,2026-07-22
582,Jonathan Drouin,hockey|ColoradoAvalanche|NewYorkIslanders|stlouisblues,178,11550,94,ok,0,false,false,false,0,273,2,2026-07-22
583,Dalibor Dvorsky,hockey|stlouisblues,131,7474,56,ok,0,false,false,false,0,180,6,2026-07-22
584,Jack Finley,hockey|stlouisblues|TampaBayLightning,93,2706,38,ok,0,false,false,false,0,129,1,2026-07-22
585,Dylan Holloway,hockey|stlouisblues,182,10816,93,ok,0,false,false,false,0,317,28,2026-07-22
586,Jordan Kyrou,hockey|stlouisblues,228,10503,107,ok,0,false,false,false,0,476,16,2026-07-22
587,Jake Neighbours,hockey|stlouisblues,126,7261,52,ok,0,false,false,false,0,189,4,2026-07-22
588,Jimmy Snuggerud,hockey|stlouisblues,165,6686,66,ok,0,false,false,false,0,228,19,2026-07-22
589,Oskar Sundqvist,hockey|stlouisblues,82,4063,29,ok,0,false,false,false,0,120,0,2026-07-22
590,Pius Suter,hockey|stlouisblues|canucks,205,13220,109,ok,0,false,false,false,0,318,0,2026-07-22
591,Robert Thomas,hockey|stlouisblues,495,41983,175,ok,0,false,false,false,0,1296,44,2026-07-22
592,Alexey Toropchenko,hockey|stlouisblues,75,4328,35,ok,0,false,false,false,0,105,0,2026-07-22
593,Nathan Walker,hockey|stlouisblues,78,3695,38,ok,86,true,false,false,0,91,0,2026-07-22
594,Philip Broberg,hockey|stlouisblues,167,7788,72,ok,0,false,false,false,0,258,2,2026-07-22
595,Cam Fowler,hockey|anaheimducks|stlouisblues,191,22825,84,ok,0,false,false,false,0,697,19,2026-07-22
596,Justin Holl,hockey|DetroitRedWings|stlouisblues,68,4786,48,ok,0,false,false,false,0,91,0,2026-07-22
597,Matthew Kessel,hockey|stlouisblues,66,6909,41,ok,0,false,false,false,0,151,1,2026-07-22
598,Logan Mailloux,hockey|Habs|stlouisblues,227,13997,127,ok,0,false,false,false,0,283,5,2026-07-22
599,Colton Parayko,hockey|stlouisblues,170,17074,85,ok,0,false,false,false,0,279,6,2026-07-22
600,Tyler Tucker,hockey|stlouisblues,117,6247,52,ok,0,false,false,false,0,214,0,2026-07-22
601,Oliver Bjorkstrand,hockey|SeattleKraken|TampaBayLightning,157,9505,67,ok,0,false,false,false,0,210,8,2026-07-22
602,Anthony Cirelli,hockey|TampaBayLightning,195,12592,81,ok,0,false,false,false,0,288,9,2026-07-22
603,Conor Geekie,hockey|TampaBayLightning,93,12028,53,ok,28,true,false,false,0,103,0,2026-07-22
604,Zemgus Girgensons,hockey|TampaBayLightning,122,16211,39,ok,0,false,false,false,0,166,0,2026-07-22
605,Gage Goncalves,hockey|TampaBayLightning,122,4437,42,ok,0,false,false,false,0,161,2,2026-07-22
606,Yanni Gourde,hockey|SeattleKraken|TampaBayLightning,161,11667,66,ok,0,false,false,false,0,218,1,2026-07-22
607,Jake Guentzel,hockey|TampaBayLightning,295,54545,112,ok,0,false,false,false,0,464,11,2026-07-22
608,Brandon Hagel,hockey|TampaBayLightning,460,77405,185,ok,0,false,false,false,0,673,41,2026-07-22
609,Pontus Holmberg,hockey|TampaBayLightning|leafs,201,17890,95,ok,0,false,false,false,0,236,0,2026-07-22
610,Dominic James,hockey|TampaBayLightning,58,2595,16,ok,0,false,false,true,182,78,0,2026-07-22
611,Nikita Kucherov,hockey|TampaBayLightning,656,69490,221,ok,0,false,false,false,0,956,48,2026-07-22
612,Nick Paul,hockey|TampaBayLightning,98,4101,43,ok,0,false,false,true,323,161,0,2026-07-22
613,Corey Perry,hockey|EdmontonOilers|losangeleskings|TampaBayLightning,629,107154,347,ok,0,false,false,false,0,927,5,2026-07-22
614,Brayden Point,hockey|TampaBayLightning,147,12867,59,ok,0,false,false,true,1646,254,24,2026-07-22
615,Scott Sabourin,hockey|SanJoseSharks|TampaBayLightning,101,11993,64,ok,0,false,false,false,0,126,0,2026-07-22
616,Declan Carlile,hockey|TampaBayLightning,56,2997,22,ok,0,false,false,false,0,68,0,2026-07-22
617,Erik Cernak,hockey|TampaBayLightning,153,11286,64,ok,0,false,false,false,0,198,1,2026-07-22
618,Max Crozier,hockey|TampaBayLightning,84,3220,30,ok,0,false,false,false,0,103,0,2026-07-22
619,Charle-Edouard D'Astous,hockey|TampaBayLightning,0,0,0,ok,0,false,false,false,0,0,0,2026-07-22
620,Victor Hedman,hockey|TampaBayLightning,221,15067,123,ok,0,false,false,false,0,344,46,2026-07-22
621,Emil Lilleberg,hockey|TampaBayLightning,125,4256,42,ok,0,false,false,false,0,156,0,2026-07-22
622,Ryan McDonagh,hockey|TampaBayLightning,111,4616,47,ok,0,false,false,false,0,168,5,2026-07-22
623,J.J. Moser,hockey|TampaBayLightning,202,13311,75,ok,0,false,false,false,0,276,0,2026-07-22
624,Darren Raddysh,hockey|TampaBayLightning,193,8659,72,ok,17,true,false,false,0,267,28,2026-07-22
625,Max Domi,hockey|leafs,376,70816,194,ok,0,false,false,false,0,495,0,2026-07-22
626,Bo Groulx,hockey|leafs,35,2530,20,ok,0,false,false,false,0,47,0,2026-07-22
627,Luke Haymes,hockey|leafs,16,694,12,ok,0,false,false,false,0,19,0,2026-07-22
628,Calle Jarnkrok,hockey|leafs,127,8645,69,ok,0,false,false,false,0,159,0,2026-07-22
629,Dakota Joshua,hockey|leafs|canucks,212,14396,111,ok,0,false,false,false,0,369,2,2026-07-22
630,Matthew Knies,hockey|leafs,480,65853,265,ok,0,false,false,false,0,665,21,2026-07-22
631,Steven Lorentz,hockey|leafs,138,10355,75,ok,0,false,false,false,0,176,0,2026-07-22
632,Matias Maccelli,hockey|leafs|utahmammoth|UtahHockey,162,10068,63,ok,0,false,false,false,0,221,2,2026-07-22
633,Auston Matthews,hockey|leafs,1310,228638,766,ok,0,false,false,false,0,1774,64,2026-07-22
634,William Nylander,hockey|leafs,633,73947,344,ok,0,false,false,false,0,845,23,2026-07-22
635,Nicholas Robertson,hockey|leafs,93,8097,63,ok,158,true,false,false,0,101,0,2026-07-22
636,John Tavares,hockey|leafs,579,54878,323,ok,0,false,false,false,0,798,15,2026-07-22
638,Simon Benoit,hockey|leafs,192,30429,99,ok,0,false,false,false,0,282,0,2026-07-22
639,Brandon Carlo,hockey|BostonBruins|leafs,215,20144,130,ok,0,false,false,false,0,261,1,2026-07-22
640,Oliver Ekman-Larsson,hockey|leafs,0,0,0,ok,0,false,false,false,0,0,0,2026-07-22
641,Jake McCabe,hockey|leafs,188,17211,89,ok,0,false,false,false,0,264,6,2026-07-22
642,Philippe Myers,hockey|leafs,66,3954,29,ok,17,true,false,false,0,82,0,2026-07-22
643,Morgan Rielly,hockey|leafs,280,24805,142,ok,0,false,false,false,0,373,17,2026-07-22
644,Troy Stecher,hockey|EdmontonOilers|leafs,123,10084,62,ok,0,false,false,false,0,164,0,2026-07-22
645,Chris Tanev,hockey|leafs,153,18201,108,ok,32,true,false,false,0,173,0,2026-07-22
646,Andrew Agozzino,hockey|utahmammoth|UtahHockey,6,182,3,ok,0,false,false,false,0,9,0,2026-07-22
647,Daniil But,hockey|utahmammoth|UtahHockey,30,1016,13,ok,0,false,false,true,4300,66,0,2026-07-22
648,Michael Carcone,hockey|utahmammoth|UtahHockey,56,1233,9,ok,0,false,false,false,0,103,0,2026-07-22
649,Logan Cooley,hockey|utahmammoth|UtahHockey,171,27431,52,ok,0,false,false,false,0,450,50,2026-07-22
650,Lawson Crouse,hockey|utahmammoth|UtahHockey,62,1450,9,ok,0,false,false,false,0,118,2,2026-07-22
651,Dylan Guenther,hockey|utahmammoth|UtahHockey,113,6430,26,ok,0,false,false,false,0,192,12,2026-07-22
652,Barrett Hayton,hockey|utahmammoth|UtahHockey,54,1061,9,ok,0,false,false,false,0,100,6,2026-07-22
653,Clayton Keller,hockey|utahmammoth|UtahHockey,221,66621,70,ok,0,false,false,false,0,335,25,2026-07-22
654,Alexander Kerfoot,hockey|utahmammoth|UtahHockey,25,1178,7,ok,0,false,false,false,0,50,0,2026-07-22
655,Jack McBain,hockey|utahmammoth|UtahHockey,59,3491,17,ok,0,false,false,false,0,120,8,2026-07-22
656,Ben McCartney,hockey|utahmammoth|UtahHockey,2,30,1,ok,0,false,false,false,0,5,0,2026-07-22
657,Liam O'Brien,hockey|utahmammoth|UtahHockey,0,0,0,ok,0,false,false,false,0,0,0,2026-07-22
658,JJ Peterka,hockey|sabres|utahmammoth|UtahHockey,193,13291,94,ok,0,false,false,false,0,365,8,2026-07-22
659,Kevin Rooney,hockey|CalgaryFlames|utahmammoth|UtahHockey,28,5076,20,ok,0,false,false,false,0,61,0,2026-07-22
660,Nick Schmaltz,hockey|utahmammoth|UtahHockey,94,4134,25,ok,0,false,false,false,0,190,23,2026-07-22
661,Kevin Stenlund,hockey|utahmammoth|UtahHockey,34,2460,6,ok,0,false,false,false,0,91,3,2026-07-22
662,Brandon Tanev,hockey|SeattleKraken|utahmammoth|UtahHockey|winnipegjets,56,8247,28,ok,37,true,false,false,0,93,0,2026-07-22
663,Kailer Yamamoto,hockey|utahmammoth|UtahHockey,37,1042,7,ok,0,false,false,false,0,74,1,2026-07-22
664,Ian Cole,hockey|utahmammoth|UtahHockey,589,109335,120,ok,0,false,false,false,0,2162,15,2026-07-22
665,Nick DeSimone,hockey|utahmammoth|UtahHockey,23,1146,8,ok,0,false,false,false,0,41,0,2026-07-22
666,Sean Durzi,hockey|utahmammoth|UtahHockey,53,2460,14,ok,0,false,false,false,0,103,4,2026-07-22
667,Maveric Lamoureux,hockey|utahmammoth|UtahHockey,6,825,5,ok,0,false,false,false,0,11,1,2026-07-22
668,John Marino,hockey|utahmammoth|UtahHockey,54,2076,9,ok,0,false,false,false,0,106,0,2026-07-22
669,Scott Perunovich,hockey|NewYorkIslanders|stlouisblues,13,675,12,ok,0,false,false,false,0,16,0,2026-07-22
670,Nate Schmidt,hockey|FloridaPanthers|utahmammoth|UtahHockey,162,10735,55,ok,0,false,false,false,0,287,2,2026-07-22
671,Mikhail Sergachev,hockey|utahmammoth|UtahHockey,99,11787,28,ok,0,false,false,false,0,198,14,2026-07-22
672,Dmitri Simashev,hockey|utahmammoth|UtahHockey,21,630,10,ok,0,false,false,false,0,43,1,2026-07-22
673,Maksymilian Szuber,hockey|utahmammoth|UtahHockey,0,0,0,ok,0,false,false,false,0,1,0,2026-07-22
674,MacKenzie Weegar,hockey|CalgaryFlames|utahmammoth|UtahHockey,156,14718,77,ok,0,false,false,false,0,254,27,2026-07-22
675,Nils Aman,hockey|canucks,18,1346,15,ok,0,false,false,false,0,21,0,2026-07-22
676,Teddy Blueger,hockey|canucks,143,9708,92,ok,0,false,false,false,0,173,0,2026-07-22
677,Brock Boeser,hockey|canucks,414,60874,258,ok,0,false,false,false,0,603,7,2026-07-22
678,Filip Chytil,hockey|rangers|canucks,220,17917,158,ok,0,false,false,false,0,235,2,2026-07-22
679,Jake DeBrusk,hockey|canucks,222,16326,140,ok,0,false,false,false,0,300,8,2026-07-22
680,Curtis Douglas,hockey|TampaBayLightning|canucks,117,9666,52,ok,0,false,false,false,0,154,1,2026-07-22
681,Nils Hoglander,hockey|canucks,119,7974,86,ok,0,false,false,false,0,137,0,2026-07-22
682,Evander Kane,hockey|canucks,444,54663,282,ok,109,true,false,false,0,630,7,2026-07-22
683,Linus Karlsson,hockey|canucks,143,10473,75,ok,57,true,false,false,0,169,0,2026-07-22
684,Drew O'Connor,hockey|penguins|canucks,0,0,0,ok,0,true,false,false,0,0,0,2026-07-22
685,Liam Ohgren,hockey|wildhockey|canucks,201,19301,124,ok,0,false,false,false,0,241,2,2026-07-22
686,Elias Pettersson,hockey|canucks,0,0,0,ok,433,true,true,false,0,0,0,2026-07-22
687,Aatu Räty,hockey|canucks,145,12412,100,ok,0,false,false,false,0,182,3,2026-07-22
688,Marco Rossi,hockey|wildhockey|canucks,444,34818,227,ok,0,false,false,false,0,616,17,2026-07-22
689,Max Sasson,hockey|canucks,110,10531,60,ok,0,false,false,false,0,134,0,2026-07-22
690,Zeev Buium,hockey|wildhockey|canucks,353,39213,187,ok,0,false,false,false,0,521,53,2026-07-22
691,Derek Forbort,hockey|canucks,58,3954,52,ok,0,false,false,false,0,62,0,2026-07-22
692,Filip Hronek,hockey|canucks,253,18768,148,ok,0,false,false,false,0,333,5,2026-07-22
693,Pierre-Olivier Joseph,hockey|penguins|stlouisblues|canucks,33,1903,32,ok,97,true,false,false,0,35,0,2026-07-22
694,Victor Mancini,hockey|rangers|canucks,118,10442,82,ok,0,false,false,false,0,127,0,2026-07-22
695,Elias Pettersson,hockey|canucks,0,0,0,ok,433,true,true,false,0,0,0,2026-07-22
696,Marcus Pettersson,hockey|penguins|canucks,94,5724,49,ok,433,true,false,false,0,124,0,2026-07-22
697,Tom Willander,hockey|canucks,188,15629,128,ok,0,false,false,false,0,233,0,2026-07-22
698,Ivan Barbashev,hockey|goldenknights,200,5575,33,ok,0,false,false,false,0,271,9,2026-07-22
699,Braeden Bowman,hockey|goldenknights,137,6671,36,ok,0,false,false,false,0,343,11,2026-07-22
700,Pavel Dorofeyev,hockey|goldenknights,221,8799,44,ok,0,false,false,false,0,305,14,2026-07-22
701,Nic Dowd,hockey|goldenknights|caps,189,9151,72,ok,0,false,false,false,0,247,1,2026-07-22
702,Jack Eichel,hockey|goldenknights,406,24383,138,ok,0,false,false,false,0,705,46,2026-07-22
703,Tomas Hertl,hockey|goldenknights,240,13707,59,ok,0,false,false,false,0,374,11,2026-07-22
704,Alexander Holtz,hockey|goldenknights,57,1332,16,ok,0,false,false,false,0,87,0,2026-07-22
705,Brett Howden,hockey|goldenknights,166,4955,31,ok,0,false,false,false,0,215,1,2026-07-22
706,William Karlsson,hockey|goldenknights,83,4072,37,ok,65,true,false,false,0,110,0,2026-07-22
707,Keegan Kolesar,hockey|goldenknights,144,5528,22,ok,0,false,false,false,0,185,0,2026-07-22
708,Tanner Laczynski,hockey|goldenknights,18,511,7,ok,0,false,false,false,0,28,0,2026-07-22
709,Raphael Lavoie,hockey|goldenknights,22,4978,12,ok,0,false,false,false,0,49,0,2026-07-22
710,Mitch Marner,hockey|leafs|goldenknights,1457,257632,815,ok,0,false,false,false,0,2238,67,2026-07-22
711,Jonas Rondbjerg,hockey|goldenknights,12,611,8,ok,0,false,false,false,0,15,0,2026-07-22
712,Brandon Saad,hockey|stlouisblues|goldenknights,127,4371,26,ok,0,false,false,false,0,170,2,2026-07-22
713,Colton Sissons,hockey|Predators|goldenknights,131,5097,29,ok,0,false,false,false,0,150,0,2026-07-22
714,Cole Smith,hockey|Predators|goldenknights,197,5220,27,ok,269,true,false,false,0,228,1,2026-07-22
715,Reilly Smith,hockey|rangers|goldenknights,53,8789,19,ok,236,true,false,false,0,70,0,2026-07-22
716,Mark Stone,hockey|goldenknights,314,38079,113,ok,0,false,false,false,0,616,33,2026-07-22
717,Kai Uchacz,hockey|goldenknights,9,191,7,ok,0,false,false,false,0,9,0,2026-07-22
718,Rasmus Andersson,hockey|CalgaryFlames|goldenknights,308,22517,116,ok,0,false,false,false,0,484,11,2026-07-22
719,Dylan Coghlan,hockey|goldenknights|winnipegjets,10,274,9,ok,0,false,false,false,0,14,0,2026-07-22
720,Jeremy Davies,hockey|goldenknights,8,367,7,ok,0,false,false,false,0,11,0,2026-07-22
721,Noah Hanifin,hockey|goldenknights,138,5758,33,ok,0,false,false,false,0,197,9,2026-07-22
722,Ben Hutton,hockey|goldenknights,90,2097,15,ok,0,false,false,false,0,119,0,2026-07-22
723,Kaedan Korczak,hockey|goldenknights,109,2324,20,ok,0,false,false,false,0,140,0,2026-07-22
724,Jeremy Lauzon,hockey|Predators|goldenknights,161,4171,34,ok,0,false,false,false,0,201,17,2026-07-22
725,Brayden McNabb,hockey|goldenknights,153,7721,32,ok,0,false,false,false,0,199,2,2026-07-22
726,Jaycob Megna,hockey|FloridaPanthers|goldenknights,10,381,7,ok,0,false,false,false,0,19,0,2026-07-22
727,Shea Theodore,hockey|goldenknights,221,12558,58,ok,0,false,false,false,0,318,22,2026-07-22
728,Anthony Beauvillier,hockey|penguins|caps,138,6912,42,ok,0,false,false,false,0,217,0,2026-07-22
729,Pierre-Luc Dubois,hockey|caps,135,10001,55,ok,0,false,false,false,0,201,12,2026-07-22
730,Brandon Duhaime,hockey|caps,132,12431,45,ok,0,false,false,false,0,196,0,2026-07-22
731,Ethen Frank,hockey|caps,355,60717,117,ok,0,false,false,false,0,828,31,2026-07-22
732,David Kampf,hockey|leafs|canucks|caps,151,11658,109,ok,0,false,false,false,0,192,0,2026-07-22
733,Hendrix Lapierre,hockey|caps,103,3086,42,ok,0,false,false,false,0,167,0,2026-07-22
734,Ryan Leonard,hockey|caps,316,20101,123,ok,0,false,false,false,0,476,15,2026-07-22
735,Connor McMichael,hockey|caps,198,17672,75,ok,0,false,false,false,0,254,3,2026-07-22
736,Ivan Miroshnichenko,hockey|caps,38,1461,20,ok,0,false,false,false,0,46,0,2026-07-22
737,Alex Ovechkin,hockey|caps,799,163580,348,ok,0,false,false,false,0,1168,10,2026-07-22
738,Aliaksei Protas,hockey|caps,113,5009,24,ok,138,true,false,false,0,159,4,2026-07-22
739,Ilya Protas,hockey|caps,39,2846,33,ok,138,true,false,false,0,44,1,2026-07-22
740,Justin Sourdif,hockey|FloridaPanthers|caps,174,10938,63,ok,0,false,false,false,0,219,1,2026-07-22
741,Dylan Strome,hockey|caps,156,25957,89,ok,101,true,false,false,0,193,8,2026-07-22
742,Tom Wilson,hockey|caps,500,100642,231,ok,79,true,false,false,0,750,12,2026-07-22
743,Declan Chisholm,hockey|wildhockey|caps,73,2637,36,ok,0,false,false,false,0,97,0,2026-07-22
744,Jakob Chychrun,hockey|caps,215,10330,77,ok,0,false,false,false,0,313,18,2026-07-22
745,Martin Fehérváry,hockey|caps,112,5740,41,ok,0,false,false,false,0,160,0,2026-07-22
746,Cole Hutson,hockey|caps,132,18404,74,ok,142,true,false,false,0,195,8,2026-07-22
747,Timothy Liljegren,hockey|SanJoseSharks|leafs|caps,118,7352,54,ok,0,false,false,false,0,145,0,2026-07-22
748,Dylan McIlrath,hockey|caps,30,1231,19,ok,0,false,false,false,0,42,0,2026-07-22
749,Matt Roy,hockey|caps,100,2575,32,ok,136,true,false,false,0,202,4,2026-07-22
750,Rasmus Sandin,hockey|caps,167,9019,50,ok,0,false,false,false,0,322,8,2026-07-22
751,Trevor van Riemsdyk,hockey|caps,69,1878,17,ok,9,true,false,false,0,100,0,2026-07-22
752,Morgan Barron,hockey|winnipegjets,167,10785,33,ok,16,true,false,false,0,201,2,2026-07-22
753,Nikita Chibrikov,hockey|winnipegjets,54,4400,18,ok,0,false,false,false,0,59,0,2026-07-22
754,Kyle Connor,hockey|winnipegjets,294,34316,82,ok,0,false,false,true,1245,466,14,2026-07-22
755,Alex Iafallo,hockey|winnipegjets,158,8150,24,ok,0,false,false,false,0,200,2,2026-07-22
756,Cole Koepke,hockey|BostonBruins|winnipegjets,132,5141,15,ok,0,false,false,false,0,158,0,2026-07-22
757,Adam Lowry,hockey|winnipegjets,237,35187,72,ok,0,false,false,false,0,313,0,2026-07-22
758,Vladislav Namestnikov,hockey|winnipegjets,162,9209,28,ok,0,false,false,false,0,206,0,2026-07-22
759,Nino Niederreiter,hockey|winnipegjets,181,12591,26,ok,0,false,false,false,0,239,1,2026-07-22
760,Gustav Nyquist,hockey|wildhockey|Predators|winnipegjets,163,8780,48,ok,0,false,false,false,0,201,0,2026-07-22
761,Cole Perfetti,hockey|winnipegjets,217,27356,65,ok,0,false,false,false,0,273,8,2026-07-22
762,Isak Rosen,hockey|sabres|winnipegjets,136,12074,54,ok,0,false,false,false,0,204,0,2026-07-22
763,Mark Scheifele,hockey|winnipegjets,414,79707,146,ok,0,false,false,false,0,590,8,2026-07-22
764,Jonathan Toews,hockey|winnipegjets,259,30361,85,ok,53,true,false,false,0,370,1,2026-07-22
765,Gabriel Vilardi,hockey|winnipegjets,234,11843,57,ok,0,false,false,false,0,332,12,2026-07-22
766,Jacob Bryson,hockey|sabres|winnipegjets,117,5826,32,ok,0,false,false,false,0,134,0,2026-07-22
767,Dylan DeMelo,hockey|winnipegjets,171,8945,28,ok,0,false,false,false,0,222,1,2026-07-22
768,Haydn Fleury,hockey|winnipegjets,136,10508,24,ok,154,true,false,false,0,162,0,2026-07-22
769,Ville Heinola,hockey|winnipegjets,51,2735,15,ok,0,false,false,false,0,54,0,2026-07-22
770,Colin Miller,hockey|winnipegjets,124,7324,16,ok,222,true,false,false,0,145,2,2026-07-22
771,Josh Morrissey,hockey|winnipegjets,233,15745,63,ok,0,false,false,false,0,324,21,2026-07-22
772,Neal Pionk,hockey|winnipegjets,166,10314,34,ok,0,false,false,false,0,218,5,2026-07-22
773,Elias Salomonsson,hockey|winnipegjets,78,3236,15,ok,0,false,false,false,0,90,1,2026-07-22
774,Dylan Samberg,hockey|winnipegjets,169,10403,35,ok,0,false,false,false,0,202,2,2026-07-22
