player_id,full_name,position,group,team_code,age,ppg,toi_per_game,wiki_12mo,trends_12mo,reddit_mentions_12mo,reddit_upvotes_12mo,instagram_followers,engagement_raw,dropped_components,effective_K,peer_player_ids,peer_engagement_mean,market_z,OAQ_observed,OAQ_observed_lo95,OAQ_observed_hi95,OAQ_portable,OAQ_portable_lo95,OAQ_portable_hi95,OAQ_portable_lockedv1,OAQ_portable_lockedv1_lo95,OAQ_portable_lockedv1_hi95,expected_cap,is_rookie_deal,marchand_index,marchand_index_lo95,marchand_index_hi95,marchand_index_rawcap,marchand_index_rawcap_lo95,marchand_index_rawcap_hi95,marchand_index_hybrid,marchand_index_hybrid_lo95,marchand_index_hybrid_hi95,cap_hit_M,cap_quality,match_quality,jersey_list_member,jersey_rank,asg2024_member
1,Cutter Gauthier,L,f1,ANA,22,0.9079,17.25,182840,24.0566,,,,0.12564090107421658,reddit_mentions_12mo|reddit_upvotes_12mo|instagram_followers,10,123|11|73|78|23|121|46|71|96|122,0.12870977799851574,-0.06428670389925416,-0.003068876924299163,-0.08629761872334107,0.0727695751838633,0.16698116399904508,0.08375242220000315,0.24281961610720756,0.06495580089709534,-0.018272940901946602,0.14079425300525786,5.5986306950290965,1,0.02982535785889647,0.014959447543908391,0.043371250817240345,0.1757696463147843,0.08816044442105594,0.2555995959023238,0.02982535785889647,0.014959447543908391,0.043371250817240345,0.95,ok,ok,0,,0
2,Mikael Granlund,C,f1,ANA,34,0.7069,19.167,83626,15.1321,,,,-0.3628531534506656,reddit_mentions_12mo|reddit_upvotes_12mo|instagram_followers,10,108|118|51|77|153|16|117|26|31|92,-0.038655425466313426,-0.06428670389925416,-0.3241977279843522,-0.36138118590026,-0.28465043427859665,-0.1457694884951674,-0.18295294641107532,-0.10622219478941193,-0.23785816625512887,-0.2750416241710367,-0.19831087254937335,6.292066683565664,0,-0.023167187480054013,-0.02907676533195884,-0.016881924514063902,-0.020824212642166773,-0.02613613520158219,-0.015174599255630278,-0.020824212642166773,-0.02613613520158219,-0.015174599255630278,7.0,ok,ok,0,,0
3,Troy Terry,R,f1,ANA,28,0.9344,18.35,38384,38.5283,456.0,40915.0,,0.3350054757073055,instagram_followers,10,48|12|138|122|98|22|81|76|103|126,0.13991111474173298,-0.06428670389925416,0.1950943609655725,0.14857727367873544,0.24209586097629174,0.30793137811375965,0.2614142908269226,0.35493287812447893,0.04611346323052701,-0.00040362405631015413,0.09311496324124623,6.383149057044704,0,0.048241295223070815,0.04095381268567042,0.05560466706206093,0.043990196873394234,0.03734489868956037,0.05070469687492556,0.043990196873394234,0.03734489868956037,0.05070469687492556,7.0,ok,ok,0,,0
4,Jackson LaCombe,D,d1,ANA,25,0.7073,24.25,108889,12.1509,,,,-0.4039058413513814,reddit_mentions_12mo|reddit_upvotes_12mo|instagram_followers,10,139|99|44|15|70|149|24|49|154|9,-0.35843896615684867,-0.06428670389925416,-0.04546687519453274,-0.10579688463966051,0.02802647557236418,0.03175686799976002,-0.02857314144536781,0.10525021876665688,-0.21473462042607583,-0.27506462987120367,-0.141241269659179,7.326146180309016,1,0.004334730323169789,-0.0039001598851747996,0.014366382566805055,0.03433174918892975,-0.03088988264364087,0.1137840202882777,0.004334730323169789,-0.0039001598851747996,0.014366382566805055,0.925,ok,ok,0,,0
5,John Carlson,D,d1,ANA,36,0.8364,22.867,90330,12.1698,,,,-0.4421182014290519,reddit_mentions_12mo|reddit_upvotes_12mo|instagram_followers,10,109|110|114|129|85|79|135|95|119|154,-0.1241972054483778,-0.06428670389925416,-0.3179209959806741,-0.3808468883180695,-0.2372430312765445,-0.10576526598961511,-0.16869115832701048,-0.02508730128548553,-0.31469570207349284,-0.3776215944108883,-0.2340177373693633,7.026116911463961,0,-0.015053160561141,-0.02400915903516641,-0.003570578400788145,-0.013220658248701889,-0.02108639479087631,-0.0031359126606856913,-0.013220658248701889,-0.02108639479087631,-0.0031359126606856913,8.0,ok,ok,0,,0
6,Viktor Arvidsson,L,f1,BOS,33,0.7826,14.6,59912,13.2264,,,,-0.47245079354172026,reddit_mentions_12mo|reddit_upvotes_12mo|instagram_followers,10,21|146|56|116|158|96|98|23|107|68,0.41960952527370027,-0.0988174678775913,-0.8920603188154206,-1.0350531681967847,-0.7084846721317066,-0.8349562989596409,-0.977949148341005,-0.651380652275927,-1.140977178719067,-1.2839700281004311,-0.9574015320353533,3.541130416322059,0,-0.2357880678754711,-0.27616863356214283,-0.1839470947676854,-0.2087390747399102,-0.24448728708525125,-0.16284516306898175,-0.2087390747399102,-0.24448728708525125,-0.16284516306898175,4.0,ok,ok,0,,0
7,Elias Lindholm,C,f1,BOS,31,0.6957,17.883,57218,36.2264,,,,0.2461900081438206,reddit_mentions_12mo|reddit_upvotes_12mo|instagram_followers,10,33|26|152|31|13|141|76|153|136|103,-0.20340157129621256,-0.0988174678775913,0.44959157944003314,0.417168668360092,0.48381634088122183,0.5853943721664463,0.5529714610865051,0.6196191336076349,0.40598344211200343,0.37356053103206227,0.4402082035531921,5.430106953629784,0,0.10780531160166859,0.10183435902986558,0.1141080901166131,0.0755347576988963,0.07135115626922647,0.07995085594937225,0.0755347576988963,0.07135115626922647,0.07995085594937225,7.75,ok,ok,0,,0
8,David Pastrnak,R,f1,BOS,30,1.2987,20.65,190210,35.8868,305.0,41751.0,,0.08271355703229456,instagram_followers,10,43|133|147|127|157|32|138|41|72|48,0.3547926677658491,-0.0988174678775913,-0.27207911073355456,-0.33481156921838284,-0.20426133707624536,-0.08979004376026571,-0.152522502245094,-0.021972270102956513,-0.24290274195013378,-0.30563520043496223,-0.17508496829282466,8.865475620912738,0,-0.01012805715109749,-0.01720409696748917,-0.002478408496339013,-0.00798133722313473,-0.013557555755119468,-0.001953090675818357,-0.00798133722313473,-0.013557555755119468,-0.001953090675818357,11.25,ok,ok,1,,0
9,Charlie McAvoy,D,d1,BOS,28,0.8841,24.383,226264,9.8491,284.0,83692.0,,-0.15735189146541995,instagram_followers,10,154|139|34|14|95|4|150|59|44|100,-0.08235865262419069,-0.0988174678775913,-0.07499323884122926,-0.2151072249496337,0.06483946524097792,0.11260246770154536,-0.02751151840685918,0.2524351717837526,0.0034241139240949667,-0.1366898721843095,0.1432568180063022,7.756877405950494,0,0.01451646865208482,-0.0035467259526048983,0.032543400981186486,0.011852891337004776,-0.002895949305985177,0.026572123345658165,0.011852891337004776,-0.002895949305985177,0.026572123345658165,9.5,ok,ok,0,,0
10,Hampus Lindholm,D,d1,BOS,32,0.3881,21.617,41211,19.3585,,,,-0.3184543359604312,reddit_mentions_12mo|reddit_upvotes_12mo|instagram_followers,10,25|55|119|85|155|135|35|114|150|90,-0.28326620158664395,-0.0988174678775913,-0.03518813437378726,-0.061568084593361494,-0.006445834949761081,0.13944448758404765,0.11306453736447342,0.16818678700807382,0.03402258682825912,0.007642636608684913,0.0627648862522853,5.554958334278026,0,0.025102706301787438,0.020353804756155447,0.030276876420520075,0.021452998089853483,0.017394544209918986,0.025874890308934435,0.021452998089853483,0.017394544209918986,0.025874890308934435,6.5,ok,ok,0,,0
11,Zach Benson,L,f1,BUF,21,0.6615,15.883,128354,13.4151,422.0,49597.0,,-0.02032339845352863,instagram_followers,10,123|93|78|1|113|58|53|18|91|121,-0.23592503909942253,-1.5005357726632738,0.2156016406458939,0.1371768766864929,0.3000911484780386,0.4498305943261153,0.3714058303667143,0.53432010215826,1.765594356572176,1.687169592612775,1.8500838644043207,4.04182135219317,1,0.11129403185571983,0.09189070916387294,0.1321978523044636,0.4735058887643319,0.39095350564917297,0.5624422127981684,0.11129403185571983,0.09189070916387294,0.1321978523044636,0.95,ok,ok,0,,0
12,Tage Thompson,C,f1,BUF,28,1.0,19.25,413934,14.7925,497.0,78065.0,,0.6312268789915312,instagram_followers,10,22|126|122|3|138|81|103|148|43|48,0.15990018315946655,-1.5005357726632738,0.47132669583206466,0.3140938602251214,0.6644696478992447,0.6088833911545637,0.4516505555476205,0.8020263432217438,2.017999826902723,1.8607669912957794,2.2111427789699025,7.144739207123009,0,0.08522121990786342,0.06321442147214325,0.11225411032807982,0.0852431633026591,0.06323069839247653,0.11228301435295801,0.0852431633026591,0.06323069839247653,0.11228301435295801,7.1429,ok,ok,0,,0
13,Alex Tuch,R,f1,BUF,30,0.8354,19.0,133371,19.2453,,,,-0.12930920929043863,reddit_mentions_12mo|reddit_upvotes_12mo|instagram_followers,10,103|137|26|153|152|31|76|148|7|67,-0.0927971116118224,-1.5005357726632738,-0.036512097678616226,-0.09848068594017434,0.029887229358793403,0.10538749060691316,0.04341890234535505,0.17178681764432277,1.456839005425116,1.394870417163558,1.5232383324625258,6.534192139911801,0,0.01612861825154956,0.006644876890005429,0.026290444781233747,0.022186840127771192,0.009140821546390537,0.03616564581985743,0.022186840127771192,0.009140821546390537,0.03616564581985743,4.75,ok,ok,0,,0
14,Rasmus Dahlin,D,d1,BUF,26,0.961,24.183,158680,21.0943,498.0,81549.0,,0.47697270887092075,instagram_followers,10,34|95|9|54|154|75|139|4|99|129,0.009935868268939557,-1.5005357726632738,0.4670368406019812,0.3727971611584397,0.5793092327150461,0.6789228194535661,0.5846831400100247,0.7911952115666311,2.1431819322811996,2.048942252837658,2.2554543243942646,7.837166029151963,0,0.08662861255308003,0.07460389863315063,0.10095424910275175,0.06172025631396056,0.05315301272818407,0.07192683741514828,0.06172025631396056,0.05315301272818407,0.07192683741514828,11.0,ok,ok,0,,0
15,Mattias Samuelsson,D,d1,BUF,26,0.5256,22.833,57484,16.9057,390.0,42761.0,,-0.15207866111501317,instagram_followers,10,24|100|4|105|130|84|150|139|124|115,-0.3202104505962281,-1.5005357726632738,0.16813178948121493,0.08737970243908535,0.25139013476282934,0.2637303544577752,0.18297826741564546,0.34698869973938945,1.3733405040879287,1.292588417045799,1.456598849369543,6.351885605195974,0,0.04152001009622061,0.02880692109221323,0.05462766827153587,0.06153728783110698,0.042695071380555207,0.08096429982019028,0.06153728783110698,0.042695071380555207,0.08096429982019028,4.2857,ok,ok,0,,0
16,Jonathan Huberdeau,L,f1,CGY,32,0.5,18.133,63465,43.4528,,,,0.4868133144885552,reddit_mentions_12mo|reddit_upvotes_12mo|instagram_followers,10,28|117|83|36|2|143|31|67|26|141,-0.25717460150081484,-0.3373847327270642,0.7439879159893701,0.7283712054970445,0.7625141772210645,0.9442850442253377,0.928668333733012,0.9628113054570322,1.3360881611247908,1.3204714506324653,1.354614422356485,5.058553939496868,0,0.18667094500118306,0.1835837563146315,0.19033330809017626,0.08993190897384168,0.08844460321266781,0.09169631480543164,0.08993190897384168,0.08844460321266781,0.09169631480543164,10.5,ok,ok,0,,0
17,Mikael Backlund,C,f1,CGY,37,0.5244,17.95,33333,26.0,183.0,11225.0,,-0.6952879777528034,instagram_followers,10,118|62|2|16|28|77|108|117|36|33,-0.03330584527550909,-0.3373847327270642,-0.6619821324772943,-0.6855986744586172,-0.6373874195341689,-0.5475319567517176,-0.5711484987330404,-0.5229372438085922,-0.4696448792422159,-0.49326142122353894,-0.44505016629909044,5.006564740546731,0,-0.10936280366404003,-0.11407991873299325,-0.10445031092347086,-0.12167376816704836,-0.12692188860734233,-0.11620827640190938,-0.12167376816704836,-0.12692188860734233,-0.11620827640190938,4.5,ok,ok,0,,0
18,Matt Coronato,R,f1,CGY,23,0.5625,16.65,20138,16.9434,,,,-0.43857064750217245,reddit_mentions_12mo|reddit_upvotes_12mo|instagram_followers,10,113|88|91|93|53|78|151|123|86|101,-0.3569549351984281,-0.3373847327270642,-0.08161571230374437,-0.10312901415154031,-0.0560892021318284,0.3030194164973794,0.2815061146495834,0.3285459266692954,0.6711702785091764,0.6496569766613802,0.6966967886810921,4.268625666106106,0,0.07098758246791818,0.06594771635395633,0.07696761261546718,0.0466183717688276,0.043308633023012834,0.050545527179891594,0.0466183717688276,0.043308633023012834,0.050545527179891594,6.5,ok,ok,0,,0
19,Kevin Bahl,D,d1,CGY,25,0.2368,21.95,27294,13.2075,,,,-0.5412513477668599,reddit_mentions_12mo|reddit_upvotes_12mo|instagram_followers,10,105|50|124|29|130|115|60|84|15|145,-0.2846813450956807,-0.3373847327270642,-0.2565700026711792,-0.3237013910426431,-0.2018344184080327,-0.032106911081754674,-0.09923829945321865,0.0226286731813918,0.12765842981394798,0.06052704144248406,0.18239401407709446,5.371872209409139,0,-0.005976856825729696,-0.018473689541496748,0.0042124369864488575,-0.006001291790982182,-0.018549214851068908,0.004229658538577906,-0.006001291790982182,-0.018549214851068908,0.004229658538577906,5.35,ok,ok,0,,0
20,Zach Whitecloud,D,d1,CGY,29,0.1489,18.767,77150,4.0,127.0,9329.0,,-1.1544022781239707,instagram_followers,10,65|155|30|115|55|135|120|90|130|29,-0.4258681936892746,-0.3373847327270642,-0.7285340844346961,-0.7646437106600756,-0.6838238628800926,-0.41630251804486373,-0.45241214427024323,-0.3715922964902602,-0.08098906132691719,-0.11709868755229681,-0.036278839772313685,3.863584793021757,0,-0.10775032524115212,-0.11709647089598522,-0.09617811343532941,-0.1513827338344959,-0.16451350700736117,-0.1351244714510037,-0.1513827338344959,-0.16451350700736117,-0.1351244714510037,2.75,ok,ok,0,,0
21,Nikolaj Ehlers,L,f1,CAR,30,0.8659,16.6,114147,6.3585,,,,-0.5753148738399138,reddit_mentions_12mo|reddit_upvotes_12mo|instagram_followers,10,146|116|98|23|96|48|3|133|73|6,0.1870208140132795,-0.08453108029669594,-0.7623356878531933,-0.8556214558670358,-0.6630351687769842,-0.6471567723596439,-0.7404425403734864,-0.5478562532834348,-0.6276742590437171,-0.7209600270575596,-0.528373739967508,5.063252026623498,0,-0.1278144498746608,-0.14623853137866832,-0.10820244585944115,-0.07613609086584046,-0.08711088710276313,-0.06445367685687467,-0.07613609086584046,-0.08711088710276313,-0.06445367685687467,8.5,ok,ok,0,,0
22,Sebastian Aho,C,f1,CAR,28,1.0127,19.617,21065,19.717,488.0,46002.0,,0.11429637029433785,instagram_followers,10,12|126|148|103|81|122|138|127|3|41,0.1866079320319678,-0.08453108029669594,-0.07231156173762994,-0.143749393203654,0.009880546170044871,0.06567747654435777,-0.005760354921666265,0.1478695844520326,-0.08237890635123019,-0.1538167378172543,-0.00018679844355541653,7.417000871030422,0,0.008854991078790772,-0.0007766420716175534,0.01993657369376708,0.006736151440446951,-0.0005908056329914118,0.015166111225849498,0.006736151440446951,-0.0005908056329914118,0.015166111225849498,9.75,ok,ok,0,,0
23,Andrei Svechnikov,R,f1,CAR,26,0.8861,16.983,79774,26.0189,364.0,41128.0,,-0.05247102934519585,instagram_followers,10,98|96|73|48|116|3|1|78|21|138,0.1858228104860663,-0.08453108029669594,-0.23829383983126215,-0.31866724740194474,-0.16794413849457507,-0.14464959328377652,-0.22502300085445912,-0.07429989194708941,-0.33161446863966765,-0.4119878762103502,-0.26126476730298054,5.366317582968896,0,-0.026955093702029774,-0.04193247927938808,-0.013845600972796558,-0.018664463649519552,-0.0290352259167044,-0.009587082831882506,-0.018664463649519552,-0.0290352259167044,-0.009587082831882506,7.75,ok,ok,0,,0
24,K'Andre Miller,D,d1,CAR,26,0.5139,22.4,94717,7.4151,,,,-0.5826711699141415,reddit_mentions_12mo|reddit_upvotes_12mo|instagram_followers,10,15|130|100|115|105|120|84|150|4|154,-0.17150893441164508,-0.08453108029669594,-0.4111622355024964,-0.48038777161829843,-0.3503187274325342,-0.29233543850951027,-0.3615609746253123,-0.23149193043954813,-0.5975037808430731,-0.666729316958875,-0.5366602727731109,6.147252338973013,0,-0.047555464195951504,-0.05881668015042249,-0.037657788825734485,-0.0389780584679347,-0.04820812995004164,-0.030865590725273086,-0.0389780584679347,-0.04820812995004164,-0.030865590725273086,7.5,ok,ok,0,,0
25,Sean Walker,D,d1,CAR,31,0.3827,21.817,26905,37.8302,,,,0.23330839911357476,reddit_mentions_12mo|reddit_upvotes_12mo|instagram_followers,10,10|55|119|35|150|100|90|155|145|134,-0.3181526563063256,-0.08453108029669594,0.5514610554199004,0.526102395009362,0.5790748204262549,0.6768933860812778,0.6515347256707396,0.7045071510876324,0.703136182390075,0.6777775219795364,0.7307499473964295,5.626529997711054,0,0.1203038793637725,0.11579689896540005,0.12521165822882577,0.18724574995332718,0.18023090613298462,0.1948844124723741,0.18724574995332718,0.18023090613298462,0.1948844124723741,3.615,ok,ok,0,,0
26,Tyler Bertuzzi,L,f1,CHI,31,0.7342,18.45,111295,20.283,,,,-0.14279354913620707,reddit_mentions_12mo|reddit_upvotes_12mo|instagram_followers,10,7|31|33|13|152|153|103|137|76|67,-0.11815264796568725,1.2123770028914795,-0.024640901170519813,-0.06388595621565983,0.018838046691474198,-0.5495486644753043,-0.5887937195204442,-0.5060697166133102,-1.4983693652262948,-1.537614420271435,-1.454890417364301,5.90220023019399,0,-0.09310911914915534,-0.0997583437627788,-0.08574255309475955,-0.09991793899550987,-0.10705340354917167,-0.09201267574787458,-0.09991793899550987,-0.10705340354917167,-0.09201267574787458,5.5,ok,ok,0,,0
27,Connor Bedard,C,f1,CHI,20,1.087,20.867,534074,32.3962,494.0,96087.0,,1.1241408960178059,instagram_followers,10,42|97|37|131|82|71|112|46|111|38,0.714025863855084,1.2123770028914795,0.4101150321627218,0.1280710431538842,0.7825789881669949,-0.0010339990458878567,-0.28307798805472545,0.37142995695838515,-1.020952758121509,-1.3029967471303467,-0.648488802117236,8.428941505719973,1,-0.0001226724666657342,-0.0335840494162435,0.044066026167856154,-0.001088420048303007,-0.29797682953128996,0.3909789020614581,-0.0001226724666657342,-0.0335840494162435,0.044066026167856154,0.95,ok,ok,1,2.0,0
28,Ilya Mikheyev,R,f1,CHI,31,0.4675,17.433,30632,13.8113,,,,-0.515257703543312,reddit_mentions_12mo|reddit_upvotes_12mo|instagram_followers,10,36|16|141|83|31|26|33|7|143|117,-0.06512882994822322,1.2123770028914795,-0.4501288735950888,-0.4700306070939354,-0.42671184890509495,-0.9286764777813625,-0.9485782112802094,-0.9052594530913688,-1.6097901528076923,-1.629691886306539,-1.5863731281176985,4.516693627425931,0,-0.2056098009708523,-0.21001606252864335,-0.20042525080614715,-0.19551083742765527,-0.19970067605899144,-0.1905809374929197,-0.19551083742765527,-0.19970067605899144,-0.1905809374929197,4.75,ok,ok,0,,0
29,Alex Vlasic,D,d1,CHI,24,0.2593,21.133,43861,36.6226,198.0,16441.0,,-0.4493009073126431,instagram_followers,10,130|115|50|65|19|105|84|24|30|15,-0.2886017797011157,1.2123770028914795,-0.16069912761152738,-0.2162628255307561,-0.11366956019124477,-0.5396004361835033,-0.595164134102732,-0.4925708687632207,-1.3378109885602296,-1.3933746864794585,-1.290781421139947,5.080438613046139,0,-0.10621138789037914,-0.11714817940608524,-0.09695439828725419,-0.11730444264858768,-0.12938350741363738,-0.10708062364417842,-0.11730444264858768,-0.12938350741363738,-0.10708062364417842,4.6,ok,ok,0,,0
30,Wyatt Kaiser,D,d1,CHI,23,0.2208,19.617,16857,23.3774,,,,-0.24282354119602267,reddit_mentions_12mo|reddit_upvotes_12mo|instagram_followers,10,29|65|130|20|115|50|24|84|19|120,-0.4857004454013021,1.2123770028914795,0.2428769042052794,0.1714869414426504,0.309624301686282,-0.15881129764287216,-0.23020126040550118,-0.09206390016186959,-0.9213691924404207,-0.9927591552030497,-0.8546217949594181,4.369218183413277,0,-0.03634776085244779,-0.05268705995946983,-0.021071023761497845,-0.0934184103781601,-0.13541250612088304,-0.05415523538933506,-0.0934184103781601,-0.13541250612088304,-0.05415523538933506,1.7,ok,ok,0,,0
31,Artturi Lehkonen,L,f1,COL,30,0.6857,18.483,40632,11.3774,353.0,39803.0,,-0.3664353220225571,instagram_followers,10,26|67|152|13|7|33|83|143|153|137,-0.16861818725772743,-0.19495777105936862,-0.19781713476482965,-0.24335687223390548,-0.15305027504410051,-0.01762297791339551,-0.06316271538247134,0.027143881807333597,0.025588678994434733,-0.019951058474641126,0.07035553871516381,5.791368244252188,0,-0.003042973123127846,-0.010906354546727195,0.004686954906428777,-0.003916217314087891,-0.014036158973882521,0.006031973734963022,-0.003916217314087891,-0.014036158973882521,0.006031973734963022,4.5,ok,ok,0,,0
32,Nathan MacKinnon,C,f1,COL,30,1.5875,22.267,521789,17.4528,498.0,120494.0,,0.9924394418821036,instagram_followers,10,52|8|43|133|147|157|72|41|82|127,0.9144603963302812,-0.19495777105936862,0.07797904555182245,-0.2015713510708852,0.4292123632019001,0.2981705369227532,0.018620140300045555,0.6494038545728309,0.41186056244879576,0.132310165826088,0.7630938800988732,10.699741190159838,0,0.027867079364215817,0.0017402421207318379,0.060693417067887966,0.023664328327202635,0.0014777889127020282,0.051539988458161184,0.023664328327202635,0.0014777889127020282,0.051539988458161184,12.6,ok,ok,1,,0
33,Valeri Nichushkin,R,f1,COL,31,0.6806,17.733,46833,32.0566,,,,0.09316687000348983,reddit_mentions_12mo|reddit_upvotes_12mo|instagram_followers,10,7|26|152|31|141|13|76|136|153|36,-0.2405438929265462,-0.19495777105936862,0.33371076293003604,0.29661257031053967,0.374446525644068,0.4467266623802735,0.4096284697607771,0.4874624250943054,0.28820442912016103,0.25110623650066466,0.328940191834193,5.291817827389236,0,0.08441837511263496,0.0774078933028711,0.09211625210741602,0.07293496528657527,0.06687811751196361,0.07958570205621313,0.07293496528657527,0.06687811751196361,0.07958570205621313,6.125,ok,ok,0,,0
34,Cale Makar,D,d1,COL,27,1.0533,24.85,415202,17.3962,495.0,100642.0,,0.7758390734110221,instagram_followers,10,14|9|54|95|154|139|39|75|129|4,-0.0038763893353704615,-0.19495777105936862,0.7797154627463926,0.6003950517227657,0.9993323907307943,0.9916014415979776,0.8122810305743507,1.2112183695823793,0.9881300797678856,0.8088096687442589,1.2077470077522874,8.310145028216706,0,0.11932420411810403,0.09774571055213702,0.1457517727391934,0.11017793795533085,0.09025344784159453,0.1345798188424866,0.11017793795533085,0.09025344784159453,0.1345798188424866,9.0,ok,ok,1,,1
35,Devon Toews,D,d1,COL,32,0.3529,22.367,154117,9.6415,439.0,67520.0,,0.07268315327886692,instagram_followers,10,134|80|125|45|140|25|119|60|10|145,-0.3776963286054432,-0.19495777105936862,0.45037948188431015,0.33207456212734354,0.5837626620391666,0.5476410533013492,0.4293361335443827,0.6810242334562058,0.5136991077234031,0.3953941879664365,0.6470822878782596,5.791599466764668,0,0.09455782576885882,0.07413084002237133,0.11758828236729617,0.07553669700708264,0.05921877704060451,0.09393437702844218,0.07553669700708264,0.05921877704060451,0.09393437702844218,7.25,ok,ok,0,,0
36,Mason Marchment,L,f1,CBJ,30,0.4483,16.95,89690,13.3396,,,,-0.40661925600208587,reddit_mentions_12mo|reddit_upvotes_12mo|instagram_followers,10,28|141|16|136|31|33|83|7|26|152,-0.18385731653373644,-0.6207874342944903,-0.22276193946834943,-0.265719500750643,-0.1758759308566382,-0.017214545320695107,-0.06017210660298867,0.029671463291016102,0.5739993390061613,0.5310417777238676,0.6208853476178725,4.151600666447066,0,-0.004146483899528634,-0.014493712530999249,0.007146993575470471,-0.003825454515710024,-0.013371579245108593,0.00659365850911469,-0.003825454515710024,-0.013371579245108593,0.00659365850911469,4.5,ok,ok,0,,0
37,Adam Fantilli,C,f1,CBJ,21,0.7195,18.9,79275,26.1509,371.0,16091.0,,-0.1508314113391181,instagram_followers,10,111|131|151|71|102|91|42|97|38|27,0.02100484655013568,-0.6207874342944903,-0.17183625788925377,-0.2122976515859146,-0.12549228694282966,0.15203901637234085,0.11157762267568011,0.198382987318765,0.7770748257269102,0.7366134320302496,0.8234187966733345,6.153520551239677,1,0.02470764745259709,0.01813232307369184,0.0322389412153339,0.16004106986562194,0.11745012913229486,0.20882419717764739,0.02470764745259709,0.01813232307369184,0.0322389412153339,0.95,ok,ok,0,,0
38,Kirill Marchenko,R,f1,CBJ,25,0.8816,18.95,25872,27.2453,388.0,19439.0,,-0.132519447979559,instagram_followers,10,102|121|81|46|131|122|126|91|71|151,-0.09223696168496436,-0.6207874342944903,-0.04028248629459465,-0.07985650457129176,0.0024801452424600395,0.2883043835201256,0.2487303652434285,0.3310670150571802,1.1877490457925128,1.1481750275158158,1.2305116773295675,6.6277467798582546,0,0.04349960749802386,0.037528646386932124,0.04995166925557477,0.07488425545977288,0.06460528967361778,0.08599143248238449,0.07488425545977288,0.06460528967361778,0.08599143248238449,3.85,ok,ok,0,,0
39,Zach Werenski,D,d1,CBJ,28,1.08,26.617,188558,7.8491,465.0,45083.0,,0.04041050927714437,instagram_followers,10,44|9|159|34|139|49|69|149|4|14,0.03640128452538665,-0.6207874342944903,0.004009224751757717,-0.11654115840882553,0.1449641409863175,0.058004735929624435,-0.06254564723095886,0.19895965216418418,0.13220445391722135,0.011654070756637928,0.27315937015178104,9.100519444831935,0,0.006373782978131491,-0.006872755737748324,0.02186245009093088,0.006052689149836115,-0.006526525020708824,0.020761079394799722,0.006052689149836115,-0.006526525020708824,0.020761079394799722,9.5833,ok,ok,0,,0
40,Ivan Provorov,D,d1,CBJ,29,0.378,24.817,54790,12.6792,,,,-0.5003925007982287,reddit_mentions_12mo|reddit_upvotes_12mo|instagram_followers,10,104|144|94|74|160|140|45|49|80|149,-0.4362148469991567,-0.6207874342944903,-0.06417765379907203,-0.08258768519322704,-0.04449276961171195,0.17749490679989743,0.15908487540574248,0.19717979098725746,0.552754556421249,0.534344525027094,0.572439440608609,6.862160052286367,0,0.025865748605026904,0.02318291532018957,0.02873436199168222,0.020881753741164404,0.018715867694793234,0.023197622469089112,0.020881753741164404,0.018715867694793234,0.023197622469089112,8.5,ok,ok,0,,0
41,Jason Robertson,L,f1,DAL,26,1.1707,20.25,242934,37.3774,499.0,59954.0,,0.7338224366566426,instagram_followers,10,72|126|82|122|138|22|43|12|147|46,0.8008373383291991,0.49439356348623864,-0.06701490167255653,-0.28082664458977147,0.24971724734272893,-0.12303608699349367,-0.33684782991070905,0.19369606202179163,-0.5516582114284467,-0.7654699543456621,-0.2349260624131615,8.257562475491767,0,-0.014899806977986737,-0.04079264685074618,0.023456808543280968,-0.015875624128192732,-0.043464236117510845,0.02499304026087634,-0.015875624128192732,-0.043464236117510845,0.02499304026087634,7.75,ok,ok,0,,0
42,Wyatt Johnston,C,f1,DAL,23,1.0488,20.117,60788,35.1132,484.0,99873.0,,0.6501905256148296,instagram_followers,10,97|131|71|46|38|82|27|41|72|102,0.7733570654597182,0.49439356348623864,-0.12316653984488857,-0.2932063615845702,0.1407473205881365,-0.015512313554269352,-0.185552135293951,0.24840154687875557,-0.0004209012291186698,-0.1704607229688004,0.26349295920390625,7.839167628705786,0,-0.001978821513838501,-0.023669877221975534,0.03168723500300575,-0.0018467039945558753,-0.022089539915946546,0.029571612723661378,-0.0018467039945558753,-0.022089539915946546,0.029571612723661378,8.4,ok,ok,0,,0
43,Mikko Rantanen,R,f1,DAL,29,1.2031,20.183,157649,30.9434,,,,0.28983217538264383,reddit_mentions_12mo|reddit_upvotes_12mo|instagram_followers,10,8|138|133|12|147|41|127|22|126|48,0.20761229067825443,0.49439356348623864,0.0822198847043894,0.03743900191755947,0.12857513900203002,-0.06614250748449606,-0.11092339027132596,-0.019787253186855362,-0.5720227646567448,-0.6168036474435747,-0.5256675103591042,8.30249325005498,0,-0.007966583710749545,-0.013360250581425216,-0.002383290487676618,-0.005511875623708005,-0.00924361585594383,-0.00164893776557128,-0.005511875623708005,-0.00924361585594383,-0.00164893776557128,12.0,ok,ok,0,,0
44,Miro Heiskanen,D,d1,DAL,26,0.8182,25.467,41866,26.9811,395.0,41365.0,,0.0007931537869383068,instagram_followers,10,49|139|4|99|149|144|70|39|159|9,-0.3617367623709339,0.49439356348623864,0.36252991615787217,0.32184127900494525,0.4103334060892306,0.15054955269111922,0.1098609155381922,0.19835304262247744,-0.5850274978535982,-0.6257161350065251,-0.5372240079222399,8.066992380918416,0,0.018662414141759655,0.01361857187296422,0.02458822734129014,0.017816515111375057,0.013001291779667717,0.023473732854731057,0.017816515111375057,0.013001291779667717,0.023473732854731057,8.45,ok,ok,0,,0
45,Esa Lindell,D,d1,DAL,32,0.3902,23.233,20069,11.434,,,,-0.6122069052696215,reddit_mentions_12mo|reddit_upvotes_12mo|instagram_followers,10,140|80|134|94|74|35|125|104|160|60,-0.4071643812902085,0.49439356348623864,-0.20504252397941303,-0.23856758175912574,-0.16544876194557054,-0.19186415277239754,-0.22538921055211025,-0.15227039073855522,-0.6737264618051809,-0.7072515195848936,-0.6341326997713382,6.230388488500374,0,-0.03079489395027731,-0.03617578758822476,-0.02443995121967202,-0.036545552909028105,-0.042931278200401955,-0.029003883950200995,-0.036545552909028105,-0.042931278200401955,-0.029003883950200995,5.25,ok,ok,0,,0
46,Lucas Raymond,L,f1,DET,24,0.95,18.8,77595,19.2264,451.0,62812.0,,0.15378398271496901,instagram_followers,10,121|122|38|71|102|131|126|81|42|97,0.052675830309685236,0.3447690434325397,0.10110815240528379,0.049949491409856994,0.15700420993196915,0.14698233716180836,0.09582367616638157,0.20287839468849372,0.050364066116041384,-0.0007945948793853922,0.10626012364272677,6.717060642216748,0,0.02188194286024811,0.014265715507186203,0.030203448427039994,0.018202147016942213,0.011866709122771713,0.025124259404147833,0.018202147016942213,0.011866709122771713,0.025124259404147833,8.075,ok,ok,0,,0
47,Dylan Larkin,C,f1,DET,29,0.9054,20.183,233582,8.9245,,,,-0.2447682790920978,reddit_mentions_12mo|reddit_upvotes_12mo|instagram_followers,10,137|148|67|132|57|156|13|103|87|142,0.0421188233041484,0.3447690434325397,-0.2868871023962462,-0.46893463619555154,-0.06427686098134007,-0.2771766123356092,-0.4592241461349145,-0.054566370920702996,-0.8322431554761109,-1.0142906892754162,-0.6096329140612048,7.491027265552772,0,-0.03700114850872272,-0.06130322716173265,-0.0072842307184789665,-0.03185938072823095,-0.05278438461320857,-0.006271996657552069,-0.03185938072823095,-0.05278438461320857,-0.006271996657552069,8.7,ok,ok,0,,0
48,Alex DeBrincat,R,f1,DET,28,1.0366,18.5,84753,35.5094,,,,0.28118820925536225,reddit_mentions_12mo|reddit_upvotes_12mo|instagram_followers,10,138|3|98|133|12|73|122|23|43|22,0.26497642309756986,0.3447690434325397,0.016211786157792396,-0.026156439719467437,0.06390924309520078,-0.033512594062243134,-0.07588081993950302,0.01418486287516523,-0.4645834992952507,-0.5069517251725106,-0.4168860423578423,6.7588539953448485,0,-0.004958324900245646,-0.011226876626091618,0.0020987082847084776,-0.004255567499967382,-0.009635659674857527,0.0018012524285924102,-0.004255567499967382,-0.009635659674857527,0.0018012524285924102,7.875,ok,ok,0,,0
49,Moritz Seider,D,d1,DET,25,0.7317,25.667,77940,11.6415,383.0,65497.0,,-0.12640119296332783,instagram_followers,10,44|144|70|4|69|99|149|139|104|124,-0.17429336055954375,0.3447690434325397,0.04789216759621592,-0.04838993661888778,0.14806960257831728,-0.046970435732899274,-0.14325253994800305,0.05320699924920205,-0.3928400338059781,-0.4891221380210818,-0.29266259882387674,7.966314124826161,0,-0.005896131510370771,-0.017982286124215454,0.006678998394425368,-0.005493618214374184,-0.016754683034854154,0.006223040847859889,-0.005493618214374184,-0.016754683034854154,0.006223040847859889,8.55,ok,ok,0,,0
50,Simon Edvinsson,D,d1,DET,23,0.3472,22.35,40891,8.0755,244.0,27862.0,,-0.7481082706272572,instagram_followers,10,105|19|84|124|29|130|15|24|115|70,-0.33441006167480597,0.3447690434325397,-0.4136982089524512,-0.48024319964409673,-0.35416346126360787,-0.41782793471565915,-0.48437292540730476,-0.3582931870268158,-0.8662317252020293,-0.932776715893675,-0.8066969775131858,5.772434651521366,1,-0.07238331136508191,-0.08391137442840428,-0.06206968266542178,-0.46726452104189126,-0.5416829852463707,-0.4006857381199013,-0.07238331136508191,-0.08391137442840428,-0.06206968266542178,0.8942,ok,ok,0,,0
51,Zach Hyman,L,f1,EDM,33,0.8966,19.983,140006,6.4151,,,,-0.5194604476673214,reddit_mentions_12mo|reddit_upvotes_12mo|instagram_followers,10,108|153|77|92|137|2|61|13|26|47,-0.1856793755310741,-0.2936320402463545,-0.33378107213624725,-0.3848822885248628,-0.27414465705858,-0.08428305489443272,-0.1353842712830483,-0.024646639816765497,0.013400524625947652,-0.03770069176266792,0.07303693970361498,7.337533985904166,0,-0.011486564158523206,-0.01845092255015506,-0.0033589813504255163,-0.015324191798987767,-0.024615322051463332,-0.004481207239411908,-0.015324191798987767,-0.024615322051463332,-0.004481207239411908,5.5,ok,ok,0,,0
52,Connor McDavid,C,f1,EDM,29,1.6829,22.983,1264375,26.0566,499.0,128425.0,,1.973616412788004,instagram_followers,10,32|8|43|72|147|82|157|41|133|127,0.8163426992396913,-0.2936320402463545,1.1572737135483129,0.6437193820482964,1.7280651379231542,1.3774652049192437,0.8639108734192272,1.9482566292940848,1.5996969265509704,1.0861425950509542,2.1704883509258113,11.423413844589563,0,0.1205826229933575,0.0756263307249784,0.17054942207287987,0.1101972163935395,0.06911286987353818,0.15586053034352676,0.1101972163935395,0.06911286987353818,0.15586053034352676,12.5,ok,ok,1,4.0,0
53,Vasily Podkolzin,R,f1,EDM,24,0.4512,15.383,60946,25.3962,,,,-0.08705951764751266,reddit_mentions_12mo|reddit_upvotes_12mo|instagram_followers,10,58|113|18|101|88|93|78|136|11|91,-0.36324894228935783,-0.2936320402463545,0.27618942464184515,0.252934354142205,0.30075353536097243,0.6079341160243187,0.5846790455246783,0.6324982267434459,0.5974686526978195,0.5742135821981793,0.6220327634169467,3.1448229703986104,0,0.1933126671188306,0.18591795183007376,0.20112363484271928,0.6079341160243187,0.5846790455246783,0.6324982267434459,0.6079341160243187,0.5846790455246783,0.6324982267434459,1.0,ok,ok,0,,0
54,Evan Bouchard,D,d1,EDM,26,1.1585,24.683,107694,30.5094,496.0,65545.0,,0.4949186962369854,instagram_followers,10,34|95|14|75|9|129|154|139|39|99,0.05257290459518571,-0.2936320402463545,0.4423457916417997,0.37783812683885065,0.5095323116598867,0.6542317704933848,0.5897241056904355,0.7214182905114718,0.7352467046228833,0.6707390398199342,0.8024332246409703,8.464242327313263,0,0.07729360115107342,0.06967240337477754,0.08523128977339497,0.062307787666036646,0.05616420054194624,0.06870650385823542,0.062307787666036646,0.05616420054194624,0.06870650385823542,10.5,ok,ok,0,,0
55,Darnell Nurse,D,d1,EDM,31,0.2927,20.967,154897,25.9245,,,,0.12603160125394205,reddit_mentions_12mo|reddit_upvotes_12mo|instagram_followers,10,155|90|25|10|145|135|85|115|100|119,-0.35762839504976185,-0.2936320402463545,0.48365999630370393,0.40717370704129896,0.5683541731986066,0.6642332035343503,0.5877469142719455,0.748927380429253,0.8046798872835885,0.7281935980211836,0.8893740641784912,5.082453653640032,0,0.1306914433068424,0.11564235590244952,0.14735547659994389,0.07180899497668652,0.06354020694831844,0.0809651222085679,0.07180899497668652,0.06354020694831844,0.0809651222085679,9.25,ok,ok,0,,0
56,Brad Marchand,L,f1,FLA,38,1.0385,17.733,1052785,12.1132,,,,1.5686268484572805,reddit_mentions_12mo|reddit_upvotes_12mo|instagram_followers,10,107|68|6|21|146|133|116|76|98|118,0.15248351202555202,0.9013327804770386,1.4161433364317284,0.7007074602109485,2.2727935410565876,0.9990489959712008,0.2836131197504207,1.8556992005960598,0.24430930035544518,-0.4711265758653349,1.1009595049803043,6.267376026426321,0,0.15940466819905522,0.04525229036116058,0.296088696891893,0.1902950468516573,0.05402154661912775,0.3534665143992495,0.1902950468516573,0.05402154661912775,0.3534665143992495,5.25,ok,ok,1,,0
57,Sam Reinhart,C,f1,FLA,30,0.9531,21.283,237380,6.434,,,,-0.3152528106004211,reddit_mentions_12mo|reddit_upvotes_12mo|instagram_followers,10,87|132|47|66|156|92|137|67|143|148,0.010559179753921894,0.9013327804770386,-0.325811990354343,-0.5184802533747911,-0.013769536004950378,-0.5383799107842434,-0.7310481738046916,-0.22633745643485081,-1.1656712871489552,-1.3583395501694033,-0.8536288327995626,8.333332254613882,0,-0.06460559765706698,-0.08772579221234521,-0.027160498288009035,-0.062420859221361556,-0.08475920855706569,-0.026242023934475455,-0.062420859221361556,-0.08475920855706569,-0.026242023934475455,8.625,ok,ok,0,,0
58,Mackie Samoskevich,R,f1,FLA,23,0.4156,14.467,60715,18.0566,,,,-0.3186678434758252,reddit_mentions_12mo|reddit_upvotes_12mo|instagram_followers,10,53|93|11|113|78|101|18|123|88|136,-0.33331670856299045,0.9013327804770386,0.01464886508716523,-0.013046212217955691,0.043379999854305795,-0.24392063012091736,-0.27161570742603836,-0.2151894953537768,-1.192660345227374,-1.220355422532495,-1.1639292104602335,2.4546458389297934,1,-0.09937100752068774,-0.11065372573033211,-0.08766620908847597,-0.31473629693021593,-0.3504718805497269,-0.27766386497261525,-0.09937100752068774,-0.11065372573033211,-0.08766620908847597,0.775,ok,ok,0,,0
59,Seth Jones,D,d1,FLA,31,0.6154,23.7,162506,22.6604,,,,0.03915520508155301,reddit_mentions_12mo|reddit_upvotes_12mo|instagram_followers,10,149|159|150|119|100|35|45|139|94|74,-0.46326384949271054,0.9013327804770386,0.5024190545742635,0.41230692888484805,0.627476614348713,0.24745929421409962,0.15734716852468408,0.37251685398854917,-0.5666995859177575,-0.6568117116071731,-0.44164202614330794,6.902595635962835,0,0.035850179738883374,0.022795362327889847,0.05396764835067543,0.026048346759378907,0.016562859844703588,0.03921230041984728,0.026048346759378907,0.016562859844703588,0.03921230041984728,9.5,ok,ok,0,,0
60,Gustav Forsling,D,d1,FLA,29,0.35,22.633,47362,12.2075,,,,-0.5307786271932755,reddit_mentions_12mo|reddit_upvotes_12mo|instagram_followers,10,145|160|134|80|35|94|140|45|25|105,-0.27191696293474865,0.9013327804770386,-0.25886166425852686,-0.28232537004319347,-0.22958911281921268,-0.5399650714994986,-0.5634287772841652,-0.5106925200601843,-1.299597446091527,-1.3230611518761937,-1.2703248946522128,5.895884404967922,0,-0.09158338841319878,-0.09556306375501787,-0.08661847569973903,-0.09390696895643454,-0.09798761344072439,-0.08881609044524945,-0.09390696895643454,-0.09798761344072439,-0.08881609044524945,5.75,ok,ok,0,,0
61,Artemi Panarin,L,f1,LA,34,1.0962,20.917,215641,9.1887,363.0,44596.0,,-0.16563503705543542,instagram_followers,10,157|108|51|77|127|92|153|137|76|148,-0.15544036995232716,1.076626511620055,-0.010194667103108263,-0.08372589710505071,0.07515221339677337,-0.4130277384374095,-0.48655896843935187,-0.3276808579375278,-1.468879419537041,-1.5424106495389833,-1.3835325390371593,8.48639531569432,0,-0.04866939649553873,-0.05733399757368523,-0.038612490432955796,-0.03547464449900021,-0.04179018701864243,-0.02814426456789355,-0.03547464449900021,-0.04179018701864243,-0.02814426456789355,11.6429,ok,ok,0,,0
62,Anze Kopitar,C,f1,LA,38,0.5672,19.117,311085,12.7925,435.0,91827.0,,0.39738750120459804,instagram_followers,10,17|118|2|16|117|77|108|28|51|92,-0.1423088558211122,1.076626511620055,0.5396963570257103,0.382005589313382,0.7084915715012492,0.1565831086884415,-0.0011076590238867528,0.32537832316398024,-0.5820051273539226,-0.7396958950662509,-0.41320991287838377,5.87889802314611,0,0.02663477203924105,-0.00018841269563202691,0.055346822122601315,0.022369015526920215,-0.00015823700341239326,0.04648261759485432,0.022369015526920215,-0.00015823700341239326,0.04648261759485432,7.0,ok,ok,0,,0
63,Quinton Byfield,R,f1,LA,23,0.6203,20.017,75890,27.9057,,,,0.02321351107613243,reddit_mentions_12mo|reddit_upvotes_12mo|instagram_followers,10,37|111|132|142|143|151|83|86|131|67,-0.10326647898065947,1.076626511620055,0.1264799900567919,0.0704962990814592,0.17492067751721743,-0.1917474234717862,-0.24773111444711884,-0.14330673601136065,-0.7991176656658605,-0.8551013566411931,-0.750676978205435,6.606415869541924,0,-0.029024425234235457,-0.037498564931289446,-0.02169205494193287,-0.03067958775548579,-0.03963697831153901,-0.022929077761817702,-0.03067958775548579,-0.03963697831153901,-0.022929077761817702,6.25,ok,ok,0,,0
64,Drew Doughty,D,d1,LA,36,0.3194,23.083,124008,16.3396,293.0,39585.0,,-0.3466541179797978,instagram_followers,10,140|125|45|74|80|134|35|94|104|160,-0.4153072090978432,1.076626511620055,0.0686530911180454,-0.010198360370302834,0.16156111536382597,-0.22963197259138757,-0.30848342407973567,-0.1367239483456068,-1.022957716540619,-1.1018091680289672,-0.9300496922948385,6.017734321980257,0,-0.038159207486551605,-0.051262386734651146,-0.02272017025514264,-0.020875633871944323,-0.028043947643612333,-0.012429449849600616,-0.020875633871944323,-0.028043947643612333,-0.012429449849600616,11.0,ok,ok,0,,0
65,Mikey Anderson,D,d1,LA,27,0.25,20.567,13548,14.8679,325.0,27018.0,,-0.4688426133436196,instagram_followers,10,115|130|29|155|55|24|90|145|20|19,-0.5730171308502726,1.076626511620055,0.10417451750665302,0.06934079727123091,0.13766119753248526,-0.2519514313123712,-0.2867851515477933,-0.21846475128653892,-0.9404347239671605,-0.9752684442025825,-0.906948043941328,4.825680601809701,0,-0.052210548542704155,-0.059428954216374105,-0.04527128281233769,-0.06107913486360514,-0.06952367310249535,-0.05296115182703974,-0.06107913486360514,-0.06952367310249535,-0.05296115182703974,4.125,ok,ok,0,,0
66,Kirill Kaprizov,L,f1,MIN,29,1.141,22.15,214161,13.5283,499.0,68083.0,,0.3531932690403507,instagram_followers,10,156|57|132|47|147|87|148|92|137|82,0.5121965702881177,0.24074761663855543,-0.15900330124776701,-0.3280027682549475,0.11541284210371759,0.028913528898027896,-0.14008593810915262,0.3033296722495125,-0.23451335994764677,-0.40351282695482726,0.03990278340383781,9.406917271575418,0,0.0030736454954690615,-0.014891800795617267,0.0322453853363922,0.0032126143220030995,-0.01556510423435029,0.0337032969166125,0.0032126143220030995,-0.01556510423435029,0.0337032969166125,9.0,ok,ok,1,,0
67,Joel Eriksson Ek,C,f1,MIN,29,0.7286,19.083,48071,22.1509,,,,-0.21617666589607262,reddit_mentions_12mo|reddit_upvotes_12mo|instagram_followers,10,31|143|142|83|47|137|13|26|152|103,-0.18647423704036456,0.24074761663855543,-0.029702428855708063,-0.07512342901487747,0.015589719342012313,0.040818237548708725,-0.004602762610460679,0.0861103857464291,-0.2107196202620877,-0.25614062042125724,-0.16542747206436748,6.296823524058891,0,0.006482353744352288,-0.0007309657945588681,0.013675210273468632,0.007774902390230233,-0.0008767166877067961,0.016401978237415064,0.007774902390230233,-0.0008767166877067961,0.016401978237415064,5.25,ok,ok,0,,0
68,Mats Zuccarello,R,f1,MIN,38,0.9153,18.65,97952,20.8679,386.0,28867.0,,-0.11915250941831806,instagram_followers,10,107|118|56|108|77|76|61|17|51|153,0.256531640025219,0.24074761663855543,-0.37568414944353706,-0.4973616613050962,-0.24303109286288518,-0.3739317611415341,-0.49560927300309315,-0.2412787045608822,-0.7660667242123138,-0.8877442360738728,-0.6334136676316618,6.525346143802053,0,-0.05730450966140768,-0.07595141500253377,-0.03697561772873231,-0.09065012391309918,-0.1201477025462044,-0.05849180716627447,-0.09065012391309918,-0.1201477025462044,-0.05849180716627447,4.125,ok,ok,0,,0
69,Quinn Hughes,D,d1,MIN,26,0.8846,27.433,1525249,10.3019,500.0,98183.0,,1.8597359633569586,instagram_followers,10,49|144|44|39|40|70|104|159|149|99,-0.28841827447686275,0.24074761663855543,2.1481542378338214,1.5330814315676862,2.8537164752860074,2.1105034192413976,1.4954306129752624,2.8160656566935836,1.655996757162194,1.0409239508960588,2.36155899461438,9.02431205299184,0,0.2338686214359908,0.16571131452391216,0.31205322246807393,0.268853938756866,0.19050071502869584,0.3587344785596922,0.268853938756866,0.19050071502869584,0.3587344785596922,7.85,ok,ok,0,,0
70,Brock Faber,D,d1,MIN,23,0.6375,24.683,149984,16.1321,165.0,19141.0,,-0.7376085158611125,instagram_followers,10,99|4|49|124|44|84|105|89|15|139,-0.13482121018966745,0.24074761663855543,-0.6027873056714451,-0.6746978679720419,-0.5286594744447509,-0.528546369373263,-0.6004569316738598,-0.45441853814656874,-0.8187457420287139,-0.8906563043293106,-0.7446179108020196,7.357679958969577,0,-0.07183600976404586,-0.08160954744190207,-0.06176111772741592,-0.062181925808619185,-0.07064199196163057,-0.05346100448783162,-0.062181925808619185,-0.07064199196163057,-0.05346100448783162,8.5,ok,ok,0,,0
71,Juraj Slafkovský,L,f1,MON,22,0.8902,18.533,294223,16.1698,,,,0.11018996649170822,reddit_mentions_12mo|reddit_upvotes_12mo|instagram_followers,10,131|46|121|38|102|42|91|97|123|122,-0.0776195951432288,1.5281158875171725,0.187809561634937,0.04050453056621217,0.3744231534923034,-0.3953875322272861,-0.542692563296011,-0.20877394036991978,-1.1460419028102125,-1.2933469338789374,-0.9594283109528462,6.381167726961775,0,-0.06196162664032332,-0.0850459643934794,-0.03271719993941015,-0.05202467529306397,-0.07140691622315935,-0.027470255311831553,-0.05202467529306397,-0.07140691622315935,-0.027470255311831553,7.6,ok,ok,0,,0
72,Nick Suzuki,C,f1,MON,26,1.2317,20.817,656708,34.4906,498.0,142770.0,,1.519556957747826,instagram_followers,10,41|82|126|147|43|97|122|22|42|138,0.6934802670216618,1.5281158875171725,0.8260766907261643,0.4428066426031567,1.2553194670350654,0.20898945319089834,-0.17428059493210923,0.6382322294997993,-0.6611292167280755,-1.0443992648510831,-0.23188644041917444,8.790985898684456,0,0.02377315304557285,-0.01982492031504564,0.07260075682697986,0.026538343262336297,-0.022130869197728158,0.08104536247616498,0.026538343262336297,-0.022130869197728158,0.08104536247616498,7.875,ok,ok,0,,0
73,Cole Caufield,R,f1,MON,25,1.0864,18.183,450789,18.2075,499.0,132715.0,,0.9878934463451997,instagram_followers,10,96|23|48|138|1|98|122|3|133|46,0.18631472863205192,1.5281158875171725,0.8015787177131478,0.6407005381396548,0.9774528129065081,0.09353234724387921,-0.06734583232961379,0.26940644243723955,-0.8742666038683091,-1.0351447834418022,-0.6983925086749488,6.689330444313923,0,0.013982318263763414,-0.010067649204990198,0.040274052041522464,0.011914948693487798,-0.008579086920969911,0.0343192920302216,0.011914948693487798,-0.008579086920969911,0.0343192920302216,7.85,ok,ok,0,,0
74,Mike Matheson,D,d1,MON,32,0.4744,24.167,93254,22.5849,413.0,51877.0,,0.07907178222948122,instagram_followers,10,104|45|94|140|80|144|159|149|64|134,-0.48489232953511835,1.5281158875171725,0.5639641117645996,0.4920708032331347,0.6449094651748128,0.02330047658456369,-0.04859283194690128,0.10424582999477697,-1.0045635038675804,-1.0764568123990454,-0.9236181504573672,6.797023245445533,0,0.0034280413267935477,-0.007149134288964185,0.015336983004233326,0.004779584940423321,-0.009967760399364365,0.02138375999892861,0.004779584940423321,-0.009967760399364365,0.02138375999892861,4.875,ok,ok,0,,0
75,Lane Hutson,D,d1,MON,22,0.9512,23.767,403372,27.3774,,,,0.6913536779744749,reddit_mentions_12mo|reddit_upvotes_12mo|instagram_followers,10,14|54|95|34|99|154|9|4|24|139,-0.06874180598811051,1.5281158875171725,0.7600954839625854,0.5601073400877541,0.9495513768030119,0.11384692954860987,-0.08614121432622145,0.30330282238903644,-0.9390709488485879,-1.1390590927234192,-0.7496150560081614,7.643626681819702,1,0.014894360267409942,-0.011269678375463778,0.039680486111447526,0.11983887320906302,-0.09067496244865415,0.31926612883056465,0.014894360267409942,-0.011269678375463778,0.039680486111447526,0.95,ok,ok,0,,0
76,Filip Forsberg,L,f1,NAS,31,0.9146,18.883,97959,23.5283,,,,-0.06848452752248231,reddit_mentions_12mo|reddit_upvotes_12mo|instagram_followers,10,13|103|127|153|26|12|7|3|137|152,-0.02128131006474384,-0.7247688933729698,-0.04720321745773847,-0.09530022002689094,-0.004043190422560127,0.10032978512697875,0.05223278255782629,0.1434898121621571,0.5037049395313773,0.4556079369622249,0.5468649665665557,6.674313024998227,0,0.015032226500495217,0.00782594139085051,0.021498813679359186,0.011803504132585735,0.006145033242097211,0.01688115437201848,0.011803504132585735,0.006145033242097211,0.01688115437201848,8.5,ok,ok,0,,0
77,Ryan O'Reilly,C,f1,NAS,35,0.9136,20.4,102791,31.4906,330.0,20009.0,,-0.12267056323993177,instagram_followers,10,108|51|92|2|61|153|118|137|87|26,-0.22637944872237892,-0.7247688933729698,0.10370888548244715,0.06383958320441571,0.15072151065924044,0.410697294978711,0.37082799270067957,0.45770992015550427,1.1322998293208775,1.092430527042846,1.1793124544976705,7.653893116742387,0,0.05365861382102889,0.04844959121385139,0.0598009291708417,0.09126606555082467,0.08240622060015101,0.10171331559011206,0.09126606555082467,0.08240622060015101,0.10171331559011206,4.5,ok,ok,0,,0
78,Luke Evangelista,R,f1,NAS,24,0.6914,16.617,50996,27.717,,,,-0.03478291828354561,reddit_mentions_12mo|reddit_upvotes_12mo|instagram_followers,10,113|123|11|91|18|121|101|93|53|1,-0.23389488588374108,-0.7247688933729698,0.19911196760019548,0.1746993628482957,0.2243102321718543,0.41106117553274063,0.38664857078084086,0.4362594401043994,0.8512016248117906,0.8267890200598909,0.8763998893834494,4.598610709333694,0,0.08938812209053036,0.08407943077157394,0.09486766062170335,0.13702039184424689,0.12888285692694695,0.14541981336813314,0.13702039184424689,0.12888285692694695,0.14541981336813314,3.0,ok,ok,0,,0
79,Roman Josi,D,d1,NAS,35,0.8088,24.883,72764,20.4151,,,,-0.21920337858290953,reddit_mentions_12mo|reddit_upvotes_12mo|instagram_followers,10,159|59|109|74|119|149|5|39|64|45,-0.23976389600489628,-0.7247688933729698,0.02056051742198675,-0.012000660207692745,0.052566684895214405,0.220583954577012,0.18802277694733247,0.25259012205023973,0.6928008609242132,0.6602396832945336,0.7248070283974408,7.80454830279863,0,0.028263513276983995,0.024091436128329098,0.03236447674488266,0.02434970245910277,0.020755356766456835,0.027882781990312366,0.02434970245910277,0.020755356766456835,0.027882781990312366,9.059,ok,ok,0,,0
80,Brady Skjei,D,d1,NAS,32,0.3171,22.617,37750,30.6226,358.0,13264.0,,-0.16869545820940107,instagram_followers,10,134|140|125|45|35|160|94|60|74|145,-0.4479255712701091,-0.7247688933729698,0.27923011306070805,0.24518379607306393,0.31990388115584273,0.5474786361817905,0.5134323191941464,0.5881524042769252,1.1179322617733412,1.083885944785697,1.1586060298684757,5.819364167360399,0,0.09407877225702493,0.08822825044596475,0.10106815579195912,0.07821123374025578,0.07334747417059234,0.08402177203956075,0.07821123374025578,0.07334747417059234,0.08402177203956075,7.0,ok,ok,0,,0
81,Jesper Bratt,L,f1,NJ,27,0.8659,18.767,28331,21.4528,,,,-0.27943699496047797,reddit_mentions_12mo|reddit_upvotes_12mo|instagram_followers,10,103|38|102|22|12|126|122|148|152|13,0.1592842924370872,1.1028175313853776,-0.43872128739756516,-0.5171336499382444,-0.34490834113243646,-0.903657239390361,-0.9820696019310403,-0.8098442931252323,-1.80081728135,-1.8792296438906793,-1.7070043350848711,6.466453630694685,0,-0.13974541394697698,-0.15187143649641194,-0.12523777937277678,-0.11475012563687124,-0.12470725103886227,-0.10283737055558506,-0.11475012563687124,-0.12470725103886227,-0.10283737055558506,7.875,ok,ok,0,,0
82,Jack Hughes,C,f1,NJ,25,1.2623,21.317,2575475,3.8302,,,,4.491792283044662,reddit_mentions_12mo|reddit_upvotes_12mo|instagram_followers,10,72|41|97|42|147|126|156|122|22|43,0.44711315492441506,1.1028175313853776,4.044679128120246,1.0985007107997957,5.888081516948269,3.661505986457468,0.7153275691370167,5.504908375285489,2.9522165592187264,0.006038141898275123,4.795618948046748,9.198160842739524,0,0.3980693585443922,0.07776854323021033,0.5984792470367306,0.4576882483071835,0.08941594614212708,0.6881135469106862,0.4576882483071835,0.08941594614212708,0.6881135469106862,8.0,ok,ok,1,,0
83,Timo Meier,R,f1,NJ,29,0.5714,18.517,46667,23.6415,405.0,18648.0,,-0.12990536987567128,instagram_followers,10,143|67|142|31|16|117|28|36|26|141,-0.11818136201353457,1.1028175313853776,-0.011724007862136704,-0.03242415689923278,0.00891405406200879,-0.41203593661531523,-0.4327360856524113,-0.3913978746911698,-0.9855364123148537,-1.0062365613519497,-0.9648983503907081,5.501827183615031,0,-0.07489074499511685,-0.0786531585254333,-0.07113961628180365,-0.04682226552446764,-0.049174555187774,-0.044477031214905656,-0.04682226552446764,-0.049174555187774,-0.044477031214905656,8.8,ok,ok,0,,0
84,Luke Hughes,D,d1,NJ,22,0.5147,23.017,481642,11.434,,,,0.3529585380641227,reddit_mentions_12mo|reddit_upvotes_12mo|instagram_followers,10,50|124|105|15|130|24|70|29|4|19,-0.44120607720036176,1.1028175313853776,0.7941646152644845,0.362750066250856,1.3865900357690077,0.37310822112721564,-0.05830632788641284,0.9655336416317389,-0.27158682288709357,-0.703001371900722,0.3208385976174297,6.405132441563929,0,0.05825144515452276,-0.009103063585079639,0.15074374346519934,0.04145646901413507,-0.006478480876268093,0.10728151573685987,0.04145646901413507,-0.006478480876268093,0.10728151573685987,9.0,ok,ok,0,,0
85,Dougie Hamilton,D,d1,NJ,32,0.5065,21.533,56773,9.5472,428.0,29865.0,,-0.238051071197032,instagram_followers,10,135|114|10|120|25|119|55|100|150|155,-0.20314462383471926,1.1028175313853776,-0.03490644736231274,-0.06625863597307378,0.0011751406826865014,-0.5415523120925119,-0.5729045007032729,-0.5054707240475127,-1.5058157607700349,-1.5371679493807957,-1.4697341727250355,5.771553323852064,0,-0.09383129319007447,-0.09926348567822009,-0.08757966801737009,-0.060172479121390204,-0.063656055633697,-0.05616341378305697,-0.060172479121390204,-0.063656055633697,-0.05616341378305697,9.0,ok,ok,0,,0
86,Emil Heineman,L,f1,NYI,24,0.378,16.617,55280,10.0377,,,,-0.5825491937222719,reddit_mentions_12mo|reddit_upvotes_12mo|instagram_followers,10,88|18|151|113|111|91|53|142|141|83,-0.25812762602387523,1.494576888521526,-0.32442156769839664,-0.3526047932317756,-0.28638066489586184,-0.8121497310735807,-0.8403329566069596,-0.7741088282710459,-1.817107742218201,-1.84529096775158,-1.779066839415666,3.7443499114062777,0,-0.21690006283856067,-0.22442693030560093,-0.20674051479881891,-0.7383179373396187,-0.7639390514608724,-0.7037352984282234,-0.7383179373396187,-0.7639390514608724,-0.7037352984282234,1.1,ok,ok,0,,0
87,Bo Horvat,C,f1,NYI,31,0.8382,20.767,128386,14.0566,419.0,45050.0,,-0.03868424716999563,instagram_followers,10,57|132|92|47|117|143|67|51|137|83,-0.12281952586803539,1.494576888521526,0.08413527869803977,-0.0088142270734225,0.18368528767772893,-0.4116134054189877,-0.5045629111904499,-0.3120633964392985,-1.147110016541867,-1.2400595223133295,-1.047560007562178,7.686013184295603,0,-0.0535535648390526,-0.06564689639374999,-0.04060146514930784,-0.04842510651988091,-0.05936034249299411,-0.03671334075756453,-0.04842510651988091,-0.05936034249299411,-0.03671334075756453,8.5,ok,ok,0,,0
88,Simon Holmstrom,R,f1,NYI,25,0.519,16.733,16108,15.1509,291.0,12983.0,,-0.612243267966651,instagram_followers,10,18|113|91|86|151|136|53|101|141|78,-0.4268675311312248,1.494576888521526,-0.18537573683542619,-0.2047834172649248,-0.16354768804653302,-0.711398468776515,-0.7308061492060135,-0.6895704199876219,-1.752573022431239,-1.7719807028607373,-1.730744973642346,4.2037991961013335,0,-0.169227509590914,-0.17384420975287643,-0.16403505206127347,-0.19624785345559034,-0.20160169633269337,-0.19022632275520604,-0.19624785345559034,-0.20160169633269337,-0.19022632275520604,3.625,ok,ok,0,,0
89,Matthew Schaefer,D,d1,NYI,18,0.7195,24.683,691885,16.3396,248.0,19508.0,,0.05977287692773368,instagram_followers,10,84|70|99|124|4|50|49|105|15|75,-0.1410358230798498,1.494576888521526,0.20080870000758347,0.005762946828969203,0.4458621389375578,-0.3456318948566946,-0.5406776480353088,-0.10057845592672039,-1.1040036288316566,-1.2990493820102706,-0.8589501899016821,7.531841406578372,1,-0.04588942812242659,-0.07178558586789634,-0.013353767093246857,-0.3544942511350714,-0.5545411774721117,-0.10315739069407219,-0.04588942812242659,-0.07178558586789634,-0.013353767093246857,0.975,ok,ok,0,,0
90,Adam Pelech,D,d1,NYI,31,0.1951,20.883,15482,10.7547,0.0,0.0,,-1.4721455101221992,instagram_followers,10,145|155|55|25|10|35|115|134|60|65,-0.19191652898447065,1.494576888521526,-1.2802289811377285,-1.304218217117432,-1.2551209455329349,-1.8779159745583358,-1.9019052105380387,-1.852807938953542,-2.769860889162991,-2.7938501251426944,-2.744752853558197,4.84028190317139,0,-0.3879765708125204,-0.3929327358581936,-0.382789262282341,-0.3265940825318845,-0.3307661235718328,-0.3222274676440942,-0.3265940825318845,-0.3307661235718328,-0.3222274676440942,5.75,ok,ok,0,,0
91,Alexis Lafrenière,L,f1,NYR,24,0.6951,17.6,102698,22.9623,198.0,8045.0,,-0.6472434888872189,instagram_followers,10,18|151|102|113|121|88|131|38|78|71,-0.2144371507550536,1.8916231465636952,-0.43280633813216535,-0.4554535218528604,-0.40874107774598356,-1.1599334783734125,-1.1825806620941077,-1.1358682179872308,-2.3073836308085713,-2.330030814529266,-2.2833183704223896,5.2452199583866,0,-0.2211410555850553,-0.22545873604466776,-0.21655301912955763,-0.15569576890918288,-0.15873565934149095,-0.15246553261573567,-0.15569576890918288,-0.15873565934149095,-0.15246553261573567,7.45,ok,ok,0,,0
92,Mika Zibanejad,C,f1,NYR,33,0.963,20.9,170750,22.6038,450.0,41901.0,,0.20865343517009566,instagram_followers,10,51|77|108|61|153|87|57|137|47|2,-0.26667419374919293,1.8916231465636952,0.4753276289192886,0.3946549502093617,0.5441618441869919,-0.2563904511435751,-0.33706312985350195,-0.18755623587587175,-1.3128646359325353,-1.393537314642462,-1.2440304206648323,8.112312805535922,0,-0.031605099222580736,-0.04154957259827145,-0.023119946231348665,-0.030163582487479426,-0.039654485865117876,-0.02206543951480844,-0.030163582487479426,-0.039654485865117876,-0.02206543951480844,8.5,ok,ok,0,,0
93,Gabe Perreault,R,f1,NYR,21,0.551,15.983,73192,25.8302,,,,-0.04778596274584251,reddit_mentions_12mo|reddit_upvotes_12mo|instagram_followers,10,113|18|123|11|53|78|91|58|88|121,-0.30696719957427787,1.8916231465636952,0.25918123682843536,0.23403931169403724,0.2860643380032184,-0.4722536956752993,-0.49739562080969746,-0.4453705945005162,-1.7663144991528705,-1.7914564242872688,-1.7394313979780873,3.8053753765680156,1,-0.12410173739580312,-0.130708687472059,-0.11703723034603385,-0.5014905975101405,-0.5281890419557157,-0.4729431820118044,-0.12410173739580312,-0.130708687472059,-0.11703723034603385,0.9417,ok,ok,0,,0
94,Vladislav Gavrikov,D,d1,NYR,30,0.4268,23.733,42791,5.1132,151.0,8577.0,,-1.1169762974671145,instagram_followers,10,104|45|140|74|160|80|60|144|149|134,-0.3657132149587374,1.8916231465636952,-0.751263082508377,-0.7759431965810526,-0.7227787253321446,-1.500620396721151,-1.5253005107938267,-1.4721360395449188,-2.7371780562060337,-2.7618581702787095,-2.708693699029801,6.515726043731732,0,-0.23030747251333258,-0.23409524902619233,-0.22593584040586626,-0.21437434238873587,-0.21790007297054667,-0.210305148506417,-0.21437434238873587,-0.21790007297054667,-0.210305148506417,7.0,ok,ok,0,,0
95,Adam Fox,D,d1,NYR,28,0.9636,23.633,81630,44.434,200.0,52313.0,,-0.10826770495778998,instagram_followers,10,14|34|54|129|154|9|75|120|139|100,0.06909949025286584,1.8916231465636952,-0.1773671952106558,-0.266305621221674,-0.06685915243869416,-1.0058739469691031,-1.0948123729801214,-0.8953659041971416,-2.2840437974294456,-2.3729822234404634,-2.173535754657484,7.614325933574456,0,-0.13210282246177862,-0.14378322947178787,-0.11758964772562902,-0.10588146810201086,-0.11524340768211803,-0.09424904254706754,-0.10588146810201086,-0.11524340768211803,-0.09424904254706754,9.5,ok,ok,0,,0
96,Brady Tkachuk,L,f1,OTT,26,0.9833,16.967,660577,9.8113,,,,0.6760188333139857,reddit_mentions_12mo|reddit_upvotes_12mo|instagram_followers,10,23|73|98|48|21|116|1|3|138|146,0.07540843436218043,-0.30484070536019336,0.6006103989518052,0.10860001436905883,1.1986307014994386,0.6942546454992908,0.20224426091654446,1.2922749480469242,0.7854869839938858,0.2934765994111393,1.3835072865415192,5.620903306175455,0,0.12351300274753736,0.035980740087513514,0.2299052087637151,0.08460638891249873,0.02464680172520863,0.15748503455487337,0.08460638891249873,0.02464680172520863,0.15748503455487337,8.2057,ok,ok,0,,0
97,Tim Stützle,C,f1,OTT,24,1.0375,20.267,72499,14.0943,434.0,25421.0,,-0.15301585589251718,instagram_followers,10,42|38|131|82|46|126|102|41|72|71,0.7811848439460525,-0.30484070536019336,-0.9342006998385697,-1.0828220053076967,-0.6619665941603458,-0.5975780686439777,-0.7461993741131043,-0.32534396296575374,-0.018193475518641367,-0.1668147809877682,0.25404063015958256,7.905496049568912,0,-0.07559020520623291,-0.09438994965455644,-0.041154149078791176,-0.07156623576574583,-0.0893651945045634,-0.0389633488581741,-0.07156623576574583,-0.0893651945045634,-0.0389633488581741,8.35,ok,ok,0,,0
98,Drake Batherson,R,f1,OTT,28,0.8987,17.35,43109,35.0377,466.0,22598.0,,0.2224111888314716,instagram_followers,10,23|116|48|3|21|96|146|138|73|12,0.1713277966021633,-0.30484070536019336,0.0510833922293083,-0.0257199506266634,0.12917635553846987,0.1447276387767939,0.0679242959208222,0.2228206020859555,0.09233507039498684,0.015531727539015114,0.17042803370414847,5.63830666844685,0,0.025668635511920664,0.012046931803291376,0.03951906400070547,0.029090982668702293,0.013653124808205469,0.044788060720795074,0.029090982668702293,0.013653124808205469,0.044788060720795074,4.975,ok,ok,0,,0
99,Jake Sanderson,D,d1,OTT,23,0.806,24.833,91917,22.283,,,,-0.1203332792198565,reddit_mentions_12mo|reddit_upvotes_12mo|instagram_followers,10,4|70|44|139|49|84|15|89|9|124,-0.26875523660342504,-0.30484070536019336,0.14842195738356856,0.05553499702499848,0.23896760999076386,0.33228718955678044,0.23940022919821038,0.42283284216397576,0.477155141884813,0.3842681815262429,0.5677007944920084,7.777841118555294,0,0.04272229073490017,0.03077977880354004,0.05436377983541472,0.0412779117461839,0.029739158906609983,0.05252581890235723,0.0412779117461839,0.029739158906609983,0.05252581890235723,8.05,ok,ok,0,,0
100,Thomas Chabot,D,d1,OTT,29,0.5439,22.583,28946,16.2075,363.0,30249.0,,-0.3203707767152996,instagram_followers,10,150|25|119|24|15|120|154|10|59|85,-0.21592701355931512,-0.30484070536019336,-0.1044437631559845,-0.14410662374337022,-0.0601918357342539,0.018991984453562316,-0.02067087613382346,0.06324391187529284,0.11805552797668364,0.07839266738929791,0.1623074553984142,6.286952302976416,0,0.0030208570923261164,-0.0032879008997789443,0.010059550132955744,0.0023739980566952895,-0.0025838595167279326,0.007905488984411605,0.0023739980566952895,-0.0025838595167279326,0.007905488984411605,8.0,ok,ok,0,,0
101,Noah Cates,L,f1,PHI,27,0.5732,16.25,27423,20.4528,,,,-0.31282583114902784,reddit_mentions_12mo|reddit_upvotes_12mo|instagram_followers,10,136|53|141|78|88|152|113|18|91|33,-0.33116008857779544,0.4557378655235133,0.018334257428767597,-0.007078676264950864,0.04419927122402527,-0.011055856289490573,-0.03646878998320898,0.014809157505767208,-0.5750935688273204,-0.6005065025210392,-0.5492285550320629,4.038778802346056,0,-0.0027374255512751574,-0.009029657668309267,0.00366674141628277,-0.0027639640723726433,-0.009117197495802245,0.003702289376441802,-0.0027639640723726433,-0.009117197495802245,0.003702289376441802,4.0,ok,ok,0,,0
102,Trevor Zegras,C,f1,PHI,25,0.8272,18.717,281158,11.6038,,,,-0.06091355407198213,reddit_mentions_12mo|reddit_upvotes_12mo|instagram_followers,10,38|131|81|151|121|91|46|71|122|126,-0.09939755107572204,0.4557378655235133,0.03848399700373991,-0.09434018445746628,0.2081831709842613,0.11641504078052778,-0.01640914068067838,0.28611421476104926,0.08233769929104351,-0.050486482170162654,0.25203687327156493,6.32858918402966,0,0.01839510156138809,-0.0025928591987116533,0.04520979422760843,0.02024609404878744,-0.002853763596639718,0.04975899387148683,0.02024609404878744,-0.002853763596639718,0.04975899387148683,5.75,ok,ok,0,,0
103,Travis Konecny,R,f1,PHI,29,0.8831,19.083,72822,25.7736,451.0,33557.0,,0.11782709844158179,instagram_followers,10,13|137|148|81|22|12|152|76|26|153,-0.037259918975004434,0.4557378655235133,0.15508701741658623,0.09726998283306043,0.21741220546516524,0.0894342754015244,0.03161724081799857,0.15175946345010338,-0.5463850514127659,-0.6042020859962918,-0.48405986336418705,6.717957197574481,0,0.013312718847600675,0.00470637723464716,0.02259012062549254,0.010221060045888504,0.003613398950628408,0.017343938680011817,0.010221060045888504,0.003613398950628408,0.017343938680011817,8.75,ok,ok,0,,0
104,Travis Sanheim,D,d1,PHI,30,0.4568,24.217,58637,17.4717,398.0,42845.0,,-0.12125651719154275,instagram_followers,10,94|74|144|45|140|40|149|160|80|60,-0.5145661887828201,0.4557378655235133,0.3933096715912774,0.3279276661429459,0.4674039462383675,0.4121545930045394,0.34677258755620805,0.4862488676516298,-0.1182795742837559,-0.18366157973208735,-0.044185299636665655,6.780402459795948,0,0.06078615472287805,0.051143363482090996,0.07171386514809672,0.0659447348807263,0.055483614008993286,0.07779981882426076,0.0659447348807263,0.055483614008993286,0.07779981882426076,6.25,ok,ok,0,,0
105,Cam York,D,d1,PHI,25,0.3514,22.533,38776,47.566,,,,0.5647131360308996,reddit_mentions_12mo|reddit_upvotes_12mo|instagram_followers,10,19|124|50|15|130|84|29|60|24|115,-0.44500921347383804,0.4557378655235133,1.0097223495047376,0.9412611777067241,1.0788238484718893,0.9775890297834183,0.9091278579854049,1.0466905287505701,0.5011816453389368,0.43272047354092347,0.5702831443060885,5.857337477130782,0,0.16689989839245023,0.15521179401647542,0.17869732328677287,0.1898231125793045,0.17652968116221454,0.2032408793690427,0.1898231125793045,0.17652968116221454,0.2032408793690427,5.15,ok,ok,0,,0
106,Elmer Soderblom,L,f1,PIT,24,0.0769,10.683,42689,6.5472,,,,-0.7187938791267443,reddit_mentions_12mo|reddit_upvotes_12mo|instagram_followers,10,58|158|53|101|11|146|116|93|78|6,-0.1808737385437606,-0.6397817113128963,-0.5379201405829837,-0.5656537506057449,-0.5048750431602683,-0.37548545095477137,-0.40321906097753246,-0.34244035353205593,-0.15513430665981132,-0.1828679166825725,-0.12208920923709593,0.775,0,-0.48449735607067274,-0.5202826593258484,-0.44185852068652376,-0.3337648452931301,-0.35841694309114,-0.3043914253618275,-0.3337648452931301,-0.35841694309114,-0.3043914253618275,1.125,ok,ok,0,,0
107,Sidney Crosby,C,f1,PIT,38,1.0882,19.233,1936449,13.1698,497.0,236331.0,,2.9908179148782956,instagram_followers,10,68|56|61|76|118|108|157|133|127|77,0.0323198391036454,-0.6397817113128963,2.95849807577465,2.383797973418084,3.4781619157717394,3.108638885288612,2.533938782932046,3.6283027252857014,3.406159880136115,2.8314597777795485,3.9258237201332045,7.374145339788895,0,0.42155921019283915,0.34362474106112295,0.49203027037022995,0.35731481440098994,0.2912573313714995,0.41704629026272433,0.35731481440098994,0.2912573313714995,0.41704629026272433,8.7,ok,ok,1,5.0,0
108,Bryan Rust,R,f1,PIT,34,0.9028,19.95,52791,26.8679,378.0,37606.0,,-0.04935006110718379,instagram_followers,10,51|77|153|92|61|2|137|26|13|118,-0.242773995147698,-0.6397817113128963,0.19342393404051422,0.14864414921547753,0.23930446195040342,0.4256834991107017,0.38090371428566494,0.47156402702059086,0.8290177114943836,0.784237926669347,0.8748982394042728,7.33306529618442,0,0.05804987163174391,0.0519433141395671,0.06430653594015556,0.0830601949484296,0.07432267595817853,0.09201249307718846,0.0830601949484296,0.07432267595817853,0.09201249307718846,5.125,ok,ok,0,,0
109,Erik Karlsson,D,d1,PIT,35,0.88,23.6,154272,39.0189,456.0,61698.0,,0.5655755158215786,instagram_followers,10,5|79|110|129|114|85|95|9|119|59,-0.21149731152132825,-0.6397817113128963,0.7770728273429068,0.700462768549892,0.8610188756397148,0.989532295395328,0.9129222366023132,1.073478343692136,1.4040683587400598,1.327458299947045,1.4880144070368677,7.423064476548072,0,0.13330509232697485,0.12298454896714665,0.1446139053599239,0.08604628655611549,0.07938454231324463,0.09334594292975094,0.08604628655611549,0.07938454231324463,0.09334594292975094,11.5,ok,ok,0,,0
110,Kris Letang,D,d1,PIT,39,0.4595,21.683,141287,18.6415,,,,-0.1317703420818231,reddit_mentions_12mo|reddit_upvotes_12mo|instagram_followers,10,114|5|109|119|85|10|135|64|79|35,-0.17563664719226835,-0.6397817113128963,0.04386630511044526,-0.007315796033861897,0.1145420148781056,0.17437317620678067,0.12319107506247351,0.2450488859744409,0.4874608654894897,0.4362787643451824,0.55813657525715,5.7340097034414965,0,0.030410338528399,0.021484280884375803,0.042736043126569,0.02858576659127552,0.02019525820696287,0.04017194852040015,0.02858576659127552,0.02019525820696287,0.04017194852040015,6.1,ok,ok,0,,0
111,William Eklund,L,f1,SJ,23,0.6795,18.533,83988,25.4717,,,,-0.03650037362784266,reddit_mentions_12mo|reddit_upvotes_12mo|instagram_followers,10,37|151|131|102|91|142|38|18|88|86,-0.285879065657493,-2.2706408523604718,0.24937869202965032,0.2239814668451105,0.27374751219210686,0.5669079177214645,0.5415106925369247,0.5912767378839211,2.9971820356421457,2.9717848104576063,3.0215508558046023,5.806844976089706,1,0.09762752752239252,0.09325385726098284,0.10182409558349934,0.6566754520114266,0.6272566808026466,0.6849029744977657,0.09762752752239252,0.09325385726098284,0.10182409558349934,0.8633,ok,ok,0,,0
112,Macklin Celebrini,C,f1,SJ,19,1.4024,21.317,1274228,20.0943,499.0,207960.0,,2.2604359796560827,instagram_followers,10,27|82|42|72|97|41|71|46|131|122,0.8880247490892581,-2.2706408523604718,1.3724112305668246,0.8236166565518633,2.000399717070824,1.7291950234986992,1.180400449483738,2.3571835100026988,4.301170777336615,3.7523762033216537,4.9291592638406145,9.580043222412884,1,0.18049971000685885,0.12321452232304601,0.2460514483366814,1.7735333574345633,1.2106671276756287,2.417624112823281,0.18049971000685885,0.12321452232304601,0.2460514483366814,0.975,ok,ok,0,,0
113,Collin Graf,R,f1,SJ,23,0.5679,16.45,39667,27.2075,,,,-0.07451650209886099,reddit_mentions_12mo|reddit_upvotes_12mo|instagram_followers,10,18|93|91|88|53|78|123|11|101|151,-0.33713777021188496,-2.2706408523604718,0.262621268113024,0.243231235645029,0.2826658586880406,0.5725275524880714,0.5531375200200764,0.592572143063088,2.8424777244042128,2.8230876919362173,2.8625223149792296,4.153838523440811,1,0.13783096026896613,0.133162980914792,0.14265651871614737,0.607972339904504,0.5873818838484405,0.6292578773102772,0.13783096026896613,0.133162980914792,0.14265651871614737,0.9417,ok,ok,0,,0
114,Dmitry Orlov,D,d1,SJ,34,0.4512,21.2,35951,14.7358,346.0,26858.0,,-0.3951037044184664,instagram_followers,10,85|135|10|119|55|25|155|120|150|110,-0.16857931704922816,-2.2706408523604718,-0.22652438736923822,-0.24730410000190614,-0.2037485306454811,-0.12662060983747964,-0.14740032247014756,-0.10384475311372246,1.9798764207482038,1.959096708115536,2.002652277471961,5.515837557550498,0,-0.02295582647537394,-0.026723107947291668,-0.01882665180586616,-0.019480093821150714,-0.022676972687715014,-0.01597611586364961,-0.019480093821150714,-0.022676972687715014,-0.01597611586364961,6.5,ok,ok,0,,0
115,Mario Ferraro,D,d1,SJ,27,0.2805,21.033,35625,,,,,-0.437012494787203,reddit_mentions_12mo|reddit_upvotes_12mo|trends_12mo|instagram_followers,10,65|130|29|24|155|55|145|90|19|15,-0.47596778100501835,-2.2706408523604718,0.038955286217815355,0.004441542711195445,0.08449359924973238,0.2749739187898215,0.24046017528320157,0.32051223182173855,2.5600250411289607,2.525511297622341,2.6055633541608776,5.083945303046244,0,0.05408671856187362,0.04729794695846166,0.06304399687968537,0.0846073596276374,0.0739877462409851,0.09861914825284263,0.0846073596276374,0.0739877462409851,0.09861914825284263,3.25,ok,ok,0,,0
116,Jared McCann,L,f1,SEA,29,0.7692,16.433,41559,34.6038,,,,0.16235052637340683,reddit_mentions_12mo|reddit_upvotes_12mo|instagram_followers,10,146|21|98|23|3|101|96|48|78|136,-0.09967373247036862,-0.5787555313826748,0.26202425884377545,0.19406239105952988,0.3268590540792868,0.3020496042915781,0.23408773650733253,0.36688439952708946,0.574921131363848,0.5069592635796024,0.6397559265993593,4.691530859825877,0,0.06438188585266781,0.049895810877394614,0.07820142518271873,0.060409920858315626,0.046817547301466506,0.07337687990541789,0.060409920858315626,0.046817547301466506,0.07337687990541789,5.0,ok,ok,0,,0
117,Chandler Stephenson,C,f1,SEA,32,0.6125,19.383,21868,46.3774,,,,0.49192868758964425,reddit_mentions_12mo|reddit_upvotes_12mo|instagram_followers,10,16|143|83|2|87|67|28|31|51|142,-0.18006482630911108,-0.5787555313826748,0.6719935138987554,0.6400788025144749,0.7106010913351757,0.8864006364162254,0.8544859250319449,0.9250082138526456,1.5905371655231657,1.5586224541388853,1.6291447429595862,6.1746195342401125,0,0.14355550678076093,0.13838681400425804,0.1498081312902274,0.14182410182659605,0.13671774800511116,0.1480013142164233,0.14182410182659605,0.13671774800511116,0.1480013142164233,6.25,ok,ok,0,,0
118,Jordan Eberle,R,f1,SEA,36,0.6875,18.483,77519,33.8868,248.0,13659.0,,-0.3456040886981992,instagram_followers,10,17|2|108|77|62|51|153|26|7|33,-0.11833070330422335,-0.5787555313826748,-0.22727338539397585,-0.25764549144899423,-0.19420497093107075,-0.0895949776519731,-0.11996708370699154,-0.05652656318906804,0.3914760294231544,0.36110392336813607,0.4245444438860595,5.796274655982466,0,-0.015457338199027561,-0.02069727382279423,-0.009752223030136384,-0.018862100558310127,-0.025256228148840324,-0.011900329092435376,-0.018862100558310127,-0.025256228148840324,-0.011900329092435376,4.75,ok,ok,0,,0
119,Brandon Montour,D,d1,SEA,32,0.5,22.567,62595,13.6981,,,,-0.45198662971514814,reddit_mentions_12mo|reddit_upvotes_12mo|instagram_followers,10,150|10|25|59|35|100|85|134|80|55,-0.08031595190636266,-0.5787555313826748,-0.3716706778087855,-0.40291886850372427,-0.34127303851279384,-0.24992849326960093,-0.28117668396453976,-0.21953085397360927,0.2437941637742829,0.21254597307934409,0.27419180307027463,6.187068944348199,0,-0.04039529792179011,-0.04544586240975878,-0.035482205863270305,-0.03498977911906941,-0.03936449956803816,-0.03073413515149439,-0.03498977911906941,-0.03936449956803816,-0.03073413515149439,7.1429,ok,ok,0,,0
120,Vince Dunn,D,d1,SEA,29,0.5432,21.667,40882,31.7925,324.0,20458.0,,-0.19747253784538635,instagram_followers,10,85|135|100|154|24|150|10|55|25|155,-0.2077441248644066,-0.5787555313826748,0.010271587019020256,-0.012307272571133789,0.03368510975960585,0.13340359656720477,0.11082473697705078,0.1568171193077904,0.7120356370336529,0.6894567774434989,0.7354491597742385,5.905138548653308,0,0.022591103573281618,0.018767508342767816,0.026556044031101227,0.018150149192816975,0.01507819550708174,0.02133566249085584,0.018150149192816975,0.01507819550708174,0.02133566249085584,7.35,ok,ok,0,,0
121,Dylan Holloway,L,f1,STL,24,0.8644,18.25,33211,36.2264,282.0,16588.0,,-0.25673493397560637,instagram_followers,10,46|38|71|102|91|122|131|81|78|126,-0.024192385710564923,-0.2496482091841161,-0.23254254826504145,-0.2721037071294913,-0.18854538654525355,0.0728160895332528,0.03325493066880305,0.11681325125304069,0.4683024828305056,0.42874132396605563,0.5122996445502934,6.127590967494686,0,0.011883314326873916,0.005427080698632139,0.0190634870820695,0.03179047785778336,0.014518633778128376,0.05099901822878877,0.03179047785778336,0.014518633778128376,0.05099901822878877,2.2905,ok,ok,0,,0
122,Robert Thomas,C,f1,STL,26,1.0,19.017,75083,33.7547,441.0,50188.0,,0.3030533086290281,instagram_followers,10,138|126|12|46|22|81|3|121|41|38,0.13764733829061201,-0.2496482091841161,0.16540597033841606,0.1014692024997795,0.2409209262395537,0.28017577238473945,0.21623900454610295,0.3556907282858771,0.2401056937384468,0.17616892589981026,0.3156206496395844,6.993864276920615,0,0.0400602244040258,0.030918387315533178,0.0508575394377666,0.03448317198581408,0.02661403132875113,0.04377732040441565,0.03448317198581408,0.02661403132875113,0.04377732040441565,8.125,ok,ok,0,,0
123,Jimmy Snuggerud,R,f1,STL,21,0.7286,16.7,45404,23.7547,237.0,12152.0,,-0.5795294774518569,instagram_followers,10,11|93|78|1|113|71|18|121|91|46,-0.11303430016658818,-0.2496482091841161,-0.46649517728526874,-0.4976338178319663,-0.43003637893465135,-0.18368861608141362,-0.2148272566281111,-0.14722981773079616,-0.16596036211415727,-0.1970990026608549,-0.12950156376353988,4.753755031903081,1,-0.0386407408140838,-0.045191065838768904,-0.03097126729137646,-0.1933564379804354,-0.22613395434538014,-0.1549787555061012,-0.0386407408140838,-0.045191065838768904,-0.03097126729137646,0.95,ok,ok,0,,0
124,Philip Broberg,D,d1,STL,24,0.4198,23.35,23793,14.2264,247.0,12542.0,,-0.7309478217300464,instagram_followers,10,105|50|19|70|84|15|4|60|24|130,-0.34096321320900813,-0.2496482091841161,-0.3899846085210382,-0.4504876294583657,-0.33964809353842107,-0.22004357151707132,-0.28054659245439884,-0.16970705653445436,0.0008718457123828016,-0.05963117522494449,0.05120836069499993,6.341835409928409,0,-0.03469714322332994,-0.04423744457561787,-0.02675992761792128,-0.04803500873563521,-0.06124267992193649,-0.03704666256291435,-0.04803500873563521,-0.06124267992193649,-0.03704666256291435,4.5809,ok,ok,0,,0
125,Colton Parayko,D,d1,STL,33,0.2338,22.2,98634,4.0943,,,,-0.6790531614547369,reddit_mentions_12mo|reddit_upvotes_12mo|instagram_followers,10,80|134|140|35|45|160|64|145|60|94,-0.4394623909665034,-0.2496482091841161,-0.23959077048823352,-0.3106938779283943,-0.14769534089713432,0.006083283837993059,-0.06501982360216767,0.09797871342909227,0.03132968802694869,-0.03977341941321199,0.12322511761804812,5.469301489048386,0,0.0011122597374041451,-0.011888140328771779,0.01791430105385172,0.0009358898212297013,-0.010003049784948871,0.015073648219860349,0.0009358898212297013,-0.010003049784948871,0.015073648219860349,6.5,ok,ok,0,,0
126,Brandon Hagel,L,f1,TB,27,1.0423,19.767,156961,12.5283,500.0,93988.0,,0.3992122993738033,instagram_followers,10,22|12|122|41|148|81|138|38|72|103,0.3045850497291992,0.3534159026223124,0.09462724964460412,-0.03443714078505156,0.24664576024107118,0.09697254072906306,-0.032091849700592624,0.24899105132553007,-0.33536185072994285,-0.4644262411595985,-0.18334334013347595,7.5948138695426595,0,0.012768257707795872,-0.0042254952197433,0.032784352006841704,0.014918852419855855,-0.004937207646245019,0.03830631558854309,0.014918852419855855,-0.004937207646245019,0.03830631558854309,6.5,ok,ok,0,,0
127,Jake Guentzel,C,f1,TB,31,1.0864,20.25,188242,6.6038,,,,-0.4126550719908176,reddit_mentions_12mo|reddit_upvotes_12mo|instagram_followers,10,148|76|22|147|157|61|137|43|12|103,0.07840639664365898,0.3534159026223124,-0.49106146863447653,-0.6140523465709211,-0.32538856789200576,-0.5664315229141423,-0.689422400850587,-0.40075862217167163,-1.324128870818572,-1.4471197487550163,-1.1584559700761008,8.027778859457046,0,-0.07055893452357165,-0.0858795954547776,-0.04992148254053634,-0.06293683587934915,-0.07660248898339855,-0.0445287357968524,-0.06293683587934915,-0.07660248898339855,-0.0445287357968524,9.0,ok,ok,0,,0
128,Nikita Kucherov,R,f1,TB,32,1.7105,20.333,200879,22.7547,497.0,72534.0,,0.5047295728254694,instagram_followers,10,32|133|52|8|43|56|96|73|48|21,0.6417713150673163,0.3534159026223124,-0.13704174224184695,-0.2807022656974919,0.01679148905537199,-0.12878446086128986,-0.272444984316935,0.02504877043592897,-0.21820508596475324,-0.36186560942039836,-0.06437185466753435,9.782685984526754,0,-0.013164529768714631,-0.02784971169961506,0.0025605207481410055,-0.013556259038030512,-0.02867841940178263,0.0026367126774662075,-0.013556259038030512,-0.02867841940178263,0.0026367126774662075,9.5,ok,ok,0,,0
129,Darren Raddysh,D,d1,TB,30,0.9589,22.7,61253,23.0755,428.0,30508.0,,-0.010275396447194707,instagram_followers,10,95|54|14|34|154|5|109|120|9|85,0.09002089462811258,0.3534159026223124,-0.10029629107530728,-0.15435656888652302,-0.038422796809531846,-0.1040539764725839,-0.15811425428379958,-0.042180482206808416,-0.4448883617140018,-0.4989486395252175,-0.3830148674482263,7.216958028165789,0,-0.014417982765936845,-0.021908711906972914,-0.005844634545772565,-0.1067220271513681,-0.16216846593210216,-0.04326203303262401,-0.1067220271513681,-0.16216846593210216,-0.04326203303262401,0.975,ok,ok,0,,0
130,J.J. Moser,D,d1,TB,25,0.3671,21.567,27032,2.5472,339.0,24611.0,,-0.6309013723560627,instagram_followers,10,29|115|24|65|15|50|105|19|84|100,-0.27819645674870147,0.3534159026223124,-0.3527049156073612,-0.4099850280447789,-0.2966887675220819,-0.3197964691758691,-0.3770765816132869,-0.26378032109058974,-0.7366813370851469,-0.7939614495225645,-0.6806651889998677,5.489595804345908,0,-0.058255011948730034,-0.06868931612683932,-0.048050955023275985,-0.0947545093854427,-0.11172639455208501,-0.07815713217498955,-0.0947545093854427,-0.11172639455208501,-0.07815713217498955,3.375,ok,ok,0,,0
131,Matthew Knies,L,f1,TOR,23,0.8354,18.8,109783,23.2264,,,,-0.05326701013237418,reddit_mentions_12mo|reddit_upvotes_12mo|instagram_followers,10,102|38|71|121|46|91|111|151|42|97,-0.0963776371644712,0.4306933789212747,0.043110627032097025,0.010644254170869281,0.07453814561691144,0.08672414491404368,0.054257772052815935,0.11815166349885804,-0.21425405732393699,-0.24672043018516474,-0.18282653873912258,6.40468576205567,0,0.01354073379022555,0.008471574417321793,0.01844769093885032,0.011190212246973377,0.0070010028455246365,0.015245375935336522,0.011190212246973377,0.0070010028455246365,0.015245375935336522,7.75,ok,ok,0,,0
132,Auston Matthews,C,f1,TOR,28,0.8833,20.8,680239,14.5472,,,,0.8662670947723193,reddit_mentions_12mo|reddit_upvotes_12mo|instagram_followers,10,57|47|87|66|142|67|156|143|137|148,-0.08742209859457066,0.4306933789212747,0.95368919336689,0.5522373541444707,1.4971635128303755,0.9113323717372864,0.5098805325148672,1.454806691200772,0.4542520941728715,0.05280025495045221,0.9977264136363571,7.830314608328294,0,0.11638515402280218,0.06511622559488991,0.18579160148347615,0.06877980164054992,0.03848154962376356,0.10979673141137901,0.06877980164054992,0.03848154962376356,0.10979673141137901,13.25,ok,ok,1,3.0,0
133,William Nylander,R,f1,TOR,30,1.2154,19.417,197140,33.2453,347.0,39308.0,,0.14069910005620215,instagram_followers,10,8|43|48|138|3|98|12|73|127|76,0.2026948648115683,0.4306933789212747,-0.06199576475536614,-0.11351079983452068,-0.0033576019337992636,-0.1413077343630903,-0.19282276944224483,-0.08266957154152343,-0.6424538281310919,-0.6939688632102464,-0.5838156653095249,7.840010969689567,0,-0.01802392049059665,-0.02459470658749344,-0.010544573452911486,-0.012287629075051331,-0.016767197342803897,-0.007188658394915081,-0.012287629075051331,-0.016767197342803897,-0.007188658394915081,11.5,ok,ok,0,,1
134,Jake McCabe,D,d1,TOR,32,0.3125,22.4,28486,30.0755,,,,-0.007582542832973438,reddit_mentions_12mo|reddit_upvotes_12mo|instagram_followers,10,80|35|125|140|45|60|160|145|25|94,-0.44861320111934255,0.4306933789212747,0.4410306582863691,0.416609429041588,0.4655557905557388,0.39599202862489186,0.37157079938011073,0.42051716089426167,-0.15254038930605357,-0.17696161855083478,-0.12801525703668387,5.719494832285069,0,0.06923549023763764,0.06496566747166019,0.07352347947244416,0.08815691102315097,0.08272018508428743,0.09361676815918914,0.08815691102315097,0.08272018508428743,0.09361676815918914,4.4919,ok,ok,0,,0
135,Morgan Rielly,D,d1,TOR,32,0.4615,21.133,151043,41.0189,293.0,25349.0,,0.016946298259707816,instagram_followers,10,85|114|120|10|55|25|155|119|100|150,-0.22864436078039324,0.4306933789212747,0.24559065904010105,0.19407493402050338,0.29007143302205646,0.10861307816515856,0.05709735314556089,0.15309385214711385,-0.4859820866571077,-0.5374978116767054,-0.4415013126751523,5.509895255808315,0,0.0197123671363195,0.010362693026763278,0.0277852563505138,0.014481743755354473,0.0076129804194081194,0.02041251361961518,0.014481743755354473,0.0076129804194081194,0.02041251361961518,7.5,ok,ok,0,,1
136,Lawson Crouse,L,f1,UTA,28,0.5432,16.6,27075,,134.0,5485.0,,-1.1255295623309054,trends_12mo|instagram_followers,10,141|101|152|88|36|33|7|53|31|26,-0.19734417168413082,-1.525091698429491,-0.9281853906467745,-0.9535861342816387,-0.8998155956765534,-0.7408819855107112,-0.7662827291455753,-0.71251219054049,0.8311978696011261,0.805797125966262,0.8595676645713471,4.183641434756308,0,-0.17709022081952552,-0.18316166456798902,-0.17030909595195576,-0.17229813616528167,-0.1782052858478082,-0.16570050942802092,-0.17229813616528167,-0.1782052858478082,-0.16570050942802092,4.3,ok,ok,0,,0
137,Nick Schmaltz,C,f1,UTA,30,0.9024,19.717,60859,16.3019,176.0,15549.0,,-0.8204316780688479,instagram_followers,10,13|148|103|47|153|67|51|26|31|22,-0.10542490910208971,-1.525091698429491,-0.7150067689667582,-0.7777375697234981,-0.6534490412316989,-0.5790969605260278,-0.6418277612827676,-0.5175392327909686,0.8379186168609662,0.7751878161042265,0.8994763445960255,7.181100052264185,0,-0.08064181759220021,-0.0893773595426234,-0.07206963125764967,-0.09899093342325262,-0.10971414722782354,-0.0884682449215331,-0.09899093342325262,-0.10971414722782354,-0.0884682449215331,5.85,ok,ok,0,,0
138,Clayton Keller,R,f1,UTA,27,1.0732,19.083,180689,16.5472,251.0,53402.0,,-0.3221826839168258,instagram_followers,10,122|48|12|3|43|126|41|22|73|46,0.42293145833508233,-1.525091698429491,-0.7451141422519081,-0.8628699371203605,-0.6009359758864189,-0.5671212920530561,-0.6848770869215084,-0.42294312568756687,0.9460630799709531,0.8283072851025006,1.0902412463364424,7.236128791977805,0,-0.07837357630806463,-0.09464689015496575,-0.058448811214700136,-0.07931766322420364,-0.09578700516384732,-0.059152884711547817,-0.07931766322420364,-0.09578700516384732,-0.059152884711547817,7.15,ok,ok,0,,0
139,Mikhail Sergachev,D,d1,UTA,27,0.7564,24.3,62799,18.6604,170.0,16018.0,,-0.7927830103267434,instagram_followers,10,4|9|44|154|149|99|15|150|59|100,-0.2251230878364716,-1.525091698429491,-0.5676599224902718,-0.6116063827869412,-0.5105120600756088,-0.4746453732756819,-0.5185918335723514,-0.417497510861019,0.8428882127390321,0.7989417524423627,0.9000360751536951,7.451190864848538,0,-0.06370060596821528,-0.06959851693221832,-0.056030977924695205,-0.05584063215008023,-0.0610108039496884,-0.049117354218943414,-0.05584063215008023,-0.0610108039496884,-0.049117354218943414,8.5,ok,ok,0,,0
140,MacKenzie Weegar,D,d1,UTA,32,0.35,23.117,47638,6.0943,119.0,12748.0,,-1.1561570546020914,instagram_followers,10,45|80|134|94|125|74|35|160|104|60,-0.35276936635696154,-1.525091698429491,-0.8033876882451298,-0.8371314702203837,-0.7645807400883807,-0.5182928571206832,-0.5520366390959371,-0.47948590896393406,0.949362162036405,0.915618380061151,0.9881691101931541,6.096843218248433,0,-0.08501003528668463,-0.09054466702434447,-0.07864494654033205,-0.0829268571393093,-0.08832586225534994,-0.07671774543422945,-0.0829268571393093,-0.08832586225534994,-0.07671774543422945,6.25,ok,ok,0,,0
141,Jake DeBrusk,L,f1,VAN,29,0.5185,16.867,45624,17.283,,,,-0.37458445765923987,reddit_mentions_12mo|reddit_upvotes_12mo|instagram_followers,10,136|36|33|152|7|28|101|31|26|88,-0.3152585007408773,0.11881170545623028,-0.059325956918362566,-0.08124835152492266,-0.03923501813476075,0.12324986036134811,0.10132746575478807,0.14334079914494993,0.04236446336902794,0.02044206876246774,0.06245540215262976,4.289205577117642,0,0.028734892311730223,0.023623830551596087,0.03341896222220138,0.02240906552024511,0.01842317559177965,0.026061963480899987,0.02240906552024511,0.01842317559177965,0.026061963480899987,5.5,ok,ok,0,,0
142,Elias Pettersson,C,f1,VAN,27,0.6892,18.967,120670,37.2264,,,,0.4103605570579105,reddit_mentions_12mo|reddit_upvotes_12mo|instagram_followers,10,67|143|83|151|47|31|132|111|102|137,-0.21489265649262262,0.11881170545623028,0.6252532135505331,0.5640386282846195,0.6727323012556634,0.7237544499067184,0.6625398646408049,0.7712335376118487,0.42318665407797074,0.3619720688120572,0.470665741783101,6.114313923695123,0,0.11837050876663605,0.10835882372235243,0.12613574429390134,0.06239262499195849,0.05711550557248318,0.06648564979412488,0.06239262499195849,0.05711550557248318,0.06648564979412488,11.6,ok,ok,0,,1
143,Brock Boeser,R,f1,VAN,29,0.64,19.05,75278,9.7736,,,,-0.5490492250119811,reddit_mentions_12mo|reddit_upvotes_12mo|instagram_followers,10,83|67|142|31|117|87|16|47|132|28,0.0744142066308723,0.11881170545623028,-0.6234634316428533,-0.6952618501113043,-0.562604677836591,-0.4356296260086193,-0.5074280444770702,-0.3747708722023569,-0.35890562389129604,-0.43070404235974696,-0.29804687008503367,6.033950483211134,0,-0.07219642044141981,-0.08409549363869295,-0.062110365878062714,-0.06008684496670611,-0.06999007510028554,-0.05169253409687681,-0.06008684496670611,-0.06999007510028554,-0.05169253409687681,7.25,ok,ok,0,,1
144,Filip Hronek,D,d1,VAN,28,0.5976,25.0,28962,24.3208,396.0,42085.0,,-0.05050828373354117,instagram_followers,10,104|149|49|94|74|44|40|159|45|59,-0.3627099390656964,0.11881170545623028,0.3122016553321552,0.2730168252110598,0.3542457452648742,0.5583140951283618,0.5191292650072664,0.6003581850610809,0.4801335054032574,0.4409486752821619,0.5221775953359762,7.404555265882789,0,0.07540143534357134,0.07010944565424546,0.0810795737898385,0.07700884070736025,0.0716040365527264,0.08280802552566632,0.07700884070736025,0.0716040365527264,0.08280802552566632,7.25,ok,ok,0,,0
145,Marcus Pettersson,D,d1,VAN,30,0.2195,21.45,21411,28.0755,,,,-0.08535696993032797,reddit_mentions_12mo|reddit_upvotes_12mo|instagram_followers,10,90|60|25|55|155|134|35|80|10|115,-0.30058066749023593,0.11881170545623028,0.21522369755990794,0.19318273420464427,0.23870185303518035,0.32037622924421083,0.29833526588894693,0.3438543847194831,0.058793950407168394,0.036752987051904676,0.08227210588244079,5.12752631196863,0,0.06248163534458931,0.05818307849392702,0.06706048176034923,0.05825022349894742,0.05424277561617217,0.06251897903990603,0.05825022349894742,0.05424277561617217,0.06251897903990603,5.5,ok,ok,0,,0
146,Ivan Barbashev,L,f1,VEG,30,0.7439,16.25,31013,16.1509,357.0,13965.0,,-0.41043681686322264,instagram_followers,10,116|21|98|23|101|3|96|48|33|136,-0.029600019318002112,-0.3662026305665814,-0.38083679754522054,-0.4403321781789543,-0.326966903750731,-0.34081145209741787,-0.4003068327311517,-0.2869415583029284,-0.24876700369149057,-0.30826238432522435,-0.19489710989700101,4.504070181434154,0,-0.07566743819895344,-0.08887668633167008,-0.06370716857070875,-0.06816229041948357,-0.08006136654623033,-0.05738831166058568,-0.06816229041948357,-0.08006136654623033,-0.05738831166058568,5.0,ok,ok,0,,0
147,Jack Eichel,C,f1,VEG,29,1.2162,21.2,300027,21.0377,496.0,39803.0,,0.4278018110300142,instagram_followers,10,156|72|127|43|126|148|41|22|8|157,0.3170791119847518,-0.3662026305665814,0.11072269904526238,0.021584780807405845,0.20896356750669343,0.2719094400319761,0.18277152179411954,0.3701503084934072,0.2931556476407762,0.20401772940291968,0.3913965161022072,8.996740955712658,0,0.030223104274145166,0.020315303363054503,0.04114271048988833,0.02719094400319761,0.018277152179411955,0.03701503084934072,0.02719094400319761,0.018277152179411955,0.03701503084934072,10.0,ok,ok,0,,0
148,Mitch Marner,R,f1,VEG,29,0.9877,19.95,482268,11.6226,,,,0.3602065733879068,reddit_mentions_12mo|reddit_upvotes_12mo|instagram_followers,10,22|137|103|126|47|12|127|13|81|147,-0.019623677527141153,-0.3662026305665814,0.37983025091504796,0.15087838876780077,0.6511674037666904,0.5103380631943507,0.2813862010471035,0.7816752160459931,0.5093588105783033,0.28040694843105607,0.7806959634299456,7.564484382795898,0,0.06746501643324504,0.03719833194276498,0.10333489719719392,0.04252817193286256,0.023448850087258624,0.06513960133716609,0.04252817193286256,0.023448850087258624,0.06513960133716609,12.0,ok,ok,0,,1
149,Rasmus Andersson,D,d1,VEG,29,0.625,24.233,63237,7.4906,,,,-0.6461194533251103,reddit_mentions_12mo|reddit_upvotes_12mo|instagram_followers,10,59|159|144|139|94|104|44|150|74|45,-0.34186612305070074,-0.3662026305665814,-0.3042533302744096,-0.3435989556033799,-0.26055617201102715,-0.010032904648903274,-0.04937852997787348,0.03366425361447928,0.23566669560837306,0.19632107027940296,0.2793638538717557,7.144289085957985,0,-0.001404325122932501,-0.006911608612664679,0.004712050871604001,-0.0022050339887699504,-0.010852424170961205,0.0073987370581273144,-0.0022050339887699504,-0.010852424170961205,0.0073987370581273144,4.55,ok,ok,0,,0
150,Shea Theodore,D,d1,VEG,30,0.5571,22.833,73164,14.0566,379.0,40152.0,,-0.221183692876426,instagram_followers,10,100|119|59|25|10|154|35|149|85|15,-0.20517498117187408,-0.3662026305665814,-0.016008711704551926,-0.0780774337652533,0.06022815480599619,0.10742703590499489,0.04535831384429345,0.18366390241554306,0.2842013181604851,0.22213259609978378,0.36043818467103333,6.418789088118865,0,0.01673633989685712,0.00706649076977017,0.02861348143616429,0.014468287663972375,0.006108863817413259,0.024735879113204455,0.014468287663972375,0.006108863817413259,0.024735879113204455,7.425,ok,ok,0,,0
151,Aliaksei Protas,L,f1,WAS,25,0.6842,18.233,42707,10.6038,,,,-0.5910131920314926,reddit_mentions_12mo|reddit_upvotes_12mo|instagram_followers,10,102|91|111|142|131|38|88|81|18|67,-0.20665108939664406,0.4645646403285195,-0.38436210263484855,-0.41868304456064637,-0.34813414532908055,-0.3298940161485997,-0.3642149580743976,-0.29366605884283165,-0.5983072316005533,-0.6326281735263514,-0.5620792742947854,5.625396595490123,0,-0.058643690368973364,-0.06474476099452055,-0.052203618688549634,-0.09774637515514065,-0.10791554313315484,-0.08701216558306123,-0.09774637515514065,-0.10791554313315484,-0.08701216558306123,3.375,ok,ok,0,,0
152,Dylan Strome,C,f1,WAS,29,0.725,18.033,94238,24.7358,393.0,35808.0,,-0.010237393405337351,instagram_followers,10,7|26|13|33|31|103|81|141|136|76,-0.20293896463334163,0.4645646403285195,0.19270157122800427,0.10061872421773173,0.3476464497747779,0.10490645632657453,0.012823609316302094,0.2598513348733482,-0.4068015960210615,-0.498884443031334,-0.25185671747428784,5.607102216853644,0,0.01870956730755686,0.002287029702750435,0.04634324911935716,0.020981291265314905,0.0025647218632604187,0.05197026697466964,0.020981291265314905,0.0025647218632604187,0.05197026697466964,5.0,ok,ok,0,,0
153,Tom Wilson,R,f1,WAS,32,0.8611,19.467,225184,16.3774,,,,-0.027635660040028962,reddit_mentions_12mo|reddit_upvotes_12mo|instagram_followers,10,51|108|13|137|26|76|31|103|92|77,-0.18924548244432923,0.4645646403285195,0.16160982240430027,0.018158938789870523,0.351118144397849,0.10731440298897493,-0.03613648062545479,0.2968227249825236,-0.5073346944720828,-0.6507855780865126,-0.3178263724785341,6.90664218857707,0,0.015537854728664351,-0.005232134464012208,0.04297641558345678,0.01650990815214999,-0.005559458557762275,0.04566503461269594,0.01650990815214999,-0.005559458557762275,0.04566503461269594,6.5,ok,ok,0,,0
154,Jakob Chychrun,D,d1,WAS,28,0.75,23.333,81511,18.2264,,,,-0.2698356411647007,reddit_mentions_12mo|reddit_upvotes_12mo|instagram_followers,10,9|100|139|14|150|120|95|24|15|34,-0.1279367662934277,0.4645646403285195,-0.141898874871273,-0.18264594847978274,-0.09978307379062865,-0.279600037707348,-0.3203471113158578,-0.2374842366267036,-1.0327280435733375,-1.0734751171818473,-0.9906122424926931,7.03609535385333,0,-0.03973795459639763,-0.0455291031751608,-0.033752276608452286,-0.031066670856372,-0.035594123479539753,-0.026387137402967067,-0.031066670856372,-0.035594123479539753,-0.026387137402967067,9.0,ok,ok,0,,0
155,Matt Roy,D,d1,WAS,31,0.2405,20.617,13872,,,,,-0.5031608594432595,reddit_mentions_12mo|reddit_upvotes_12mo|trends_12mo|instagram_followers,10,55|90|25|10|145|115|135|65|85|114,-0.3038680401132055,0.4645646403285195,-0.199292819330054,-0.24416853227289353,-0.1339336041213416,-0.2203988386990906,-0.26527455164193015,-0.1550396234903781,-0.7433310873822856,-0.7882068003251251,-0.6779718721735734,4.826263568911719,0,-0.04566655665446565,-0.05496478753267661,-0.032124151794995774,-0.08728666879171905,-0.10505922837304164,-0.06140183108529826,-0.08728666879171905,-0.10505922837304164,-0.06140183108529826,2.525,ok,ok,0,,0
156,Kyle Connor,L,f1,WPG,29,1.122,21.5,108011,,406.0,76597.0,,0.1863815204075414,trends_12mo|instagram_followers,10,66|147|47|57|148|132|137|127|22|126,0.0727869578146548,-2.2559402303520413,0.11359456259288661,-0.0362641932192483,0.2574587941382593,0.24481329382858832,0.09495453801645337,0.3886775253739609,2.3977694514303964,2.2479106956182613,2.5416336829757693,8.934231641945605,0,0.02740171775703763,0.010628170593948823,0.043504303554112764,0.034273655494069404,0.013293555560970107,0.05441452706519213,0.034273655494069404,0.013293555560970107,0.05441452706519213,7.1429,ok,ok,0,,0
157,Mark Scheifele,C,f1,WPG,33,1.2561,21.5,93846,20.8868,377.0,38072.0,,-0.10257569844466043,instagram_followers,10,61|127|147|8|43|156|148|92|108|51,0.04084884545897384,-2.2559402303520413,-0.14342454390363427,-0.20174879336696463,-0.08329946975005026,0.04737841231098082,-0.010945837152349557,0.10750348646456484,2.0920639277854325,2.0337396783221022,2.1521890019390164,9.29975931585137,0,0.00509458478460025,-0.001177002197647466,0.011559813841776094,0.005573930860115391,-0.001287745547335242,0.012647468995831157,0.005573930860115391,-0.001287745547335242,0.012647468995831157,8.5,ok,ok,0,,0
158,Nino Niederreiter,R,f1,WPG,33,0.3115,13.767,48034,20.5472,,,,-0.26675482965078773,reddit_mentions_12mo|reddit_upvotes_12mo|instagram_followers,10,146|116|101|136|6|21|141|33|36|7,-0.31760541868653985,-2.2559402303520413,0.050850589035752125,0.02986836033682166,0.07100897545210404,0.07957806758473923,0.058595838885808826,0.0997364540010912,2.007449668307319,1.9864674396083888,2.0276080547236712,1.717619371365545,0,0.046330443700965555,0.0341145656963707,0.05806667976840441,0.019894516896184808,0.014648959721452207,0.0249341135002728,0.019894516896184808,0.014648959721452207,0.0249341135002728,4.0,ok,ok,0,,0
159,Josh Morrissey,D,d1,WPG,31,0.7143,24.717,42311,10.0377,276.0,30416.0,,-0.6227666647399904,instagram_followers,10,59|149|74|144|79|139|104|94|45|44,-0.34400337047986107,-2.2559402303520413,-0.27876329426012936,-0.32045194407409267,-0.23445983786781005,0.015457131365377075,-0.026231518448586337,0.05976058775769627,2.3040114651060204,2.262322815292057,2.34831492149834,7.534913963524659,0,0.002051401175939451,-0.003481329524871686,0.007931157282881787,0.002473141018460332,-0.004197042951773814,0.009561694041231403,0.002473141018460332,-0.004197042951773814,0.009561694041231403,6.25,ok,ok,0,,0
160,Neal Pionk,D,d1,WPG,30,0.2353,22.717,16931,17.0189,,,,-0.44289908945929796,reddit_mentions_12mo|reddit_upvotes_12mo|instagram_followers,10,140|80|60|94|134|125|45|104|35|145,-0.4405380380872219,-2.2559402303520413,-0.0023610513720760395,-0.03301882267680553,0.03359469595811936,0.21226857064932342,0.18161079934459404,0.24822431797951894,2.4133917658181696,2.3827339945134405,2.4493475131483655,5.687147919737208,0,0.03732425701688658,0.03193354593685088,0.04364653803324829,0.030324081521331918,0.02594439990637058,0.035460616854216996,0.030324081521331918,0.02594439990637058,0.035460616854216996,7.0,ok,ok,0,,0
