player_id,full_name,position,group,line_slot,team_code,nhl_team_code,team_slug,team_city,nhl_player_id,wikipedia_slug,capwages_slug,roster_source,fetch_date
1,Cutter Gauthier,L,f1,f1:L,ANA,ANA,anaheim-ducks,Anaheim,8483445,Cutter_Gauthier,cutter-gauthier,nhl_toi_position,2026-05-28
2,Mikael Granlund,C,f1,f1:C,ANA,ANA,anaheim-ducks,Anaheim,8475798,Mikael_Granlund,mikael-granlund,nhl_toi_position,2026-05-28
3,Troy Terry,R,f1,f1:R,ANA,ANA,anaheim-ducks,Anaheim,8478873,Troy_Terry,troy-terry,nhl_toi_position,2026-05-28
4,Jackson LaCombe,D,d1,d1:D,ANA,ANA,anaheim-ducks,Anaheim,8481605,Jackson_LaCombe,jackson-lacombe,nhl_toi_position,2026-05-28
5,John Carlson,D,d1,d1:D,ANA,ANA,anaheim-ducks,Anaheim,8474590,John_Carlson,john-carlson,nhl_toi_position,2026-05-28
6,Viktor Arvidsson,L,f1,f1:L,BOS,BOS,boston-bruins,Boston,8478042,Viktor_Arvidsson,viktor-arvidsson,nhl_toi_position,2026-05-28
7,Elias Lindholm,C,f1,f1:C,BOS,BOS,boston-bruins,Boston,8477496,Elias_Lindholm,elias-lindholm,nhl_toi_position,2026-05-28
8,David Pastrnak,R,f1,f1:R,BOS,BOS,boston-bruins,Boston,8477956,David_Pastrnak,david-pastrnak,nhl_toi_position,2026-05-28
9,Charlie McAvoy,D,d1,d1:D,BOS,BOS,boston-bruins,Boston,8479325,Charlie_McAvoy,charlie-mcavoy,nhl_toi_position,2026-05-28
10,Hampus Lindholm,D,d1,d1:D,BOS,BOS,boston-bruins,Boston,8476854,Hampus_Lindholm,hampus-lindholm,nhl_toi_position,2026-05-28
11,Zach Benson,L,f1,f1:L,BUF,BUF,buffalo-sabres,Buffalo,8484145,Zach_Benson,zach-benson,nhl_toi_position,2026-05-28
12,Tage Thompson,C,f1,f1:C,BUF,BUF,buffalo-sabres,Buffalo,8479420,Tage_Thompson,tage-thompson,nhl_toi_position,2026-05-28
13,Alex Tuch,R,f1,f1:R,BUF,BUF,buffalo-sabres,Buffalo,8477949,Alex_Tuch,alex-tuch,nhl_toi_position,2026-05-28
14,Rasmus Dahlin,D,d1,d1:D,BUF,BUF,buffalo-sabres,Buffalo,8480839,Rasmus_Dahlin,rasmus-dahlin,nhl_toi_position,2026-05-28
15,Mattias Samuelsson,D,d1,d1:D,BUF,BUF,buffalo-sabres,Buffalo,8480807,Mattias_Samuelsson,mattias-samuelsson,nhl_toi_position,2026-05-28
16,Jonathan Huberdeau,L,f1,f1:L,CGY,CGY,calgary-flames,Calgary,8476456,Jonathan_Huberdeau,jonathan-huberdeau,nhl_toi_position,2026-05-28
17,Mikael Backlund,C,f1,f1:C,CGY,CGY,calgary-flames,Calgary,8474150,Mikael_Backlund,mikael-backlund,nhl_toi_position,2026-05-28
18,Matt Coronato,R,f1,f1:R,CGY,CGY,calgary-flames,Calgary,8482679,Matt_Coronato,matt-coronato,nhl_toi_position,2026-05-28
19,Kevin Bahl,D,d1,d1:D,CGY,CGY,calgary-flames,Calgary,8480860,Kevin_Bahl,kevin-bahl,nhl_toi_position,2026-05-28
20,Zach Whitecloud,D,d1,d1:D,CGY,CGY,calgary-flames,Calgary,8480727,Zach_Whitecloud,zach-whitecloud,nhl_toi_position,2026-05-28
21,Nikolaj Ehlers,L,f1,f1:L,CAR,CAR,carolina-hurricanes,Carolina,8477940,Nikolaj_Ehlers,nikolaj-ehlers,nhl_toi_position,2026-05-28
22,Sebastian Aho,C,f1,f1:C,CAR,CAR,carolina-hurricanes,Carolina,8478427,Sebastian_Aho,sebastian-aho,nhl_toi_position,2026-05-28
23,Andrei Svechnikov,R,f1,f1:R,CAR,CAR,carolina-hurricanes,Carolina,8480830,Andrei_Svechnikov,andrei-svechnikov,nhl_toi_position,2026-05-28
24,K'Andre Miller,D,d1,d1:D,CAR,CAR,carolina-hurricanes,Carolina,8480817,K'Andre_Miller,kandre-miller,nhl_toi_position,2026-05-28
25,Sean Walker,D,d1,d1:D,CAR,CAR,carolina-hurricanes,Carolina,8480336,Sean_Walker,sean-walker,nhl_toi_position,2026-05-28
26,Tyler Bertuzzi,L,f1,f1:L,CHI,CHI,chicago-blackhawks,Chicago,8477479,Tyler_Bertuzzi,tyler-bertuzzi,nhl_toi_position,2026-05-28
27,Connor Bedard,C,f1,f1:C,CHI,CHI,chicago-blackhawks,Chicago,8484144,Connor_Bedard,connor-bedard,nhl_toi_position,2026-05-28
28,Ilya Mikheyev,R,f1,f1:R,CHI,CHI,chicago-blackhawks,Chicago,8481624,Ilya_Mikheyev,ilya-mikheyev,nhl_toi_position,2026-05-28
29,Alex Vlasic,D,d1,d1:D,CHI,CHI,chicago-blackhawks,Chicago,8481568,Alex_Vlasic,alex-vlasic,nhl_toi_position,2026-05-28
30,Wyatt Kaiser,D,d1,d1:D,CHI,CHI,chicago-blackhawks,Chicago,8482176,Wyatt_Kaiser,wyatt-kaiser,nhl_toi_position,2026-05-28
31,Artturi Lehkonen,L,f1,f1:L,COL,COL,colorado-avalanche,Colorado,8477476,Artturi_Lehkonen,artturi-lehkonen,nhl_toi_position,2026-05-28
32,Nathan MacKinnon,C,f1,f1:C,COL,COL,colorado-avalanche,Colorado,8477492,Nathan_MacKinnon,nathan-mackinnon,nhl_toi_position,2026-05-28
33,Valeri Nichushkin,R,f1,f1:R,COL,COL,colorado-avalanche,Colorado,8477501,Valeri_Nichushkin,valeri-nichushkin,nhl_toi_position,2026-05-28
34,Cale Makar,D,d1,d1:D,COL,COL,colorado-avalanche,Colorado,8480069,Cale_Makar,cale-makar,nhl_toi_position,2026-05-28
35,Devon Toews,D,d1,d1:D,COL,COL,colorado-avalanche,Colorado,8478038,Devon_Toews,devon-toews,nhl_toi_position,2026-05-28
36,Mason Marchment,L,f1,f1:L,CBJ,CBJ,columbus-blue-jackets,Columbus,8478975,Mason_Marchment,mason-marchment,nhl_toi_position,2026-05-28
37,Adam Fantilli,C,f1,f1:C,CBJ,CBJ,columbus-blue-jackets,Columbus,8484166,Adam_Fantilli,adam-fantilli,nhl_toi_position,2026-05-28
38,Kirill Marchenko,R,f1,f1:R,CBJ,CBJ,columbus-blue-jackets,Columbus,8480893,Kirill_Marchenko,kirill-marchenko,nhl_toi_position,2026-05-28
39,Zach Werenski,D,d1,d1:D,CBJ,CBJ,columbus-blue-jackets,Columbus,8478460,Zach_Werenski,zach-werenski,nhl_toi_position,2026-05-28
40,Ivan Provorov,D,d1,d1:D,CBJ,CBJ,columbus-blue-jackets,Columbus,8478500,Ivan_Provorov,ivan-provorov,nhl_toi_position,2026-05-28
41,Jason Robertson,L,f1,f1:L,DAL,DAL,dallas-stars,Dallas,8480027,Jason_Robertson,jason-robertson,nhl_toi_position,2026-05-28
42,Wyatt Johnston,C,f1,f1:C,DAL,DAL,dallas-stars,Dallas,8482740,Wyatt_Johnston,wyatt-johnston,nhl_toi_position,2026-05-28
43,Mikko Rantanen,R,f1,f1:R,DAL,DAL,dallas-stars,Dallas,8478420,Mikko_Rantanen,mikko-rantanen,nhl_toi_position,2026-05-28
44,Miro Heiskanen,D,d1,d1:D,DAL,DAL,dallas-stars,Dallas,8480036,Miro_Heiskanen,miro-heiskanen,nhl_toi_position,2026-05-28
45,Esa Lindell,D,d1,d1:D,DAL,DAL,dallas-stars,Dallas,8476902,Esa_Lindell,esa-lindell,nhl_toi_position,2026-05-28
46,Lucas Raymond,L,f1,f1:L,DET,DET,detroit-red-wings,Detroit,8482078,Lucas_Raymond,lucas-raymond,nhl_toi_position,2026-05-28
47,Dylan Larkin,C,f1,f1:C,DET,DET,detroit-red-wings,Detroit,8477946,Dylan_Larkin,dylan-larkin,nhl_toi_position,2026-05-28
48,Alex DeBrincat,R,f1,f1:R,DET,DET,detroit-red-wings,Detroit,8479337,Alex_DeBrincat,alex-debrincat,nhl_toi_position,2026-05-28
49,Moritz Seider,D,d1,d1:D,DET,DET,detroit-red-wings,Detroit,8481542,Moritz_Seider,moritz-seider,nhl_toi_position,2026-05-28
50,Simon Edvinsson,D,d1,d1:D,DET,DET,detroit-red-wings,Detroit,8482762,Simon_Edvinsson,simon-edvinsson,nhl_toi_position,2026-05-28
51,Zach Hyman,L,f1,f1:L,EDM,EDM,edmonton-oilers,Edmonton,8475786,Zach_Hyman,zach-hyman,nhl_toi_position,2026-05-28
52,Connor McDavid,C,f1,f1:C,EDM,EDM,edmonton-oilers,Edmonton,8478402,Connor_McDavid,connor-mcdavid,nhl_toi_position,2026-05-28
53,Vasily Podkolzin,R,f1,f1:R,EDM,EDM,edmonton-oilers,Edmonton,8481617,Vasily_Podkolzin,vasily-podkolzin,nhl_toi_position,2026-05-28
54,Evan Bouchard,D,d1,d1:D,EDM,EDM,edmonton-oilers,Edmonton,8480803,Evan_Bouchard,evan-bouchard,nhl_toi_position,2026-05-28
55,Darnell Nurse,D,d1,d1:D,EDM,EDM,edmonton-oilers,Edmonton,8477498,Darnell_Nurse,darnell-nurse,nhl_toi_position,2026-05-28
56,Brad Marchand,L,f1,f1:L,FLA,FLA,florida-panthers,Florida,8473419,Brad_Marchand,brad-marchand,nhl_toi_position,2026-05-28
57,Sam Reinhart,C,f1,f1:C,FLA,FLA,florida-panthers,Florida,8477933,Sam_Reinhart,sam-reinhart,nhl_toi_position,2026-05-28
58,Mackie Samoskevich,R,f1,f1:R,FLA,FLA,florida-panthers,Florida,8482713,Mackie_Samoskevich,mackie-samoskevich,nhl_toi_position,2026-05-28
59,Seth Jones,D,d1,d1:D,FLA,FLA,florida-panthers,Florida,8477495,Seth_Jones,seth-jones,nhl_toi_position,2026-05-28
60,Gustav Forsling,D,d1,d1:D,FLA,FLA,florida-panthers,Florida,8478055,Gustav_Forsling,gustav-forsling,nhl_toi_position,2026-05-28
61,Artemi Panarin,L,f1,f1:L,LA,LAK,los-angeles-kings,Los Angeles,8478550,Artemi_Panarin,artemi-panarin,nhl_toi_position,2026-05-28
62,Anze Kopitar,C,f1,f1:C,LA,LAK,los-angeles-kings,Los Angeles,8471685,Anze_Kopitar,anze-kopitar,nhl_toi_position,2026-05-28
63,Quinton Byfield,R,f1,f1:R,LA,LAK,los-angeles-kings,Los Angeles,8482124,Quinton_Byfield,quinton-byfield,nhl_toi_position,2026-05-28
64,Drew Doughty,D,d1,d1:D,LA,LAK,los-angeles-kings,Los Angeles,8474563,Drew_Doughty,drew-doughty,nhl_toi_position,2026-05-28
65,Mikey Anderson,D,d1,d1:D,LA,LAK,los-angeles-kings,Los Angeles,8479998,Mikey_Anderson,mikey-anderson,nhl_toi_position,2026-05-28
66,Kirill Kaprizov,L,f1,f1:L,MIN,MIN,minnesota-wild,Minnesota,8478864,Kirill_Kaprizov,kirill-kaprizov,nhl_toi_position,2026-05-28
67,Joel Eriksson Ek,C,f1,f1:C,MIN,MIN,minnesota-wild,Minnesota,8478493,Joel_Eriksson_Ek,joel-eriksson-ek,nhl_toi_position,2026-05-28
68,Mats Zuccarello,R,f1,f1:R,MIN,MIN,minnesota-wild,Minnesota,8475692,Mats_Zuccarello,mats-zuccarello,nhl_toi_position,2026-05-28
69,Quinn Hughes,D,d1,d1:D,MIN,MIN,minnesota-wild,Minnesota,8480800,Quinn_Hughes,quinn-hughes,nhl_toi_position,2026-05-28
70,Brock Faber,D,d1,d1:D,MIN,MIN,minnesota-wild,Minnesota,8482122,Brock_Faber,brock-faber,nhl_toi_position,2026-05-28
71,Juraj Slafkovský,L,f1,f1:L,MON,MTL,montreal-canadiens,Montreal,8483515,Juraj_Slafkovský,juraj-slafkovský,nhl_toi_position,2026-05-28
72,Nick Suzuki,C,f1,f1:C,MON,MTL,montreal-canadiens,Montreal,8480018,Nick_Suzuki,nick-suzuki,nhl_toi_position,2026-05-28
73,Cole Caufield,R,f1,f1:R,MON,MTL,montreal-canadiens,Montreal,8481540,Cole_Caufield,cole-caufield,nhl_toi_position,2026-05-28
74,Mike Matheson,D,d1,d1:D,MON,MTL,montreal-canadiens,Montreal,8476875,Mike_Matheson,mike-matheson,nhl_toi_position,2026-05-28
75,Lane Hutson,D,d1,d1:D,MON,MTL,montreal-canadiens,Montreal,8483457,Lane_Hutson,lane-hutson,nhl_toi_position,2026-05-28
76,Filip Forsberg,L,f1,f1:L,NAS,NSH,nashville-predators,Nashville,8476887,Filip_Forsberg,filip-forsberg,nhl_toi_position,2026-05-28
77,Ryan O'Reilly,C,f1,f1:C,NAS,NSH,nashville-predators,Nashville,8475158,Ryan_O'Reilly,ryan-oreilly,nhl_toi_position,2026-05-28
78,Luke Evangelista,R,f1,f1:R,NAS,NSH,nashville-predators,Nashville,8482146,Luke_Evangelista,luke-evangelista,nhl_toi_position,2026-05-28
79,Roman Josi,D,d1,d1:D,NAS,NSH,nashville-predators,Nashville,8474600,Roman_Josi,roman-josi,nhl_toi_position,2026-05-28
80,Brady Skjei,D,d1,d1:D,NAS,NSH,nashville-predators,Nashville,8476869,Brady_Skjei,brady-skjei,nhl_toi_position,2026-05-28
81,Jesper Bratt,L,f1,f1:L,NJ,NJD,new-jersey-devils,New Jersey,8479407,Jesper_Bratt,jesper-bratt,nhl_toi_position,2026-05-28
82,Jack Hughes,C,f1,f1:C,NJ,NJD,new-jersey-devils,New Jersey,8481559,Jack_Hughes,jack-hughes,nhl_toi_position,2026-05-28
83,Timo Meier,R,f1,f1:R,NJ,NJD,new-jersey-devils,New Jersey,8478414,Timo_Meier,timo-meier,nhl_toi_position,2026-05-28
84,Luke Hughes,D,d1,d1:D,NJ,NJD,new-jersey-devils,New Jersey,8482684,Luke_Hughes,luke-hughes,nhl_toi_position,2026-05-28
85,Dougie Hamilton,D,d1,d1:D,NJ,NJD,new-jersey-devils,New Jersey,8476462,Dougie_Hamilton,dougie-hamilton,nhl_toi_position,2026-05-28
86,Emil Heineman,L,f1,f1:L,NYI,NYI,new-york-islanders,New York Islanders,8482476,Emil_Heineman,emil-heineman,nhl_toi_position,2026-05-28
87,Bo Horvat,C,f1,f1:C,NYI,NYI,new-york-islanders,New York Islanders,8477500,Bo_Horvat,bo-horvat,nhl_toi_position,2026-05-28
88,Simon Holmstrom,R,f1,f1:R,NYI,NYI,new-york-islanders,New York Islanders,8481601,Simon_Holmstrom,simon-holmstrom,nhl_toi_position,2026-05-28
89,Matthew Schaefer,D,d1,d1:D,NYI,NYI,new-york-islanders,New York Islanders,8485366,Matthew_Schaefer,matthew-schaefer,nhl_toi_position,2026-05-28
90,Adam Pelech,D,d1,d1:D,NYI,NYI,new-york-islanders,New York Islanders,8476917,Adam_Pelech,adam-pelech,nhl_toi_position,2026-05-28
91,Alexis Lafrenière,L,f1,f1:L,NYR,NYR,new-york-rangers,New York Rangers,8482109,Alexis_Lafrenière,alexis-lafrenière,nhl_toi_position,2026-05-28
92,Mika Zibanejad,C,f1,f1:C,NYR,NYR,new-york-rangers,New York Rangers,8476459,Mika_Zibanejad,mika-zibanejad,nhl_toi_position,2026-05-28
93,Gabe Perreault,R,f1,f1:R,NYR,NYR,new-york-rangers,New York Rangers,8484210,Gabe_Perreault,gabe-perreault,nhl_toi_position,2026-05-28
94,Vladislav Gavrikov,D,d1,d1:D,NYR,NYR,new-york-rangers,New York Rangers,8478882,Vladislav_Gavrikov,vladislav-gavrikov,nhl_toi_position,2026-05-28
95,Adam Fox,D,d1,d1:D,NYR,NYR,new-york-rangers,New York Rangers,8479323,Adam_Fox,adam-fox,nhl_toi_position,2026-05-28
96,Brady Tkachuk,L,f1,f1:L,OTT,OTT,ottawa-senators,Ottawa,8480801,Brady_Tkachuk,brady-tkachuk,nhl_toi_position,2026-05-28
97,Tim Stützle,C,f1,f1:C,OTT,OTT,ottawa-senators,Ottawa,8482116,Tim_Stützle,tim-stützle,nhl_toi_position,2026-05-28
98,Drake Batherson,R,f1,f1:R,OTT,OTT,ottawa-senators,Ottawa,8480208,Drake_Batherson,drake-batherson,nhl_toi_position,2026-05-28
99,Jake Sanderson,D,d1,d1:D,OTT,OTT,ottawa-senators,Ottawa,8482105,Jake_Sanderson,jake-sanderson,nhl_toi_position,2026-05-28
100,Thomas Chabot,D,d1,d1:D,OTT,OTT,ottawa-senators,Ottawa,8478469,Thomas_Chabot,thomas-chabot,nhl_toi_position,2026-05-28
101,Noah Cates,L,f1,f1:L,PHI,PHI,philadelphia-flyers,Philadelphia,8480220,Noah_Cates,noah-cates,nhl_toi_position,2026-05-28
102,Trevor Zegras,C,f1,f1:C,PHI,PHI,philadelphia-flyers,Philadelphia,8481533,Trevor_Zegras,trevor-zegras,nhl_toi_position,2026-05-28
103,Travis Konecny,R,f1,f1:R,PHI,PHI,philadelphia-flyers,Philadelphia,8478439,Travis_Konecny,travis-konecny,nhl_toi_position,2026-05-28
104,Travis Sanheim,D,d1,d1:D,PHI,PHI,philadelphia-flyers,Philadelphia,8477948,Travis_Sanheim,travis-sanheim,nhl_toi_position,2026-05-28
105,Cam York,D,d1,d1:D,PHI,PHI,philadelphia-flyers,Philadelphia,8481546,Cam_York,cam-york,nhl_toi_position,2026-05-28
106,Elmer Soderblom,L,f1,f1:L,PIT,PIT,pittsburgh-penguins,Pittsburgh,8481725,Elmer_Soderblom,elmer-soderblom,nhl_toi_position,2026-05-28
107,Sidney Crosby,C,f1,f1:C,PIT,PIT,pittsburgh-penguins,Pittsburgh,8471675,Sidney_Crosby,sidney-crosby,nhl_toi_position,2026-05-28
108,Bryan Rust,R,f1,f1:R,PIT,PIT,pittsburgh-penguins,Pittsburgh,8475810,Bryan_Rust,bryan-rust,nhl_toi_position,2026-05-28
109,Erik Karlsson,D,d1,d1:D,PIT,PIT,pittsburgh-penguins,Pittsburgh,8474578,Erik_Karlsson,erik-karlsson,nhl_toi_position,2026-05-28
110,Kris Letang,D,d1,d1:D,PIT,PIT,pittsburgh-penguins,Pittsburgh,8471724,Kris_Letang,kris-letang,nhl_toi_position,2026-05-28
111,William Eklund,L,f1,f1:L,SJ,SJS,san-jose-sharks,San Jose,8482667,William_Eklund,william-eklund,nhl_toi_position,2026-05-28
112,Macklin Celebrini,C,f1,f1:C,SJ,SJS,san-jose-sharks,San Jose,8484801,Macklin_Celebrini,macklin-celebrini,nhl_toi_position,2026-05-28
113,Collin Graf,R,f1,f1:R,SJ,SJS,san-jose-sharks,San Jose,8484911,Collin_Graf,collin-graf,nhl_toi_position,2026-05-28
114,Dmitry Orlov,D,d1,d1:D,SJ,SJS,san-jose-sharks,San Jose,8475200,Dmitry_Orlov,dmitry-orlov,nhl_toi_position,2026-05-28
115,Mario Ferraro,D,d1,d1:D,SJ,SJS,san-jose-sharks,San Jose,8479983,Mario_Ferraro,mario-ferraro,nhl_toi_position,2026-05-28
116,Jared McCann,L,f1,f1:L,SEA,SEA,seattle-kraken,Seattle,8477955,Jared_McCann,jared-mccann,nhl_toi_position,2026-05-28
117,Chandler Stephenson,C,f1,f1:C,SEA,SEA,seattle-kraken,Seattle,8476905,Chandler_Stephenson,chandler-stephenson,nhl_toi_position,2026-05-28
118,Jordan Eberle,R,f1,f1:R,SEA,SEA,seattle-kraken,Seattle,8474586,Jordan_Eberle,jordan-eberle,nhl_toi_position,2026-05-28
119,Brandon Montour,D,d1,d1:D,SEA,SEA,seattle-kraken,Seattle,8477986,Brandon_Montour,brandon-montour,nhl_toi_position,2026-05-28
120,Vince Dunn,D,d1,d1:D,SEA,SEA,seattle-kraken,Seattle,8478407,Vince_Dunn,vince-dunn,nhl_toi_position,2026-05-28
121,Dylan Holloway,L,f1,f1:L,STL,STL,st-louis-blues,St. Louis,8482077,Dylan_Holloway,dylan-holloway,nhl_toi_position,2026-05-28
122,Robert Thomas,C,f1,f1:C,STL,STL,st-louis-blues,St. Louis,8480023,Robert_Thomas,robert-thomas,nhl_toi_position,2026-05-28
123,Jimmy Snuggerud,R,f1,f1:R,STL,STL,st-louis-blues,St. Louis,8483516,Jimmy_Snuggerud,jimmy-snuggerud,nhl_toi_position,2026-05-28
124,Philip Broberg,D,d1,d1:D,STL,STL,st-louis-blues,St. Louis,8481598,Philip_Broberg,philip-broberg,nhl_toi_position,2026-05-28
125,Colton Parayko,D,d1,d1:D,STL,STL,st-louis-blues,St. Louis,8476892,Colton_Parayko,colton-parayko,nhl_toi_position,2026-05-28
126,Brandon Hagel,L,f1,f1:L,TB,TBL,tampa-bay-lightning,Tampa Bay,8479542,Brandon_Hagel,brandon-hagel,nhl_toi_position,2026-05-28
127,Jake Guentzel,C,f1,f1:C,TB,TBL,tampa-bay-lightning,Tampa Bay,8477404,Jake_Guentzel,jake-guentzel,nhl_toi_position,2026-05-28
128,Nikita Kucherov,R,f1,f1:R,TB,TBL,tampa-bay-lightning,Tampa Bay,8476453,Nikita_Kucherov,nikita-kucherov,nhl_toi_position,2026-05-28
129,Darren Raddysh,D,d1,d1:D,TB,TBL,tampa-bay-lightning,Tampa Bay,8478178,Darren_Raddysh,darren-raddysh,nhl_toi_position,2026-05-28
130,J.J. Moser,D,d1,d1:D,TB,TBL,tampa-bay-lightning,Tampa Bay,8482655,J.J._Moser,jj-moser,nhl_toi_position,2026-05-28
131,Matthew Knies,L,f1,f1:L,TOR,TOR,toronto-maple-leafs,Toronto,8482720,Matthew_Knies,matthew-knies,nhl_toi_position,2026-05-28
132,Auston Matthews,C,f1,f1:C,TOR,TOR,toronto-maple-leafs,Toronto,8479318,Auston_Matthews,auston-matthews,nhl_toi_position,2026-05-28
133,William Nylander,R,f1,f1:R,TOR,TOR,toronto-maple-leafs,Toronto,8477939,William_Nylander,william-nylander,nhl_toi_position,2026-05-28
134,Jake McCabe,D,d1,d1:D,TOR,TOR,toronto-maple-leafs,Toronto,8476931,Jake_McCabe,jake-mccabe,nhl_toi_position,2026-05-28
135,Morgan Rielly,D,d1,d1:D,TOR,TOR,toronto-maple-leafs,Toronto,8476853,Morgan_Rielly,morgan-rielly,nhl_toi_position,2026-05-28
136,Lawson Crouse,L,f1,f1:L,UTA,UTA,utah-mammoth,Utah,8478474,Lawson_Crouse,lawson-crouse,nhl_toi_position,2026-05-28
137,Nick Schmaltz,C,f1,f1:C,UTA,UTA,utah-mammoth,Utah,8477951,Nick_Schmaltz,nick-schmaltz,nhl_toi_position,2026-05-28
138,Clayton Keller,R,f1,f1:R,UTA,UTA,utah-mammoth,Utah,8479343,Clayton_Keller,clayton-keller,nhl_toi_position,2026-05-28
139,Mikhail Sergachev,D,d1,d1:D,UTA,UTA,utah-mammoth,Utah,8479410,Mikhail_Sergachev,mikhail-sergachev,nhl_toi_position,2026-05-28
140,MacKenzie Weegar,D,d1,d1:D,UTA,UTA,utah-mammoth,Utah,8477346,MacKenzie_Weegar,mackenzie-weegar,nhl_toi_position,2026-05-28
141,Jake DeBrusk,L,f1,f1:L,VAN,VAN,vancouver-canucks,Vancouver,8478498,Jake_DeBrusk,jake-debrusk,nhl_toi_position,2026-05-28
142,Elias Pettersson,C,f1,f1:C,VAN,VAN,vancouver-canucks,Vancouver,8480012,Elias_Pettersson,elias-pettersson,nhl_toi_position,2026-05-28
143,Brock Boeser,R,f1,f1:R,VAN,VAN,vancouver-canucks,Vancouver,8478444,Brock_Boeser,brock-boeser,nhl_toi_position,2026-05-28
144,Filip Hronek,D,d1,d1:D,VAN,VAN,vancouver-canucks,Vancouver,8479425,Filip_Hronek,filip-hronek,nhl_toi_position,2026-05-28
145,Marcus Pettersson,D,d1,d1:D,VAN,VAN,vancouver-canucks,Vancouver,8477969,Marcus_Pettersson,marcus-pettersson,nhl_toi_position,2026-05-28
146,Ivan Barbashev,L,f1,f1:L,VEG,VGK,vegas-golden-knights,Vegas,8477964,Ivan_Barbashev,ivan-barbashev,nhl_toi_position,2026-05-28
147,Jack Eichel,C,f1,f1:C,VEG,VGK,vegas-golden-knights,Vegas,8478403,Jack_Eichel,jack-eichel,nhl_toi_position,2026-05-28
148,Mitch Marner,R,f1,f1:R,VEG,VGK,vegas-golden-knights,Vegas,8478483,Mitch_Marner,mitch-marner,nhl_toi_position,2026-05-28
149,Rasmus Andersson,D,d1,d1:D,VEG,VGK,vegas-golden-knights,Vegas,8478397,Rasmus_Andersson,rasmus-andersson,nhl_toi_position,2026-05-28
150,Shea Theodore,D,d1,d1:D,VEG,VGK,vegas-golden-knights,Vegas,8477447,Shea_Theodore,shea-theodore,nhl_toi_position,2026-05-28
151,Aliaksei Protas,L,f1,f1:L,WAS,WSH,washington-capitals,Washington,8481656,Aliaksei_Protas,aliaksei-protas,nhl_toi_position,2026-05-28
152,Dylan Strome,C,f1,f1:C,WAS,WSH,washington-capitals,Washington,8478440,Dylan_Strome,dylan-strome,nhl_toi_position,2026-05-28
153,Tom Wilson,R,f1,f1:R,WAS,WSH,washington-capitals,Washington,8476880,Tom_Wilson,tom-wilson,nhl_toi_position,2026-05-28
154,Jakob Chychrun,D,d1,d1:D,WAS,WSH,washington-capitals,Washington,8479345,Jakob_Chychrun,jakob-chychrun,nhl_toi_position,2026-05-28
155,Matt Roy,D,d1,d1:D,WAS,WSH,washington-capitals,Washington,8478911,Matt_Roy,matt-roy,nhl_toi_position,2026-05-28
156,Kyle Connor,L,f1,f1:L,WPG,WPG,winnipeg-jets,Winnipeg,8478398,Kyle_Connor,kyle-connor,nhl_toi_position,2026-05-28
157,Mark Scheifele,C,f1,f1:C,WPG,WPG,winnipeg-jets,Winnipeg,8476460,Mark_Scheifele,mark-scheifele,nhl_toi_position,2026-05-28
158,Nino Niederreiter,R,f1,f1:R,WPG,WPG,winnipeg-jets,Winnipeg,8475799,Nino_Niederreiter,nino-niederreiter,nhl_toi_position,2026-05-28
159,Josh Morrissey,D,d1,d1:D,WPG,WPG,winnipeg-jets,Winnipeg,8477504,Josh_Morrissey,josh-morrissey,nhl_toi_position,2026-05-28
160,Neal Pionk,D,d1,d1:D,WPG,WPG,winnipeg-jets,Winnipeg,8480145,Neal_Pionk,neal-pionk,nhl_toi_position,2026-05-28
